Cidade_Busca;Nome_Imobiliaria;Telefone;Link_WhatsApp
"Pontal do Parana PR";"Casa Alfa - Imobiliária Pontal do Paraná";"(41) 99280-5800";"https://wa.me/5541992805800?text=Ol%C3%A1%2C%20equipe%20da%20Casa%20Alfa%20-%20Imobili%C3%A1ria%20Pontal%20do%20Paran%C3%A1!%20Tudo%20bem%3F%0A%0AAcompanhamos%20o%20destaque%20de%20voc%C3%AAs%20no%20mercado%20imobili%C3%A1rio%20e%20gostar%C3%ADamos%20de%20convidar%20sua%20imobili%C3%A1ria%20para%20divulgar%20sua%20carteira%20de%20im%C3%B3veis%20no%20*Portal%20Esfinge%20Im%C3%B3veis*.%0A%0A%F0%9F%9B%A1%EF%B8%8F%20*Diferenciais%20para%20Imobili%C3%A1rias%3A*%0A1.%20*Zero%20Taxa%20de%20Corretagem%3A*%20Somos%20uma%20vitrine%20tecnol%C3%B3gica%20de%20aproxima%C3%A7%C3%A3o.%20O%20comprador%20%C3%A9%20100%25%20seu.%0A2.%20*Leads%20Diretos%3A*%20O%20cliente%20interessado%20clica%20no%20im%C3%B3vel%20e%20fala%20direto%20com%20o%20seu%20corretor%20no%20WhatsApp.%0A3.%20*Cadastro%20%C3%81gil%3A*%20Basta%20colar%20o%20link%20do%20seu%20an%C3%BAncio%20para%20importar%20em%20segundos.%0A%0AConhe%C3%A7a%20nosso%20portal%20oficial%3A%20https%3A%2F%2Fportalesfingeimoveis.com.br%0A%0A%22N%C3%B3s%20n%C3%A3o%20somos%20uma%20imobili%C3%A1ria%20disputando%20o%20seu%20cliente.%20O%20Portal%20Esfinge%20%C3%A9%20a%20vitrine%20tecnol%C3%B3gica%20do%20Paran%C3%A1%20criada%20para%20conectar%20o%20comprador%20diretamente%20ao%20seu%20WhatsApp.%22%0A%0APodemos%20agendar%20uma%20demonstra%C3%A7%C3%A3o%20r%C3%A1pida%20sem%20compromisso%3F"
"Pontal do Parana PR";"Ilha do Mel Imóveis Praia de Leste - Imobiliária Pontal do Paraná";"(41) 99659-3861";"https://wa.me/5541996593861?text=Ol%C3%A1%2C%20equipe%20da%20Ilha%20do%20Mel%20Im%C3%B3veis%20Praia%20de%20Leste%20-%20Imobili%C3%A1ria%20Pontal%20do%20Paran%C3%A1!%20Tudo%20bem%3F%0A%0AAcompanhamos%20o%20destaque%20de%20voc%C3%AAs%20no%20mercado%20imobili%C3%A1rio%20e%20gostar%C3%ADamos%20de%20convidar%20sua%20imobili%C3%A1ria%20para%20divulgar%20sua%20carteira%20de%20im%C3%B3veis%20no%20*Portal%20Esfinge%20Im%C3%B3veis*.%0A%0A%F0%9F%9B%A1%EF%B8%8F%20*Diferenciais%20para%20Imobili%C3%A1rias%3A*%0A1.%20*Zero%20Taxa%20de%20Corretagem%3A*%20Somos%20uma%20vitrine%20tecnol%C3%B3gica%20de%20aproxima%C3%A7%C3%A3o.%20O%20comprador%20%C3%A9%20100%25%20seu.%0A2.%20*Leads%20Diretos%3A*%20O%20cliente%20interessado%20clica%20no%20im%C3%B3vel%20e%20fala%20direto%20com%20o%20seu%20corretor%20no%20WhatsApp.%0A3.%20*Cadastro%20%C3%81gil%3A*%20Basta%20colar%20o%20link%20do%20seu%20an%C3%BAncio%20para%20importar%20em%20segundos.%0A%0AConhe%C3%A7a%20nosso%20portal%20oficial%3A%20https%3A%2F%2Fportalesfingeimoveis.com.br%0A%0A%22N%C3%B3s%20n%C3%A3o%20somos%20uma%20imobili%C3%A1ria%20disputando%20o%20seu%20cliente.%20O%20Portal%20Esfinge%20%C3%A9%20a%20vitrine%20tecnol%C3%B3gica%20do%20Paran%C3%A1%20criada%20para%20conectar%20o%20comprador%20diretamente%20ao%20seu%20WhatsApp.%22%0A%0APodemos%20agendar%20uma%20demonstra%C3%A7%C3%A3o%20r%C3%A1pida%20sem%20compromisso%3F"
"Pontal do Parana PR";"Atlântico Sul Imóveis";"(41) 3458-1111";"https://wa.me/554134581111?text=Ol%C3%A1%2C%20equipe%20da%20Atl%C3%A2ntico%20Sul%20Im%C3%B3veis!%20Tudo%20bem%3F%0A%0AAcompanhamos%20o%20destaque%20de%20voc%C3%AAs%20no%20mercado%20imobili%C3%A1rio%20e%20gostar%C3%ADamos%20de%20convidar%20sua%20imobili%C3%A1ria%20para%20divulgar%20sua%20carteira%20de%20im%C3%B3veis%20no%20*Portal%20Esfinge%20Im%C3%B3veis*.%0A%0A%F0%9F%9B%A1%EF%B8%8F%20*Diferenciais%20para%20Imobili%C3%A1rias%3A*%0A1.%20*Zero%20Taxa%20de%20Corretagem%3A*%20Somos%20uma%20vitrine%20tecnol%C3%B3gica%20de%20aproxima%C3%A7%C3%A3o.%20O%20comprador%20%C3%A9%20100%25%20seu.%0A2.%20*Leads%20Diretos%3A*%20O%20cliente%20interessado%20clica%20no%20im%C3%B3vel%20e%20fala%20direto%20com%20o%20seu%20corretor%20no%20WhatsApp.%0A3.%20*Cadastro%20%C3%81gil%3A*%20Basta%20colar%20o%20link%20do%20seu%20an%C3%BAncio%20para%20importar%20em%20segundos.%0A%0AConhe%C3%A7a%20nosso%20portal%20oficial%3A%20https%3A%2F%2Fportalesfingeimoveis.com.br%0A%0A%22N%C3%B3s%20n%C3%A3o%20somos%20uma%20imobili%C3%A1ria%20disputando%20o%20seu%20cliente.%20O%20Portal%20Esfinge%20%C3%A9%20a%20vitrine%20tecnol%C3%B3gica%20do%20Paran%C3%A1%20criada%20para%20conectar%20o%20comprador%20diretamente%20ao%20seu%20WhatsApp.%22%0A%0APodemos%20agendar%20uma%20demonstra%C3%A7%C3%A3o%20r%C3%A1pida%20sem%20compromisso%3F"
"Pontal do Parana PR";"Litoral Leste Imóveis";"(41) 99589-5355";"https://wa.me/5541995895355?text=Ol%C3%A1%2C%20equipe%20da%20Litoral%20Leste%20Im%C3%B3veis!%20Tudo%20bem%3F%0A%0AAcompanhamos%20o%20destaque%20de%20voc%C3%AAs%20no%20mercado%20imobili%C3%A1rio%20e%20gostar%C3%ADamos%20de%20convidar%20sua%20imobili%C3%A1ria%20para%20divulgar%20sua%20carteira%20de%20im%C3%B3veis%20no%20*Portal%20Esfinge%20Im%C3%B3veis*.%0A%0A%F0%9F%9B%A1%EF%B8%8F%20*Diferenciais%20para%20Imobili%C3%A1rias%3A*%0A1.%20*Zero%20Taxa%20de%20Corretagem%3A*%20Somos%20uma%20vitrine%20tecnol%C3%B3gica%20de%20aproxima%C3%A7%C3%A3o.%20O%20comprador%20%C3%A9%20100%25%20seu.%0A2.%20*Leads%20Diretos%3A*%20O%20cliente%20interessado%20clica%20no%20im%C3%B3vel%20e%20fala%20direto%20com%20o%20seu%20corretor%20no%20WhatsApp.%0A3.%20*Cadastro%20%C3%81gil%3A*%20Basta%20colar%20o%20link%20do%20seu%20an%C3%BAncio%20para%20importar%20em%20segundos.%0A%0AConhe%C3%A7a%20nosso%20portal%20oficial%3A%20https%3A%2F%2Fportalesfingeimoveis.com.br%0A%0A%22N%C3%B3s%20n%C3%A3o%20somos%20uma%20imobili%C3%A1ria%20disputando%20o%20seu%20cliente.%20O%20Portal%20Esfinge%20%C3%A9%20a%20vitrine%20tecnol%C3%B3gica%20do%20Paran%C3%A1%20criada%20para%20conectar%20o%20comprador%20diretamente%20ao%20seu%20WhatsApp.%22%0A%0APodemos%20agendar%20uma%20demonstra%C3%A7%C3%A3o%20r%C3%A1pida%20sem%20compromisso%3F"
"Pontal do Parana PR";"Sua Praia Imoveis";"(41) 99116-2339";"https://wa.me/5541991162339?text=Ol%C3%A1%2C%20equipe%20da%20Sua%20Praia%20Imoveis!%20Tudo%20bem%3F%0A%0AAcompanhamos%20o%20destaque%20de%20voc%C3%AAs%20no%20mercado%20imobili%C3%A1rio%20e%20gostar%C3%ADamos%20de%20convidar%20sua%20imobili%C3%A1ria%20para%20divulgar%20sua%20carteira%20de%20im%C3%B3veis%20no%20*Portal%20Esfinge%20Im%C3%B3veis*.%0A%0A%F0%9F%9B%A1%EF%B8%8F%20*Diferenciais%20para%20Imobili%C3%A1rias%3A*%0A1.%20*Zero%20Taxa%20de%20Corretagem%3A*%20Somos%20uma%20vitrine%20tecnol%C3%B3gica%20de%20aproxima%C3%A7%C3%A3o.%20O%20comprador%20%C3%A9%20100%25%20seu.%0A2.%20*Leads%20Diretos%3A*%20O%20cliente%20interessado%20clica%20no%20im%C3%B3vel%20e%20fala%20direto%20com%20o%20seu%20corretor%20no%20WhatsApp.%0A3.%20*Cadastro%20%C3%81gil%3A*%20Basta%20colar%20o%20link%20do%20seu%20an%C3%BAncio%20para%20importar%20em%20segundos.%0A%0AConhe%C3%A7a%20nosso%20portal%20oficial%3A%20https%3A%2F%2Fportalesfingeimoveis.com.br%0A%0A%22N%C3%B3s%20n%C3%A3o%20somos%20uma%20imobili%C3%A1ria%20disputando%20o%20seu%20cliente.%20O%20Portal%20Esfinge%20%C3%A9%20a%20vitrine%20tecnol%C3%B3gica%20do%20Paran%C3%A1%20criada%20para%20conectar%20o%20comprador%20diretamente%20ao%20seu%20WhatsApp.%22%0A%0APodemos%20agendar%20uma%20demonstra%C3%A7%C3%A3o%20r%C3%A1pida%20sem%20compromisso%3F"
"Pontal do Parana PR";"Imobiliária Litoral do Paraná";"(41) 99241-3731";"https://wa.me/5541992413731?text=Ol%C3%A1%2C%20equipe%20da%20Imobili%C3%A1ria%20Litoral%20do%20Paran%C3%A1!%20Tudo%20bem%3F%0A%0AAcompanhamos%20o%20destaque%20de%20voc%C3%AAs%20no%20mercado%20imobili%C3%A1rio%20e%20gostar%C3%ADamos%20de%20convidar%20sua%20imobili%C3%A1ria%20para%20divulgar%20sua%20carteira%20de%20im%C3%B3veis%20no%20*Portal%20Esfinge%20Im%C3%B3veis*.%0A%0A%F0%9F%9B%A1%EF%B8%8F%20*Diferenciais%20para%20Imobili%C3%A1rias%3A*%0A1.%20*Zero%20Taxa%20de%20Corretagem%3A*%20Somos%20uma%20vitrine%20tecnol%C3%B3gica%20de%20aproxima%C3%A7%C3%A3o.%20O%20comprador%20%C3%A9%20100%25%20seu.%0A2.%20*Leads%20Diretos%3A*%20O%20cliente%20interessado%20clica%20no%20im%C3%B3vel%20e%20fala%20direto%20com%20o%20seu%20corretor%20no%20WhatsApp.%0A3.%20*Cadastro%20%C3%81gil%3A*%20Basta%20colar%20o%20link%20do%20seu%20an%C3%BAncio%20para%20importar%20em%20segundos.%0A%0AConhe%C3%A7a%20nosso%20portal%20oficial%3A%20https%3A%2F%2Fportalesfingeimoveis.com.br%0A%0A%22N%C3%B3s%20n%C3%A3o%20somos%20uma%20imobili%C3%A1ria%20disputando%20o%20seu%20cliente.%20O%20Portal%20Esfinge%20%C3%A9%20a%20vitrine%20tecnol%C3%B3gica%20do%20Paran%C3%A1%20criada%20para%20conectar%20o%20comprador%20diretamente%20ao%20seu%20WhatsApp.%22%0A%0APodemos%20agendar%20uma%20demonstra%C3%A7%C3%A3o%20r%C3%A1pida%20sem%20compromisso%3F"
"Pontal do Parana PR";"Morar Imóveis Praia de Leste";"(41) 99975-6680";"https://wa.me/5541999756680?text=Ol%C3%A1%2C%20equipe%20da%20Morar%20Im%C3%B3veis%20Praia%20de%20Leste!%20Tudo%20bem%3F%0A%0AAcompanhamos%20o%20destaque%20de%20voc%C3%AAs%20no%20mercado%20imobili%C3%A1rio%20e%20gostar%C3%ADamos%20de%20convidar%20sua%20imobili%C3%A1ria%20para%20divulgar%20sua%20carteira%20de%20im%C3%B3veis%20no%20*Portal%20Esfinge%20Im%C3%B3veis*.%0A%0A%F0%9F%9B%A1%EF%B8%8F%20*Diferenciais%20para%20Imobili%C3%A1rias%3A*%0A1.%20*Zero%20Taxa%20de%20Corretagem%3A*%20Somos%20uma%20vitrine%20tecnol%C3%B3gica%20de%20aproxima%C3%A7%C3%A3o.%20O%20comprador%20%C3%A9%20100%25%20seu.%0A2.%20*Leads%20Diretos%3A*%20O%20cliente%20interessado%20clica%20no%20im%C3%B3vel%20e%20fala%20direto%20com%20o%20seu%20corretor%20no%20WhatsApp.%0A3.%20*Cadastro%20%C3%81gil%3A*%20Basta%20colar%20o%20link%20do%20seu%20an%C3%BAncio%20para%20importar%20em%20segundos.%0A%0AConhe%C3%A7a%20nosso%20portal%20oficial%3A%20https%3A%2F%2Fportalesfingeimoveis.com.br%0A%0A%22N%C3%B3s%20n%C3%A3o%20somos%20uma%20imobili%C3%A1ria%20disputando%20o%20seu%20cliente.%20O%20Portal%20Esfinge%20%C3%A9%20a%20vitrine%20tecnol%C3%B3gica%20do%20Paran%C3%A1%20criada%20para%20conectar%20o%20comprador%20diretamente%20ao%20seu%20WhatsApp.%22%0A%0APodemos%20agendar%20uma%20demonstra%C3%A7%C3%A3o%20r%C3%A1pida%20sem%20compromisso%3F"
"Pontal do Parana PR";"M Machado Imobiliária Pontal do Paraná";"(41) 99805-9605";"https://wa.me/5541998059605?text=Ol%C3%A1%2C%20equipe%20da%20M%20Machado%20Imobili%C3%A1ria%20Pontal%20do%20Paran%C3%A1!%20Tudo%20bem%3F%0A%0AAcompanhamos%20o%20destaque%20de%20voc%C3%AAs%20no%20mercado%20imobili%C3%A1rio%20e%20gostar%C3%ADamos%20de%20convidar%20sua%20imobili%C3%A1ria%20para%20divulgar%20sua%20carteira%20de%20im%C3%B3veis%20no%20*Portal%20Esfinge%20Im%C3%B3veis*.%0A%0A%F0%9F%9B%A1%EF%B8%8F%20*Diferenciais%20para%20Imobili%C3%A1rias%3A*%0A1.%20*Zero%20Taxa%20de%20Corretagem%3A*%20Somos%20uma%20vitrine%20tecnol%C3%B3gica%20de%20aproxima%C3%A7%C3%A3o.%20O%20comprador%20%C3%A9%20100%25%20seu.%0A2.%20*Leads%20Diretos%3A*%20O%20cliente%20interessado%20clica%20no%20im%C3%B3vel%20e%20fala%20direto%20com%20o%20seu%20corretor%20no%20WhatsApp.%0A3.%20*Cadastro%20%C3%81gil%3A*%20Basta%20colar%20o%20link%20do%20seu%20an%C3%BAncio%20para%20importar%20em%20segundos.%0A%0AConhe%C3%A7a%20nosso%20portal%20oficial%3A%20https%3A%2F%2Fportalesfingeimoveis.com.br%0A%0A%22N%C3%B3s%20n%C3%A3o%20somos%20uma%20imobili%C3%A1ria%20disputando%20o%20seu%20cliente.%20O%20Portal%20Esfinge%20%C3%A9%20a%20vitrine%20tecnol%C3%B3gica%20do%20Paran%C3%A1%20criada%20para%20conectar%20o%20comprador%20diretamente%20ao%20seu%20WhatsApp.%22%0A%0APodemos%20agendar%20uma%20demonstra%C3%A7%C3%A3o%20r%C3%A1pida%20sem%20compromisso%3F"
"Pontal do Parana PR";"Imobiliária Tropical Sul Imóveis";"(41) 99514-9306";"https://wa.me/5541995149306?text=Ol%C3%A1%2C%20equipe%20da%20Imobili%C3%A1ria%20Tropical%20Sul%20Im%C3%B3veis!%20Tudo%20bem%3F%0A%0AAcompanhamos%20o%20destaque%20de%20voc%C3%AAs%20no%20mercado%20imobili%C3%A1rio%20e%20gostar%C3%ADamos%20de%20convidar%20sua%20imobili%C3%A1ria%20para%20divulgar%20sua%20carteira%20de%20im%C3%B3veis%20no%20*Portal%20Esfinge%20Im%C3%B3veis*.%0A%0A%F0%9F%9B%A1%EF%B8%8F%20*Diferenciais%20para%20Imobili%C3%A1rias%3A*%0A1.%20*Zero%20Taxa%20de%20Corretagem%3A*%20Somos%20uma%20vitrine%20tecnol%C3%B3gica%20de%20aproxima%C3%A7%C3%A3o.%20O%20comprador%20%C3%A9%20100%25%20seu.%0A2.%20*Leads%20Diretos%3A*%20O%20cliente%20interessado%20clica%20no%20im%C3%B3vel%20e%20fala%20direto%20com%20o%20seu%20corretor%20no%20WhatsApp.%0A3.%20*Cadastro%20%C3%81gil%3A*%20Basta%20colar%20o%20link%20do%20seu%20an%C3%BAncio%20para%20importar%20em%20segundos.%0A%0AConhe%C3%A7a%20nosso%20portal%20oficial%3A%20https%3A%2F%2Fportalesfingeimoveis.com.br%0A%0A%22N%C3%B3s%20n%C3%A3o%20somos%20uma%20imobili%C3%A1ria%20disputando%20o%20seu%20cliente.%20O%20Portal%20Esfinge%20%C3%A9%20a%20vitrine%20tecnol%C3%B3gica%20do%20Paran%C3%A1%20criada%20para%20conectar%20o%20comprador%20diretamente%20ao%20seu%20WhatsApp.%22%0A%0APodemos%20agendar%20uma%20demonstra%C3%A7%C3%A3o%20r%C3%A1pida%20sem%20compromisso%3F"
"Pontal do Parana PR";"Imobiliária Vila Caiçara";"(41) 99675-4962";"https://wa.me/5541996754962?text=Ol%C3%A1%2C%20equipe%20da%20Imobili%C3%A1ria%20Vila%20Cai%C3%A7ara!%20Tudo%20bem%3F%0A%0AAcompanhamos%20o%20destaque%20de%20voc%C3%AAs%20no%20mercado%20imobili%C3%A1rio%20e%20gostar%C3%ADamos%20de%20convidar%20sua%20imobili%C3%A1ria%20para%20divulgar%20sua%20carteira%20de%20im%C3%B3veis%20no%20*Portal%20Esfinge%20Im%C3%B3veis*.%0A%0A%F0%9F%9B%A1%EF%B8%8F%20*Diferenciais%20para%20Imobili%C3%A1rias%3A*%0A1.%20*Zero%20Taxa%20de%20Corretagem%3A*%20Somos%20uma%20vitrine%20tecnol%C3%B3gica%20de%20aproxima%C3%A7%C3%A3o.%20O%20comprador%20%C3%A9%20100%25%20seu.%0A2.%20*Leads%20Diretos%3A*%20O%20cliente%20interessado%20clica%20no%20im%C3%B3vel%20e%20fala%20direto%20com%20o%20seu%20corretor%20no%20WhatsApp.%0A3.%20*Cadastro%20%C3%81gil%3A*%20Basta%20colar%20o%20link%20do%20seu%20an%C3%BAncio%20para%20importar%20em%20segundos.%0A%0AConhe%C3%A7a%20nosso%20portal%20oficial%3A%20https%3A%2F%2Fportalesfingeimoveis.com.br%0A%0A%22N%C3%B3s%20n%C3%A3o%20somos%20uma%20imobili%C3%A1ria%20disputando%20o%20seu%20cliente.%20O%20Portal%20Esfinge%20%C3%A9%20a%20vitrine%20tecnol%C3%B3gica%20do%20Paran%C3%A1%20criada%20para%20conectar%20o%20comprador%20diretamente%20ao%20seu%20WhatsApp.%22%0A%0APodemos%20agendar%20uma%20demonstra%C3%A7%C3%A3o%20r%C3%A1pida%20sem%20compromisso%3F"
"Pontal do Parana PR";"Imobiliária Magri";"(41) 3458-2030";"https://wa.me/554134582030?text=Ol%C3%A1%2C%20equipe%20da%20Imobili%C3%A1ria%20Magri!%20Tudo%20bem%3F%0A%0AAcompanhamos%20o%20destaque%20de%20voc%C3%AAs%20no%20mercado%20imobili%C3%A1rio%20e%20gostar%C3%ADamos%20de%20convidar%20sua%20imobili%C3%A1ria%20para%20divulgar%20sua%20carteira%20de%20im%C3%B3veis%20no%20*Portal%20Esfinge%20Im%C3%B3veis*.%0A%0A%F0%9F%9B%A1%EF%B8%8F%20*Diferenciais%20para%20Imobili%C3%A1rias%3A*%0A1.%20*Zero%20Taxa%20de%20Corretagem%3A*%20Somos%20uma%20vitrine%20tecnol%C3%B3gica%20de%20aproxima%C3%A7%C3%A3o.%20O%20comprador%20%C3%A9%20100%25%20seu.%0A2.%20*Leads%20Diretos%3A*%20O%20cliente%20interessado%20clica%20no%20im%C3%B3vel%20e%20fala%20direto%20com%20o%20seu%20corretor%20no%20WhatsApp.%0A3.%20*Cadastro%20%C3%81gil%3A*%20Basta%20colar%20o%20link%20do%20seu%20an%C3%BAncio%20para%20importar%20em%20segundos.%0A%0AConhe%C3%A7a%20nosso%20portal%20oficial%3A%20https%3A%2F%2Fportalesfingeimoveis.com.br%0A%0A%22N%C3%B3s%20n%C3%A3o%20somos%20uma%20imobili%C3%A1ria%20disputando%20o%20seu%20cliente.%20O%20Portal%20Esfinge%20%C3%A9%20a%20vitrine%20tecnol%C3%B3gica%20do%20Paran%C3%A1%20criada%20para%20conectar%20o%20comprador%20diretamente%20ao%20seu%20WhatsApp.%22%0A%0APodemos%20agendar%20uma%20demonstra%C3%A7%C3%A3o%20r%C3%A1pida%20sem%20compromisso%3F"
"Pontal do Parana PR";"Eraldo Imóveis - Imobiliária Pontal do Paraná";"(41) 99208-8844";"https://wa.me/5541992088844?text=Ol%C3%A1%2C%20equipe%20da%20Eraldo%20Im%C3%B3veis%20-%20Imobili%C3%A1ria%20Pontal%20do%20Paran%C3%A1!%20Tudo%20bem%3F%0A%0AAcompanhamos%20o%20destaque%20de%20voc%C3%AAs%20no%20mercado%20imobili%C3%A1rio%20e%20gostar%C3%ADamos%20de%20convidar%20sua%20imobili%C3%A1ria%20para%20divulgar%20sua%20carteira%20de%20im%C3%B3veis%20no%20*Portal%20Esfinge%20Im%C3%B3veis*.%0A%0A%F0%9F%9B%A1%EF%B8%8F%20*Diferenciais%20para%20Imobili%C3%A1rias%3A*%0A1.%20*Zero%20Taxa%20de%20Corretagem%3A*%20Somos%20uma%20vitrine%20tecnol%C3%B3gica%20de%20aproxima%C3%A7%C3%A3o.%20O%20comprador%20%C3%A9%20100%25%20seu.%0A2.%20*Leads%20Diretos%3A*%20O%20cliente%20interessado%20clica%20no%20im%C3%B3vel%20e%20fala%20direto%20com%20o%20seu%20corretor%20no%20WhatsApp.%0A3.%20*Cadastro%20%C3%81gil%3A*%20Basta%20colar%20o%20link%20do%20seu%20an%C3%BAncio%20para%20importar%20em%20segundos.%0A%0AConhe%C3%A7a%20nosso%20portal%20oficial%3A%20https%3A%2F%2Fportalesfingeimoveis.com.br%0A%0A%22N%C3%B3s%20n%C3%A3o%20somos%20uma%20imobili%C3%A1ria%20disputando%20o%20seu%20cliente.%20O%20Portal%20Esfinge%20%C3%A9%20a%20vitrine%20tecnol%C3%B3gica%20do%20Paran%C3%A1%20criada%20para%20conectar%20o%20comprador%20diretamente%20ao%20seu%20WhatsApp.%22%0A%0APodemos%20agendar%20uma%20demonstra%C3%A7%C3%A3o%20r%C3%A1pida%20sem%20compromisso%3F"
"Pontal do Parana PR";"Ana Claudia Basso Corretora de Imóveis";"(41) 99204-8104";"https://wa.me/5541992048104?text=Ol%C3%A1%2C%20equipe%20da%20Ana%20Claudia%20Basso%20Corretora%20de%20Im%C3%B3veis!%20Tudo%20bem%3F%0A%0AAcompanhamos%20o%20destaque%20de%20voc%C3%AAs%20no%20mercado%20imobili%C3%A1rio%20e%20gostar%C3%ADamos%20de%20convidar%20sua%20imobili%C3%A1ria%20para%20divulgar%20sua%20carteira%20de%20im%C3%B3veis%20no%20*Portal%20Esfinge%20Im%C3%B3veis*.%0A%0A%F0%9F%9B%A1%EF%B8%8F%20*Diferenciais%20para%20Imobili%C3%A1rias%3A*%0A1.%20*Zero%20Taxa%20de%20Corretagem%3A*%20Somos%20uma%20vitrine%20tecnol%C3%B3gica%20de%20aproxima%C3%A7%C3%A3o.%20O%20comprador%20%C3%A9%20100%25%20seu.%0A2.%20*Leads%20Diretos%3A*%20O%20cliente%20interessado%20clica%20no%20im%C3%B3vel%20e%20fala%20direto%20com%20o%20seu%20corretor%20no%20WhatsApp.%0A3.%20*Cadastro%20%C3%81gil%3A*%20Basta%20colar%20o%20link%20do%20seu%20an%C3%BAncio%20para%20importar%20em%20segundos.%0A%0AConhe%C3%A7a%20nosso%20portal%20oficial%3A%20https%3A%2F%2Fportalesfingeimoveis.com.br%0A%0A%22N%C3%B3s%20n%C3%A3o%20somos%20uma%20imobili%C3%A1ria%20disputando%20o%20seu%20cliente.%20O%20Portal%20Esfinge%20%C3%A9%20a%20vitrine%20tecnol%C3%B3gica%20do%20Paran%C3%A1%20criada%20para%20conectar%20o%20comprador%20diretamente%20ao%20seu%20WhatsApp.%22%0A%0APodemos%20agendar%20uma%20demonstra%C3%A7%C3%A3o%20r%C3%A1pida%20sem%20compromisso%3F"
"Pontal do Parana PR";"Mantovani Imóveis Pr";"(41) 99285-9847";"https://wa.me/5541992859847?text=Ol%C3%A1%2C%20equipe%20da%20Mantovani%20Im%C3%B3veis%20Pr!%20Tudo%20bem%3F%0A%0AAcompanhamos%20o%20destaque%20de%20voc%C3%AAs%20no%20mercado%20imobili%C3%A1rio%20e%20gostar%C3%ADamos%20de%20convidar%20sua%20imobili%C3%A1ria%20para%20divulgar%20sua%20carteira%20de%20im%C3%B3veis%20no%20*Portal%20Esfinge%20Im%C3%B3veis*.%0A%0A%F0%9F%9B%A1%EF%B8%8F%20*Diferenciais%20para%20Imobili%C3%A1rias%3A*%0A1.%20*Zero%20Taxa%20de%20Corretagem%3A*%20Somos%20uma%20vitrine%20tecnol%C3%B3gica%20de%20aproxima%C3%A7%C3%A3o.%20O%20comprador%20%C3%A9%20100%25%20seu.%0A2.%20*Leads%20Diretos%3A*%20O%20cliente%20interessado%20clica%20no%20im%C3%B3vel%20e%20fala%20direto%20com%20o%20seu%20corretor%20no%20WhatsApp.%0A3.%20*Cadastro%20%C3%81gil%3A*%20Basta%20colar%20o%20link%20do%20seu%20an%C3%BAncio%20para%20importar%20em%20segundos.%0A%0AConhe%C3%A7a%20nosso%20portal%20oficial%3A%20https%3A%2F%2Fportalesfingeimoveis.com.br%0A%0A%22N%C3%B3s%20n%C3%A3o%20somos%20uma%20imobili%C3%A1ria%20disputando%20o%20seu%20cliente.%20O%20Portal%20Esfinge%20%C3%A9%20a%20vitrine%20tecnol%C3%B3gica%20do%20Paran%C3%A1%20criada%20para%20conectar%20o%20comprador%20diretamente%20ao%20seu%20WhatsApp.%22%0A%0APodemos%20agendar%20uma%20demonstra%C3%A7%C3%A3o%20r%C3%A1pida%20sem%20compromisso%3F"
"Pontal do Parana PR";"Imobiliária Fertine Imóveis - Leblon - Pontal do Paraná";"(41) 99633-9410";"https://wa.me/5541996339410?text=Ol%C3%A1%2C%20equipe%20da%20Imobili%C3%A1ria%20Fertine%20Im%C3%B3veis%20-%20Leblon%20-%20Pontal%20do%20Paran%C3%A1!%20Tudo%20bem%3F%0A%0AAcompanhamos%20o%20destaque%20de%20voc%C3%AAs%20no%20mercado%20imobili%C3%A1rio%20e%20gostar%C3%ADamos%20de%20convidar%20sua%20imobili%C3%A1ria%20para%20divulgar%20sua%20carteira%20de%20im%C3%B3veis%20no%20*Portal%20Esfinge%20Im%C3%B3veis*.%0A%0A%F0%9F%9B%A1%EF%B8%8F%20*Diferenciais%20para%20Imobili%C3%A1rias%3A*%0A1.%20*Zero%20Taxa%20de%20Corretagem%3A*%20Somos%20uma%20vitrine%20tecnol%C3%B3gica%20de%20aproxima%C3%A7%C3%A3o.%20O%20comprador%20%C3%A9%20100%25%20seu.%0A2.%20*Leads%20Diretos%3A*%20O%20cliente%20interessado%20clica%20no%20im%C3%B3vel%20e%20fala%20direto%20com%20o%20seu%20corretor%20no%20WhatsApp.%0A3.%20*Cadastro%20%C3%81gil%3A*%20Basta%20colar%20o%20link%20do%20seu%20an%C3%BAncio%20para%20importar%20em%20segundos.%0A%0AConhe%C3%A7a%20nosso%20portal%20oficial%3A%20https%3A%2F%2Fportalesfingeimoveis.com.br%0A%0A%22N%C3%B3s%20n%C3%A3o%20somos%20uma%20imobili%C3%A1ria%20disputando%20o%20seu%20cliente.%20O%20Portal%20Esfinge%20%C3%A9%20a%20vitrine%20tecnol%C3%B3gica%20do%20Paran%C3%A1%20criada%20para%20conectar%20o%20comprador%20diretamente%20ao%20seu%20WhatsApp.%22%0A%0APodemos%20agendar%20uma%20demonstra%C3%A7%C3%A3o%20r%C3%A1pida%20sem%20compromisso%3F"
"Pontal do Parana PR";"Casa para alugar Praia de Leste";"(44) 99835-2203";"https://wa.me/5544998352203?text=Ol%C3%A1%2C%20equipe%20da%20Casa%20para%20alugar%20Praia%20de%20Leste!%20Tudo%20bem%3F%0A%0AAcompanhamos%20o%20destaque%20de%20voc%C3%AAs%20no%20mercado%20imobili%C3%A1rio%20e%20gostar%C3%ADamos%20de%20convidar%20sua%20imobili%C3%A1ria%20para%20divulgar%20sua%20carteira%20de%20im%C3%B3veis%20no%20*Portal%20Esfinge%20Im%C3%B3veis*.%0A%0A%F0%9F%9B%A1%EF%B8%8F%20*Diferenciais%20para%20Imobili%C3%A1rias%3A*%0A1.%20*Zero%20Taxa%20de%20Corretagem%3A*%20Somos%20uma%20vitrine%20tecnol%C3%B3gica%20de%20aproxima%C3%A7%C3%A3o.%20O%20comprador%20%C3%A9%20100%25%20seu.%0A2.%20*Leads%20Diretos%3A*%20O%20cliente%20interessado%20clica%20no%20im%C3%B3vel%20e%20fala%20direto%20com%20o%20seu%20corretor%20no%20WhatsApp.%0A3.%20*Cadastro%20%C3%81gil%3A*%20Basta%20colar%20o%20link%20do%20seu%20an%C3%BAncio%20para%20importar%20em%20segundos.%0A%0AConhe%C3%A7a%20nosso%20portal%20oficial%3A%20https%3A%2F%2Fportalesfingeimoveis.com.br%0A%0A%22N%C3%B3s%20n%C3%A3o%20somos%20uma%20imobili%C3%A1ria%20disputando%20o%20seu%20cliente.%20O%20Portal%20Esfinge%20%C3%A9%20a%20vitrine%20tecnol%C3%B3gica%20do%20Paran%C3%A1%20criada%20para%20conectar%20o%20comprador%20diretamente%20ao%20seu%20WhatsApp.%22%0A%0APodemos%20agendar%20uma%20demonstra%C3%A7%C3%A3o%20r%C3%A1pida%20sem%20compromisso%3F"
"Pontal do Parana PR";"Apolar Pontal do Paraná";"(41) 99827-0147";"https://wa.me/5541998270147?text=Ol%C3%A1%2C%20equipe%20da%20Apolar%20Pontal%20do%20Paran%C3%A1!%20Tudo%20bem%3F%0A%0AAcompanhamos%20o%20destaque%20de%20voc%C3%AAs%20no%20mercado%20imobili%C3%A1rio%20e%20gostar%C3%ADamos%20de%20convidar%20sua%20imobili%C3%A1ria%20para%20divulgar%20sua%20carteira%20de%20im%C3%B3veis%20no%20*Portal%20Esfinge%20Im%C3%B3veis*.%0A%0A%F0%9F%9B%A1%EF%B8%8F%20*Diferenciais%20para%20Imobili%C3%A1rias%3A*%0A1.%20*Zero%20Taxa%20de%20Corretagem%3A*%20Somos%20uma%20vitrine%20tecnol%C3%B3gica%20de%20aproxima%C3%A7%C3%A3o.%20O%20comprador%20%C3%A9%20100%25%20seu.%0A2.%20*Leads%20Diretos%3A*%20O%20cliente%20interessado%20clica%20no%20im%C3%B3vel%20e%20fala%20direto%20com%20o%20seu%20corretor%20no%20WhatsApp.%0A3.%20*Cadastro%20%C3%81gil%3A*%20Basta%20colar%20o%20link%20do%20seu%20an%C3%BAncio%20para%20importar%20em%20segundos.%0A%0AConhe%C3%A7a%20nosso%20portal%20oficial%3A%20https%3A%2F%2Fportalesfingeimoveis.com.br%0A%0A%22N%C3%B3s%20n%C3%A3o%20somos%20uma%20imobili%C3%A1ria%20disputando%20o%20seu%20cliente.%20O%20Portal%20Esfinge%20%C3%A9%20a%20vitrine%20tecnol%C3%B3gica%20do%20Paran%C3%A1%20criada%20para%20conectar%20o%20comprador%20diretamente%20ao%20seu%20WhatsApp.%22%0A%0APodemos%20agendar%20uma%20demonstra%C3%A7%C3%A3o%20r%C3%A1pida%20sem%20compromisso%3F"
"Pontal do Parana PR";"Rosely Corretora";"(41) 3458-6622";"https://wa.me/554134586622?text=Ol%C3%A1%2C%20equipe%20da%20Rosely%20Corretora!%20Tudo%20bem%3F%0A%0AAcompanhamos%20o%20destaque%20de%20voc%C3%AAs%20no%20mercado%20imobili%C3%A1rio%20e%20gostar%C3%ADamos%20de%20convidar%20sua%20imobili%C3%A1ria%20para%20divulgar%20sua%20carteira%20de%20im%C3%B3veis%20no%20*Portal%20Esfinge%20Im%C3%B3veis*.%0A%0A%F0%9F%9B%A1%EF%B8%8F%20*Diferenciais%20para%20Imobili%C3%A1rias%3A*%0A1.%20*Zero%20Taxa%20de%20Corretagem%3A*%20Somos%20uma%20vitrine%20tecnol%C3%B3gica%20de%20aproxima%C3%A7%C3%A3o.%20O%20comprador%20%C3%A9%20100%25%20seu.%0A2.%20*Leads%20Diretos%3A*%20O%20cliente%20interessado%20clica%20no%20im%C3%B3vel%20e%20fala%20direto%20com%20o%20seu%20corretor%20no%20WhatsApp.%0A3.%20*Cadastro%20%C3%81gil%3A*%20Basta%20colar%20o%20link%20do%20seu%20an%C3%BAncio%20para%20importar%20em%20segundos.%0A%0AConhe%C3%A7a%20nosso%20portal%20oficial%3A%20https%3A%2F%2Fportalesfingeimoveis.com.br%0A%0A%22N%C3%B3s%20n%C3%A3o%20somos%20uma%20imobili%C3%A1ria%20disputando%20o%20seu%20cliente.%20O%20Portal%20Esfinge%20%C3%A9%20a%20vitrine%20tecnol%C3%B3gica%20do%20Paran%C3%A1%20criada%20para%20conectar%20o%20comprador%20diretamente%20ao%20seu%20WhatsApp.%22%0A%0APodemos%20agendar%20uma%20demonstra%C3%A7%C3%A3o%20r%C3%A1pida%20sem%20compromisso%3F"
"Pontal do Parana PR";"Imobiliária Shaul";"(41) 99695-4457";"https://wa.me/5541996954457?text=Ol%C3%A1%2C%20equipe%20da%20Imobili%C3%A1ria%20Shaul!%20Tudo%20bem%3F%0A%0AAcompanhamos%20o%20destaque%20de%20voc%C3%AAs%20no%20mercado%20imobili%C3%A1rio%20e%20gostar%C3%ADamos%20de%20convidar%20sua%20imobili%C3%A1ria%20para%20divulgar%20sua%20carteira%20de%20im%C3%B3veis%20no%20*Portal%20Esfinge%20Im%C3%B3veis*.%0A%0A%F0%9F%9B%A1%EF%B8%8F%20*Diferenciais%20para%20Imobili%C3%A1rias%3A*%0A1.%20*Zero%20Taxa%20de%20Corretagem%3A*%20Somos%20uma%20vitrine%20tecnol%C3%B3gica%20de%20aproxima%C3%A7%C3%A3o.%20O%20comprador%20%C3%A9%20100%25%20seu.%0A2.%20*Leads%20Diretos%3A*%20O%20cliente%20interessado%20clica%20no%20im%C3%B3vel%20e%20fala%20direto%20com%20o%20seu%20corretor%20no%20WhatsApp.%0A3.%20*Cadastro%20%C3%81gil%3A*%20Basta%20colar%20o%20link%20do%20seu%20an%C3%BAncio%20para%20importar%20em%20segundos.%0A%0AConhe%C3%A7a%20nosso%20portal%20oficial%3A%20https%3A%2F%2Fportalesfingeimoveis.com.br%0A%0A%22N%C3%B3s%20n%C3%A3o%20somos%20uma%20imobili%C3%A1ria%20disputando%20o%20seu%20cliente.%20O%20Portal%20Esfinge%20%C3%A9%20a%20vitrine%20tecnol%C3%B3gica%20do%20Paran%C3%A1%20criada%20para%20conectar%20o%20comprador%20diretamente%20ao%20seu%20WhatsApp.%22%0A%0APodemos%20agendar%20uma%20demonstra%C3%A7%C3%A3o%20r%C3%A1pida%20sem%20compromisso%3F"
"Pontal do Parana PR";"Suzi Nascimento Corretora de Imóveis";"(41) 99292-3232";"https://wa.me/5541992923232?text=Ol%C3%A1%2C%20equipe%20da%20Suzi%20Nascimento%20Corretora%20de%20Im%C3%B3veis!%20Tudo%20bem%3F%0A%0AAcompanhamos%20o%20destaque%20de%20voc%C3%AAs%20no%20mercado%20imobili%C3%A1rio%20e%20gostar%C3%ADamos%20de%20convidar%20sua%20imobili%C3%A1ria%20para%20divulgar%20sua%20carteira%20de%20im%C3%B3veis%20no%20*Portal%20Esfinge%20Im%C3%B3veis*.%0A%0A%F0%9F%9B%A1%EF%B8%8F%20*Diferenciais%20para%20Imobili%C3%A1rias%3A*%0A1.%20*Zero%20Taxa%20de%20Corretagem%3A*%20Somos%20uma%20vitrine%20tecnol%C3%B3gica%20de%20aproxima%C3%A7%C3%A3o.%20O%20comprador%20%C3%A9%20100%25%20seu.%0A2.%20*Leads%20Diretos%3A*%20O%20cliente%20interessado%20clica%20no%20im%C3%B3vel%20e%20fala%20direto%20com%20o%20seu%20corretor%20no%20WhatsApp.%0A3.%20*Cadastro%20%C3%81gil%3A*%20Basta%20colar%20o%20link%20do%20seu%20an%C3%BAncio%20para%20importar%20em%20segundos.%0A%0AConhe%C3%A7a%20nosso%20portal%20oficial%3A%20https%3A%2F%2Fportalesfingeimoveis.com.br%0A%0A%22N%C3%B3s%20n%C3%A3o%20somos%20uma%20imobili%C3%A1ria%20disputando%20o%20seu%20cliente.%20O%20Portal%20Esfinge%20%C3%A9%20a%20vitrine%20tecnol%C3%B3gica%20do%20Paran%C3%A1%20criada%20para%20conectar%20o%20comprador%20diretamente%20ao%20seu%20WhatsApp.%22%0A%0APodemos%20agendar%20uma%20demonstra%C3%A7%C3%A3o%20r%C3%A1pida%20sem%20compromisso%3F"
"Pontal do Parana PR";"Casa para alugar Praia de Leste";"(44) 99835-2203";"https://wa.me/5544998352203?text=Ol%C3%A1%2C%20equipe%20da%20Casa%20para%20alugar%20Praia%20de%20Leste!%20Tudo%20bem%3F%0A%0AAcompanhamos%20o%20destaque%20de%20voc%C3%AAs%20no%20mercado%20imobili%C3%A1rio%20e%20gostar%C3%ADamos%20de%20convidar%20sua%20imobili%C3%A1ria%20para%20divulgar%20sua%20carteira%20de%20im%C3%B3veis%20no%20*Portal%20Esfinge%20Im%C3%B3veis*.%0A%0A%F0%9F%9B%A1%EF%B8%8F%20*Diferenciais%20para%20Imobili%C3%A1rias%3A*%0A1.%20*Zero%20Taxa%20de%20Corretagem%3A*%20Somos%20uma%20vitrine%20tecnol%C3%B3gica%20de%20aproxima%C3%A7%C3%A3o.%20O%20comprador%20%C3%A9%20100%25%20seu.%0A2.%20*Leads%20Diretos%3A*%20O%20cliente%20interessado%20clica%20no%20im%C3%B3vel%20e%20fala%20direto%20com%20o%20seu%20corretor%20no%20WhatsApp.%0A3.%20*Cadastro%20%C3%81gil%3A*%20Basta%20colar%20o%20link%20do%20seu%20an%C3%BAncio%20para%20importar%20em%20segundos.%0A%0AConhe%C3%A7a%20nosso%20portal%20oficial%3A%20https%3A%2F%2Fportalesfingeimoveis.com.br%0A%0A%22N%C3%B3s%20n%C3%A3o%20somos%20uma%20imobili%C3%A1ria%20disputando%20o%20seu%20cliente.%20O%20Portal%20Esfinge%20%C3%A9%20a%20vitrine%20tecnol%C3%B3gica%20do%20Paran%C3%A1%20criada%20para%20conectar%20o%20comprador%20diretamente%20ao%20seu%20WhatsApp.%22%0A%0APodemos%20agendar%20uma%20demonstra%C3%A7%C3%A3o%20r%C3%A1pida%20sem%20compromisso%3F"
"Pontal do Parana PR";"Corsário Imóveis";"(41) 99848-0011";"https://wa.me/5541998480011?text=Ol%C3%A1%2C%20equipe%20da%20Cors%C3%A1rio%20Im%C3%B3veis!%20Tudo%20bem%3F%0A%0AAcompanhamos%20o%20destaque%20de%20voc%C3%AAs%20no%20mercado%20imobili%C3%A1rio%20e%20gostar%C3%ADamos%20de%20convidar%20sua%20imobili%C3%A1ria%20para%20divulgar%20sua%20carteira%20de%20im%C3%B3veis%20no%20*Portal%20Esfinge%20Im%C3%B3veis*.%0A%0A%F0%9F%9B%A1%EF%B8%8F%20*Diferenciais%20para%20Imobili%C3%A1rias%3A*%0A1.%20*Zero%20Taxa%20de%20Corretagem%3A*%20Somos%20uma%20vitrine%20tecnol%C3%B3gica%20de%20aproxima%C3%A7%C3%A3o.%20O%20comprador%20%C3%A9%20100%25%20seu.%0A2.%20*Leads%20Diretos%3A*%20O%20cliente%20interessado%20clica%20no%20im%C3%B3vel%20e%20fala%20direto%20com%20o%20seu%20corretor%20no%20WhatsApp.%0A3.%20*Cadastro%20%C3%81gil%3A*%20Basta%20colar%20o%20link%20do%20seu%20an%C3%BAncio%20para%20importar%20em%20segundos.%0A%0AConhe%C3%A7a%20nosso%20portal%20oficial%3A%20https%3A%2F%2Fportalesfingeimoveis.com.br%0A%0A%22N%C3%B3s%20n%C3%A3o%20somos%20uma%20imobili%C3%A1ria%20disputando%20o%20seu%20cliente.%20O%20Portal%20Esfinge%20%C3%A9%20a%20vitrine%20tecnol%C3%B3gica%20do%20Paran%C3%A1%20criada%20para%20conectar%20o%20comprador%20diretamente%20ao%20seu%20WhatsApp.%22%0A%0APodemos%20agendar%20uma%20demonstra%C3%A7%C3%A3o%20r%C3%A1pida%20sem%20compromisso%3F"
"Pontal do Parana PR";"Ilha do Mel Imóveis Ipanema - Imobiliária Pontal do Paraná";"(41) 99522-6159";"https://wa.me/5541995226159?text=Ol%C3%A1%2C%20equipe%20da%20Ilha%20do%20Mel%20Im%C3%B3veis%20Ipanema%20-%20Imobili%C3%A1ria%20Pontal%20do%20Paran%C3%A1!%20Tudo%20bem%3F%0A%0AAcompanhamos%20o%20destaque%20de%20voc%C3%AAs%20no%20mercado%20imobili%C3%A1rio%20e%20gostar%C3%ADamos%20de%20convidar%20sua%20imobili%C3%A1ria%20para%20divulgar%20sua%20carteira%20de%20im%C3%B3veis%20no%20*Portal%20Esfinge%20Im%C3%B3veis*.%0A%0A%F0%9F%9B%A1%EF%B8%8F%20*Diferenciais%20para%20Imobili%C3%A1rias%3A*%0A1.%20*Zero%20Taxa%20de%20Corretagem%3A*%20Somos%20uma%20vitrine%20tecnol%C3%B3gica%20de%20aproxima%C3%A7%C3%A3o.%20O%20comprador%20%C3%A9%20100%25%20seu.%0A2.%20*Leads%20Diretos%3A*%20O%20cliente%20interessado%20clica%20no%20im%C3%B3vel%20e%20fala%20direto%20com%20o%20seu%20corretor%20no%20WhatsApp.%0A3.%20*Cadastro%20%C3%81gil%3A*%20Basta%20colar%20o%20link%20do%20seu%20an%C3%BAncio%20para%20importar%20em%20segundos.%0A%0AConhe%C3%A7a%20nosso%20portal%20oficial%3A%20https%3A%2F%2Fportalesfingeimoveis.com.br%0A%0A%22N%C3%B3s%20n%C3%A3o%20somos%20uma%20imobili%C3%A1ria%20disputando%20o%20seu%20cliente.%20O%20Portal%20Esfinge%20%C3%A9%20a%20vitrine%20tecnol%C3%B3gica%20do%20Paran%C3%A1%20criada%20para%20conectar%20o%20comprador%20diretamente%20ao%20seu%20WhatsApp.%22%0A%0APodemos%20agendar%20uma%20demonstra%C3%A7%C3%A3o%20r%C3%A1pida%20sem%20compromisso%3F"
"Pontal do Parana PR";"Casa para alugar Praia de Leste";"(41) 99931-0940";"https://wa.me/5541999310940?text=Ol%C3%A1%2C%20equipe%20da%20Casa%20para%20alugar%20Praia%20de%20Leste!%20Tudo%20bem%3F%0A%0AAcompanhamos%20o%20destaque%20de%20voc%C3%AAs%20no%20mercado%20imobili%C3%A1rio%20e%20gostar%C3%ADamos%20de%20convidar%20sua%20imobili%C3%A1ria%20para%20divulgar%20sua%20carteira%20de%20im%C3%B3veis%20no%20*Portal%20Esfinge%20Im%C3%B3veis*.%0A%0A%F0%9F%9B%A1%EF%B8%8F%20*Diferenciais%20para%20Imobili%C3%A1rias%3A*%0A1.%20*Zero%20Taxa%20de%20Corretagem%3A*%20Somos%20uma%20vitrine%20tecnol%C3%B3gica%20de%20aproxima%C3%A7%C3%A3o.%20O%20comprador%20%C3%A9%20100%25%20seu.%0A2.%20*Leads%20Diretos%3A*%20O%20cliente%20interessado%20clica%20no%20im%C3%B3vel%20e%20fala%20direto%20com%20o%20seu%20corretor%20no%20WhatsApp.%0A3.%20*Cadastro%20%C3%81gil%3A*%20Basta%20colar%20o%20link%20do%20seu%20an%C3%BAncio%20para%20importar%20em%20segundos.%0A%0AConhe%C3%A7a%20nosso%20portal%20oficial%3A%20https%3A%2F%2Fportalesfingeimoveis.com.br%0A%0A%22N%C3%B3s%20n%C3%A3o%20somos%20uma%20imobili%C3%A1ria%20disputando%20o%20seu%20cliente.%20O%20Portal%20Esfinge%20%C3%A9%20a%20vitrine%20tecnol%C3%B3gica%20do%20Paran%C3%A1%20criada%20para%20conectar%20o%20comprador%20diretamente%20ao%20seu%20WhatsApp.%22%0A%0APodemos%20agendar%20uma%20demonstra%C3%A7%C3%A3o%20r%C3%A1pida%20sem%20compromisso%3F"
"Pontal do Parana PR";"Gisele Imóveis";"(41) 99999-5758";"https://wa.me/5541999995758?text=Ol%C3%A1%2C%20equipe%20da%20Gisele%20Im%C3%B3veis!%20Tudo%20bem%3F%0A%0AAcompanhamos%20o%20destaque%20de%20voc%C3%AAs%20no%20mercado%20imobili%C3%A1rio%20e%20gostar%C3%ADamos%20de%20convidar%20sua%20imobili%C3%A1ria%20para%20divulgar%20sua%20carteira%20de%20im%C3%B3veis%20no%20*Portal%20Esfinge%20Im%C3%B3veis*.%0A%0A%F0%9F%9B%A1%EF%B8%8F%20*Diferenciais%20para%20Imobili%C3%A1rias%3A*%0A1.%20*Zero%20Taxa%20de%20Corretagem%3A*%20Somos%20uma%20vitrine%20tecnol%C3%B3gica%20de%20aproxima%C3%A7%C3%A3o.%20O%20comprador%20%C3%A9%20100%25%20seu.%0A2.%20*Leads%20Diretos%3A*%20O%20cliente%20interessado%20clica%20no%20im%C3%B3vel%20e%20fala%20direto%20com%20o%20seu%20corretor%20no%20WhatsApp.%0A3.%20*Cadastro%20%C3%81gil%3A*%20Basta%20colar%20o%20link%20do%20seu%20an%C3%BAncio%20para%20importar%20em%20segundos.%0A%0AConhe%C3%A7a%20nosso%20portal%20oficial%3A%20https%3A%2F%2Fportalesfingeimoveis.com.br%0A%0A%22N%C3%B3s%20n%C3%A3o%20somos%20uma%20imobili%C3%A1ria%20disputando%20o%20seu%20cliente.%20O%20Portal%20Esfinge%20%C3%A9%20a%20vitrine%20tecnol%C3%B3gica%20do%20Paran%C3%A1%20criada%20para%20conectar%20o%20comprador%20diretamente%20ao%20seu%20WhatsApp.%22%0A%0APodemos%20agendar%20uma%20demonstra%C3%A7%C3%A3o%20r%C3%A1pida%20sem%20compromisso%3F"
"Pontal do Parana PR";"Edson Imóveis";"(41) 99604-1412";"https://wa.me/5541996041412?text=Ol%C3%A1%2C%20equipe%20da%20Edson%20Im%C3%B3veis!%20Tudo%20bem%3F%0A%0AAcompanhamos%20o%20destaque%20de%20voc%C3%AAs%20no%20mercado%20imobili%C3%A1rio%20e%20gostar%C3%ADamos%20de%20convidar%20sua%20imobili%C3%A1ria%20para%20divulgar%20sua%20carteira%20de%20im%C3%B3veis%20no%20*Portal%20Esfinge%20Im%C3%B3veis*.%0A%0A%F0%9F%9B%A1%EF%B8%8F%20*Diferenciais%20para%20Imobili%C3%A1rias%3A*%0A1.%20*Zero%20Taxa%20de%20Corretagem%3A*%20Somos%20uma%20vitrine%20tecnol%C3%B3gica%20de%20aproxima%C3%A7%C3%A3o.%20O%20comprador%20%C3%A9%20100%25%20seu.%0A2.%20*Leads%20Diretos%3A*%20O%20cliente%20interessado%20clica%20no%20im%C3%B3vel%20e%20fala%20direto%20com%20o%20seu%20corretor%20no%20WhatsApp.%0A3.%20*Cadastro%20%C3%81gil%3A*%20Basta%20colar%20o%20link%20do%20seu%20an%C3%BAncio%20para%20importar%20em%20segundos.%0A%0AConhe%C3%A7a%20nosso%20portal%20oficial%3A%20https%3A%2F%2Fportalesfingeimoveis.com.br%0A%0A%22N%C3%B3s%20n%C3%A3o%20somos%20uma%20imobili%C3%A1ria%20disputando%20o%20seu%20cliente.%20O%20Portal%20Esfinge%20%C3%A9%20a%20vitrine%20tecnol%C3%B3gica%20do%20Paran%C3%A1%20criada%20para%20conectar%20o%20comprador%20diretamente%20ao%20seu%20WhatsApp.%22%0A%0APodemos%20agendar%20uma%20demonstra%C3%A7%C3%A3o%20r%C3%A1pida%20sem%20compromisso%3F"
"Pontal do Parana PR";"Ideal Litoral - Imóveis";"(41) 3458-2211";"https://wa.me/554134582211?text=Ol%C3%A1%2C%20equipe%20da%20Ideal%20Litoral%20-%20Im%C3%B3veis!%20Tudo%20bem%3F%0A%0AAcompanhamos%20o%20destaque%20de%20voc%C3%AAs%20no%20mercado%20imobili%C3%A1rio%20e%20gostar%C3%ADamos%20de%20convidar%20sua%20imobili%C3%A1ria%20para%20divulgar%20sua%20carteira%20de%20im%C3%B3veis%20no%20*Portal%20Esfinge%20Im%C3%B3veis*.%0A%0A%F0%9F%9B%A1%EF%B8%8F%20*Diferenciais%20para%20Imobili%C3%A1rias%3A*%0A1.%20*Zero%20Taxa%20de%20Corretagem%3A*%20Somos%20uma%20vitrine%20tecnol%C3%B3gica%20de%20aproxima%C3%A7%C3%A3o.%20O%20comprador%20%C3%A9%20100%25%20seu.%0A2.%20*Leads%20Diretos%3A*%20O%20cliente%20interessado%20clica%20no%20im%C3%B3vel%20e%20fala%20direto%20com%20o%20seu%20corretor%20no%20WhatsApp.%0A3.%20*Cadastro%20%C3%81gil%3A*%20Basta%20colar%20o%20link%20do%20seu%20an%C3%BAncio%20para%20importar%20em%20segundos.%0A%0AConhe%C3%A7a%20nosso%20portal%20oficial%3A%20https%3A%2F%2Fportalesfingeimoveis.com.br%0A%0A%22N%C3%B3s%20n%C3%A3o%20somos%20uma%20imobili%C3%A1ria%20disputando%20o%20seu%20cliente.%20O%20Portal%20Esfinge%20%C3%A9%20a%20vitrine%20tecnol%C3%B3gica%20do%20Paran%C3%A1%20criada%20para%20conectar%20o%20comprador%20diretamente%20ao%20seu%20WhatsApp.%22%0A%0APodemos%20agendar%20uma%20demonstra%C3%A7%C3%A3o%20r%C3%A1pida%20sem%20compromisso%3F"
"Pontal do Parana PR";"Michelli Moreira Corretora de Imóveis";"(41) 99551-6878";"https://wa.me/5541995516878?text=Ol%C3%A1%2C%20equipe%20da%20Michelli%20Moreira%20Corretora%20de%20Im%C3%B3veis!%20Tudo%20bem%3F%0A%0AAcompanhamos%20o%20destaque%20de%20voc%C3%AAs%20no%20mercado%20imobili%C3%A1rio%20e%20gostar%C3%ADamos%20de%20convidar%20sua%20imobili%C3%A1ria%20para%20divulgar%20sua%20carteira%20de%20im%C3%B3veis%20no%20*Portal%20Esfinge%20Im%C3%B3veis*.%0A%0A%F0%9F%9B%A1%EF%B8%8F%20*Diferenciais%20para%20Imobili%C3%A1rias%3A*%0A1.%20*Zero%20Taxa%20de%20Corretagem%3A*%20Somos%20uma%20vitrine%20tecnol%C3%B3gica%20de%20aproxima%C3%A7%C3%A3o.%20O%20comprador%20%C3%A9%20100%25%20seu.%0A2.%20*Leads%20Diretos%3A*%20O%20cliente%20interessado%20clica%20no%20im%C3%B3vel%20e%20fala%20direto%20com%20o%20seu%20corretor%20no%20WhatsApp.%0A3.%20*Cadastro%20%C3%81gil%3A*%20Basta%20colar%20o%20link%20do%20seu%20an%C3%BAncio%20para%20importar%20em%20segundos.%0A%0AConhe%C3%A7a%20nosso%20portal%20oficial%3A%20https%3A%2F%2Fportalesfingeimoveis.com.br%0A%0A%22N%C3%B3s%20n%C3%A3o%20somos%20uma%20imobili%C3%A1ria%20disputando%20o%20seu%20cliente.%20O%20Portal%20Esfinge%20%C3%A9%20a%20vitrine%20tecnol%C3%B3gica%20do%20Paran%C3%A1%20criada%20para%20conectar%20o%20comprador%20diretamente%20ao%20seu%20WhatsApp.%22%0A%0APodemos%20agendar%20uma%20demonstra%C3%A7%C3%A3o%20r%C3%A1pida%20sem%20compromisso%3F"
"Pontal do Parana PR";"Apolar Pontal do Paraná";"(41) 99827-0147";"https://wa.me/5541998270147?text=Ol%C3%A1%2C%20equipe%20da%20Apolar%20Pontal%20do%20Paran%C3%A1!%20Tudo%20bem%3F%0A%0AAcompanhamos%20o%20destaque%20de%20voc%C3%AAs%20no%20mercado%20imobili%C3%A1rio%20e%20gostar%C3%ADamos%20de%20convidar%20sua%20imobili%C3%A1ria%20para%20divulgar%20sua%20carteira%20de%20im%C3%B3veis%20no%20*Portal%20Esfinge%20Im%C3%B3veis*.%0A%0A%F0%9F%9B%A1%EF%B8%8F%20*Diferenciais%20para%20Imobili%C3%A1rias%3A*%0A1.%20*Zero%20Taxa%20de%20Corretagem%3A*%20Somos%20uma%20vitrine%20tecnol%C3%B3gica%20de%20aproxima%C3%A7%C3%A3o.%20O%20comprador%20%C3%A9%20100%25%20seu.%0A2.%20*Leads%20Diretos%3A*%20O%20cliente%20interessado%20clica%20no%20im%C3%B3vel%20e%20fala%20direto%20com%20o%20seu%20corretor%20no%20WhatsApp.%0A3.%20*Cadastro%20%C3%81gil%3A*%20Basta%20colar%20o%20link%20do%20seu%20an%C3%BAncio%20para%20importar%20em%20segundos.%0A%0AConhe%C3%A7a%20nosso%20portal%20oficial%3A%20https%3A%2F%2Fportalesfingeimoveis.com.br%0A%0A%22N%C3%B3s%20n%C3%A3o%20somos%20uma%20imobili%C3%A1ria%20disputando%20o%20seu%20cliente.%20O%20Portal%20Esfinge%20%C3%A9%20a%20vitrine%20tecnol%C3%B3gica%20do%20Paran%C3%A1%20criada%20para%20conectar%20o%20comprador%20diretamente%20ao%20seu%20WhatsApp.%22%0A%0APodemos%20agendar%20uma%20demonstra%C3%A7%C3%A3o%20r%C3%A1pida%20sem%20compromisso%3F"
"Pontal do Parana PR";"Wagner Imóveis Litoral";"Ver no Google Maps";"Telefone móvel não identificado"
"Pontal do Parana PR";"Via Mares Imobiliária";"(41) 99999-9024";"https://wa.me/5541999999024?text=Ol%C3%A1%2C%20equipe%20da%20Via%20Mares%20Imobili%C3%A1ria!%20Tudo%20bem%3F%0A%0AAcompanhamos%20o%20destaque%20de%20voc%C3%AAs%20no%20mercado%20imobili%C3%A1rio%20e%20gostar%C3%ADamos%20de%20convidar%20sua%20imobili%C3%A1ria%20para%20divulgar%20sua%20carteira%20de%20im%C3%B3veis%20no%20*Portal%20Esfinge%20Im%C3%B3veis*.%0A%0A%F0%9F%9B%A1%EF%B8%8F%20*Diferenciais%20para%20Imobili%C3%A1rias%3A*%0A1.%20*Zero%20Taxa%20de%20Corretagem%3A*%20Somos%20uma%20vitrine%20tecnol%C3%B3gica%20de%20aproxima%C3%A7%C3%A3o.%20O%20comprador%20%C3%A9%20100%25%20seu.%0A2.%20*Leads%20Diretos%3A*%20O%20cliente%20interessado%20clica%20no%20im%C3%B3vel%20e%20fala%20direto%20com%20o%20seu%20corretor%20no%20WhatsApp.%0A3.%20*Cadastro%20%C3%81gil%3A*%20Basta%20colar%20o%20link%20do%20seu%20an%C3%BAncio%20para%20importar%20em%20segundos.%0A%0AConhe%C3%A7a%20nosso%20portal%20oficial%3A%20https%3A%2F%2Fportalesfingeimoveis.com.br%0A%0A%22N%C3%B3s%20n%C3%A3o%20somos%20uma%20imobili%C3%A1ria%20disputando%20o%20seu%20cliente.%20O%20Portal%20Esfinge%20%C3%A9%20a%20vitrine%20tecnol%C3%B3gica%20do%20Paran%C3%A1%20criada%20para%20conectar%20o%20comprador%20diretamente%20ao%20seu%20WhatsApp.%22%0A%0APodemos%20agendar%20uma%20demonstra%C3%A7%C3%A3o%20r%C3%A1pida%20sem%20compromisso%3F"
"Pontal do Parana PR";"Ricardo Imóveis Litoral";"(41) 99189-8910";"https://wa.me/5541991898910?text=Ol%C3%A1%2C%20equipe%20da%20Ricardo%20Im%C3%B3veis%20Litoral!%20Tudo%20bem%3F%0A%0AAcompanhamos%20o%20destaque%20de%20voc%C3%AAs%20no%20mercado%20imobili%C3%A1rio%20e%20gostar%C3%ADamos%20de%20convidar%20sua%20imobili%C3%A1ria%20para%20divulgar%20sua%20carteira%20de%20im%C3%B3veis%20no%20*Portal%20Esfinge%20Im%C3%B3veis*.%0A%0A%F0%9F%9B%A1%EF%B8%8F%20*Diferenciais%20para%20Imobili%C3%A1rias%3A*%0A1.%20*Zero%20Taxa%20de%20Corretagem%3A*%20Somos%20uma%20vitrine%20tecnol%C3%B3gica%20de%20aproxima%C3%A7%C3%A3o.%20O%20comprador%20%C3%A9%20100%25%20seu.%0A2.%20*Leads%20Diretos%3A*%20O%20cliente%20interessado%20clica%20no%20im%C3%B3vel%20e%20fala%20direto%20com%20o%20seu%20corretor%20no%20WhatsApp.%0A3.%20*Cadastro%20%C3%81gil%3A*%20Basta%20colar%20o%20link%20do%20seu%20an%C3%BAncio%20para%20importar%20em%20segundos.%0A%0AConhe%C3%A7a%20nosso%20portal%20oficial%3A%20https%3A%2F%2Fportalesfingeimoveis.com.br%0A%0A%22N%C3%B3s%20n%C3%A3o%20somos%20uma%20imobili%C3%A1ria%20disputando%20o%20seu%20cliente.%20O%20Portal%20Esfinge%20%C3%A9%20a%20vitrine%20tecnol%C3%B3gica%20do%20Paran%C3%A1%20criada%20para%20conectar%20o%20comprador%20diretamente%20ao%20seu%20WhatsApp.%22%0A%0APodemos%20agendar%20uma%20demonstra%C3%A7%C3%A3o%20r%C3%A1pida%20sem%20compromisso%3F"
"Pontal do Parana PR";"Katie Imoveis";"(41) 99812-6485";"https://wa.me/5541998126485?text=Ol%C3%A1%2C%20equipe%20da%20Katie%20Imoveis!%20Tudo%20bem%3F%0A%0AAcompanhamos%20o%20destaque%20de%20voc%C3%AAs%20no%20mercado%20imobili%C3%A1rio%20e%20gostar%C3%ADamos%20de%20convidar%20sua%20imobili%C3%A1ria%20para%20divulgar%20sua%20carteira%20de%20im%C3%B3veis%20no%20*Portal%20Esfinge%20Im%C3%B3veis*.%0A%0A%F0%9F%9B%A1%EF%B8%8F%20*Diferenciais%20para%20Imobili%C3%A1rias%3A*%0A1.%20*Zero%20Taxa%20de%20Corretagem%3A*%20Somos%20uma%20vitrine%20tecnol%C3%B3gica%20de%20aproxima%C3%A7%C3%A3o.%20O%20comprador%20%C3%A9%20100%25%20seu.%0A2.%20*Leads%20Diretos%3A*%20O%20cliente%20interessado%20clica%20no%20im%C3%B3vel%20e%20fala%20direto%20com%20o%20seu%20corretor%20no%20WhatsApp.%0A3.%20*Cadastro%20%C3%81gil%3A*%20Basta%20colar%20o%20link%20do%20seu%20an%C3%BAncio%20para%20importar%20em%20segundos.%0A%0AConhe%C3%A7a%20nosso%20portal%20oficial%3A%20https%3A%2F%2Fportalesfingeimoveis.com.br%0A%0A%22N%C3%B3s%20n%C3%A3o%20somos%20uma%20imobili%C3%A1ria%20disputando%20o%20seu%20cliente.%20O%20Portal%20Esfinge%20%C3%A9%20a%20vitrine%20tecnol%C3%B3gica%20do%20Paran%C3%A1%20criada%20para%20conectar%20o%20comprador%20diretamente%20ao%20seu%20WhatsApp.%22%0A%0APodemos%20agendar%20uma%20demonstra%C3%A7%C3%A3o%20r%C3%A1pida%20sem%20compromisso%3F"
"Pontal do Parana PR";"Viver Mais Imóveis";"(41) 99698-8700";"https://wa.me/5541996988700?text=Ol%C3%A1%2C%20equipe%20da%20Viver%20Mais%20Im%C3%B3veis!%20Tudo%20bem%3F%0A%0AAcompanhamos%20o%20destaque%20de%20voc%C3%AAs%20no%20mercado%20imobili%C3%A1rio%20e%20gostar%C3%ADamos%20de%20convidar%20sua%20imobili%C3%A1ria%20para%20divulgar%20sua%20carteira%20de%20im%C3%B3veis%20no%20*Portal%20Esfinge%20Im%C3%B3veis*.%0A%0A%F0%9F%9B%A1%EF%B8%8F%20*Diferenciais%20para%20Imobili%C3%A1rias%3A*%0A1.%20*Zero%20Taxa%20de%20Corretagem%3A*%20Somos%20uma%20vitrine%20tecnol%C3%B3gica%20de%20aproxima%C3%A7%C3%A3o.%20O%20comprador%20%C3%A9%20100%25%20seu.%0A2.%20*Leads%20Diretos%3A*%20O%20cliente%20interessado%20clica%20no%20im%C3%B3vel%20e%20fala%20direto%20com%20o%20seu%20corretor%20no%20WhatsApp.%0A3.%20*Cadastro%20%C3%81gil%3A*%20Basta%20colar%20o%20link%20do%20seu%20an%C3%BAncio%20para%20importar%20em%20segundos.%0A%0AConhe%C3%A7a%20nosso%20portal%20oficial%3A%20https%3A%2F%2Fportalesfingeimoveis.com.br%0A%0A%22N%C3%B3s%20n%C3%A3o%20somos%20uma%20imobili%C3%A1ria%20disputando%20o%20seu%20cliente.%20O%20Portal%20Esfinge%20%C3%A9%20a%20vitrine%20tecnol%C3%B3gica%20do%20Paran%C3%A1%20criada%20para%20conectar%20o%20comprador%20diretamente%20ao%20seu%20WhatsApp.%22%0A%0APodemos%20agendar%20uma%20demonstra%C3%A7%C3%A3o%20r%C3%A1pida%20sem%20compromisso%3F"
"Pontal do Parana PR";"Ipanema Beach Pontal do Paraná Casas da Ju";"(41) 99206-0480";"https://wa.me/5541992060480?text=Ol%C3%A1%2C%20equipe%20da%20Ipanema%20Beach%20Pontal%20do%20Paran%C3%A1%20Casas%20da%20Ju!%20Tudo%20bem%3F%0A%0AAcompanhamos%20o%20destaque%20de%20voc%C3%AAs%20no%20mercado%20imobili%C3%A1rio%20e%20gostar%C3%ADamos%20de%20convidar%20sua%20imobili%C3%A1ria%20para%20divulgar%20sua%20carteira%20de%20im%C3%B3veis%20no%20*Portal%20Esfinge%20Im%C3%B3veis*.%0A%0A%F0%9F%9B%A1%EF%B8%8F%20*Diferenciais%20para%20Imobili%C3%A1rias%3A*%0A1.%20*Zero%20Taxa%20de%20Corretagem%3A*%20Somos%20uma%20vitrine%20tecnol%C3%B3gica%20de%20aproxima%C3%A7%C3%A3o.%20O%20comprador%20%C3%A9%20100%25%20seu.%0A2.%20*Leads%20Diretos%3A*%20O%20cliente%20interessado%20clica%20no%20im%C3%B3vel%20e%20fala%20direto%20com%20o%20seu%20corretor%20no%20WhatsApp.%0A3.%20*Cadastro%20%C3%81gil%3A*%20Basta%20colar%20o%20link%20do%20seu%20an%C3%BAncio%20para%20importar%20em%20segundos.%0A%0AConhe%C3%A7a%20nosso%20portal%20oficial%3A%20https%3A%2F%2Fportalesfingeimoveis.com.br%0A%0A%22N%C3%B3s%20n%C3%A3o%20somos%20uma%20imobili%C3%A1ria%20disputando%20o%20seu%20cliente.%20O%20Portal%20Esfinge%20%C3%A9%20a%20vitrine%20tecnol%C3%B3gica%20do%20Paran%C3%A1%20criada%20para%20conectar%20o%20comprador%20diretamente%20ao%20seu%20WhatsApp.%22%0A%0APodemos%20agendar%20uma%20demonstra%C3%A7%C3%A3o%20r%C3%A1pida%20sem%20compromisso%3F"
"Pontal do Parana PR";"Ivo Lemke Imoveis";"Ver no Google Maps";"Telefone móvel não identificado"
"Pontal do Parana PR";"Imóveis Ro Moraes";"(41) 99959-0399";"https://wa.me/5541999590399?text=Ol%C3%A1%2C%20equipe%20da%20Im%C3%B3veis%20Ro%20Moraes!%20Tudo%20bem%3F%0A%0AAcompanhamos%20o%20destaque%20de%20voc%C3%AAs%20no%20mercado%20imobili%C3%A1rio%20e%20gostar%C3%ADamos%20de%20convidar%20sua%20imobili%C3%A1ria%20para%20divulgar%20sua%20carteira%20de%20im%C3%B3veis%20no%20*Portal%20Esfinge%20Im%C3%B3veis*.%0A%0A%F0%9F%9B%A1%EF%B8%8F%20*Diferenciais%20para%20Imobili%C3%A1rias%3A*%0A1.%20*Zero%20Taxa%20de%20Corretagem%3A*%20Somos%20uma%20vitrine%20tecnol%C3%B3gica%20de%20aproxima%C3%A7%C3%A3o.%20O%20comprador%20%C3%A9%20100%25%20seu.%0A2.%20*Leads%20Diretos%3A*%20O%20cliente%20interessado%20clica%20no%20im%C3%B3vel%20e%20fala%20direto%20com%20o%20seu%20corretor%20no%20WhatsApp.%0A3.%20*Cadastro%20%C3%81gil%3A*%20Basta%20colar%20o%20link%20do%20seu%20an%C3%BAncio%20para%20importar%20em%20segundos.%0A%0AConhe%C3%A7a%20nosso%20portal%20oficial%3A%20https%3A%2F%2Fportalesfingeimoveis.com.br%0A%0A%22N%C3%B3s%20n%C3%A3o%20somos%20uma%20imobili%C3%A1ria%20disputando%20o%20seu%20cliente.%20O%20Portal%20Esfinge%20%C3%A9%20a%20vitrine%20tecnol%C3%B3gica%20do%20Paran%C3%A1%20criada%20para%20conectar%20o%20comprador%20diretamente%20ao%20seu%20WhatsApp.%22%0A%0APodemos%20agendar%20uma%20demonstra%C3%A7%C3%A3o%20r%C3%A1pida%20sem%20compromisso%3F"
"Pontal do Parana PR";"Rodrigo Souza Imóveis";"(41) 99647-1071";"https://wa.me/5541996471071?text=Ol%C3%A1%2C%20equipe%20da%20Rodrigo%20Souza%20Im%C3%B3veis!%20Tudo%20bem%3F%0A%0AAcompanhamos%20o%20destaque%20de%20voc%C3%AAs%20no%20mercado%20imobili%C3%A1rio%20e%20gostar%C3%ADamos%20de%20convidar%20sua%20imobili%C3%A1ria%20para%20divulgar%20sua%20carteira%20de%20im%C3%B3veis%20no%20*Portal%20Esfinge%20Im%C3%B3veis*.%0A%0A%F0%9F%9B%A1%EF%B8%8F%20*Diferenciais%20para%20Imobili%C3%A1rias%3A*%0A1.%20*Zero%20Taxa%20de%20Corretagem%3A*%20Somos%20uma%20vitrine%20tecnol%C3%B3gica%20de%20aproxima%C3%A7%C3%A3o.%20O%20comprador%20%C3%A9%20100%25%20seu.%0A2.%20*Leads%20Diretos%3A*%20O%20cliente%20interessado%20clica%20no%20im%C3%B3vel%20e%20fala%20direto%20com%20o%20seu%20corretor%20no%20WhatsApp.%0A3.%20*Cadastro%20%C3%81gil%3A*%20Basta%20colar%20o%20link%20do%20seu%20an%C3%BAncio%20para%20importar%20em%20segundos.%0A%0AConhe%C3%A7a%20nosso%20portal%20oficial%3A%20https%3A%2F%2Fportalesfingeimoveis.com.br%0A%0A%22N%C3%B3s%20n%C3%A3o%20somos%20uma%20imobili%C3%A1ria%20disputando%20o%20seu%20cliente.%20O%20Portal%20Esfinge%20%C3%A9%20a%20vitrine%20tecnol%C3%B3gica%20do%20Paran%C3%A1%20criada%20para%20conectar%20o%20comprador%20diretamente%20ao%20seu%20WhatsApp.%22%0A%0APodemos%20agendar%20uma%20demonstra%C3%A7%C3%A3o%20r%C3%A1pida%20sem%20compromisso%3F"
"Pontal do Parana PR";"Lorençone Imóveis";"(41) 98747-9004";"https://wa.me/5541987479004?text=Ol%C3%A1%2C%20equipe%20da%20Loren%C3%A7one%20Im%C3%B3veis!%20Tudo%20bem%3F%0A%0AAcompanhamos%20o%20destaque%20de%20voc%C3%AAs%20no%20mercado%20imobili%C3%A1rio%20e%20gostar%C3%ADamos%20de%20convidar%20sua%20imobili%C3%A1ria%20para%20divulgar%20sua%20carteira%20de%20im%C3%B3veis%20no%20*Portal%20Esfinge%20Im%C3%B3veis*.%0A%0A%F0%9F%9B%A1%EF%B8%8F%20*Diferenciais%20para%20Imobili%C3%A1rias%3A*%0A1.%20*Zero%20Taxa%20de%20Corretagem%3A*%20Somos%20uma%20vitrine%20tecnol%C3%B3gica%20de%20aproxima%C3%A7%C3%A3o.%20O%20comprador%20%C3%A9%20100%25%20seu.%0A2.%20*Leads%20Diretos%3A*%20O%20cliente%20interessado%20clica%20no%20im%C3%B3vel%20e%20fala%20direto%20com%20o%20seu%20corretor%20no%20WhatsApp.%0A3.%20*Cadastro%20%C3%81gil%3A*%20Basta%20colar%20o%20link%20do%20seu%20an%C3%BAncio%20para%20importar%20em%20segundos.%0A%0AConhe%C3%A7a%20nosso%20portal%20oficial%3A%20https%3A%2F%2Fportalesfingeimoveis.com.br%0A%0A%22N%C3%B3s%20n%C3%A3o%20somos%20uma%20imobili%C3%A1ria%20disputando%20o%20seu%20cliente.%20O%20Portal%20Esfinge%20%C3%A9%20a%20vitrine%20tecnol%C3%B3gica%20do%20Paran%C3%A1%20criada%20para%20conectar%20o%20comprador%20diretamente%20ao%20seu%20WhatsApp.%22%0A%0APodemos%20agendar%20uma%20demonstra%C3%A7%C3%A3o%20r%C3%A1pida%20sem%20compromisso%3F"
"Pontal do Parana PR";"Vosgerau Imóveis";"(41) 99992-3707";"https://wa.me/5541999923707?text=Ol%C3%A1%2C%20equipe%20da%20Vosgerau%20Im%C3%B3veis!%20Tudo%20bem%3F%0A%0AAcompanhamos%20o%20destaque%20de%20voc%C3%AAs%20no%20mercado%20imobili%C3%A1rio%20e%20gostar%C3%ADamos%20de%20convidar%20sua%20imobili%C3%A1ria%20para%20divulgar%20sua%20carteira%20de%20im%C3%B3veis%20no%20*Portal%20Esfinge%20Im%C3%B3veis*.%0A%0A%F0%9F%9B%A1%EF%B8%8F%20*Diferenciais%20para%20Imobili%C3%A1rias%3A*%0A1.%20*Zero%20Taxa%20de%20Corretagem%3A*%20Somos%20uma%20vitrine%20tecnol%C3%B3gica%20de%20aproxima%C3%A7%C3%A3o.%20O%20comprador%20%C3%A9%20100%25%20seu.%0A2.%20*Leads%20Diretos%3A*%20O%20cliente%20interessado%20clica%20no%20im%C3%B3vel%20e%20fala%20direto%20com%20o%20seu%20corretor%20no%20WhatsApp.%0A3.%20*Cadastro%20%C3%81gil%3A*%20Basta%20colar%20o%20link%20do%20seu%20an%C3%BAncio%20para%20importar%20em%20segundos.%0A%0AConhe%C3%A7a%20nosso%20portal%20oficial%3A%20https%3A%2F%2Fportalesfingeimoveis.com.br%0A%0A%22N%C3%B3s%20n%C3%A3o%20somos%20uma%20imobili%C3%A1ria%20disputando%20o%20seu%20cliente.%20O%20Portal%20Esfinge%20%C3%A9%20a%20vitrine%20tecnol%C3%B3gica%20do%20Paran%C3%A1%20criada%20para%20conectar%20o%20comprador%20diretamente%20ao%20seu%20WhatsApp.%22%0A%0APodemos%20agendar%20uma%20demonstra%C3%A7%C3%A3o%20r%C3%A1pida%20sem%20compromisso%3F"
"Matinhos PR";"Matinhos Imóveis Ltda";"(41) 98875-9817";"https://wa.me/5541988759817?text=Ol%C3%A1%2C%20equipe%20da%20Matinhos%20Im%C3%B3veis%20Ltda!%20Tudo%20bem%3F%0A%0AAcompanhamos%20o%20destaque%20de%20voc%C3%AAs%20no%20mercado%20imobili%C3%A1rio%20e%20gostar%C3%ADamos%20de%20convidar%20sua%20imobili%C3%A1ria%20para%20divulgar%20sua%20carteira%20de%20im%C3%B3veis%20no%20*Portal%20Esfinge%20Im%C3%B3veis*.%0A%0A%F0%9F%9B%A1%EF%B8%8F%20*Diferenciais%20para%20Imobili%C3%A1rias%3A*%0A1.%20*Zero%20Taxa%20de%20Corretagem%3A*%20Somos%20uma%20vitrine%20tecnol%C3%B3gica%20de%20aproxima%C3%A7%C3%A3o.%20O%20comprador%20%C3%A9%20100%25%20seu.%0A2.%20*Leads%20Diretos%3A*%20O%20cliente%20interessado%20clica%20no%20im%C3%B3vel%20e%20fala%20direto%20com%20o%20seu%20corretor%20no%20WhatsApp.%0A3.%20*Cadastro%20%C3%81gil%3A*%20Basta%20colar%20o%20link%20do%20seu%20an%C3%BAncio%20para%20importar%20em%20segundos.%0A%0AConhe%C3%A7a%20nosso%20portal%20oficial%3A%20https%3A%2F%2Fportalesfingeimoveis.com.br%0A%0A%22N%C3%B3s%20n%C3%A3o%20somos%20uma%20imobili%C3%A1ria%20disputando%20o%20seu%20cliente.%20O%20Portal%20Esfinge%20%C3%A9%20a%20vitrine%20tecnol%C3%B3gica%20do%20Paran%C3%A1%20criada%20para%20conectar%20o%20comprador%20diretamente%20ao%20seu%20WhatsApp.%22%0A%0APodemos%20agendar%20uma%20demonstra%C3%A7%C3%A3o%20r%C3%A1pida%20sem%20compromisso%3F"
"Matinhos PR";"Imóveis AD";"(41) 99506-6919";"https://wa.me/5541995066919?text=Ol%C3%A1%2C%20equipe%20da%20Im%C3%B3veis%20AD!%20Tudo%20bem%3F%0A%0AAcompanhamos%20o%20destaque%20de%20voc%C3%AAs%20no%20mercado%20imobili%C3%A1rio%20e%20gostar%C3%ADamos%20de%20convidar%20sua%20imobili%C3%A1ria%20para%20divulgar%20sua%20carteira%20de%20im%C3%B3veis%20no%20*Portal%20Esfinge%20Im%C3%B3veis*.%0A%0A%F0%9F%9B%A1%EF%B8%8F%20*Diferenciais%20para%20Imobili%C3%A1rias%3A*%0A1.%20*Zero%20Taxa%20de%20Corretagem%3A*%20Somos%20uma%20vitrine%20tecnol%C3%B3gica%20de%20aproxima%C3%A7%C3%A3o.%20O%20comprador%20%C3%A9%20100%25%20seu.%0A2.%20*Leads%20Diretos%3A*%20O%20cliente%20interessado%20clica%20no%20im%C3%B3vel%20e%20fala%20direto%20com%20o%20seu%20corretor%20no%20WhatsApp.%0A3.%20*Cadastro%20%C3%81gil%3A*%20Basta%20colar%20o%20link%20do%20seu%20an%C3%BAncio%20para%20importar%20em%20segundos.%0A%0AConhe%C3%A7a%20nosso%20portal%20oficial%3A%20https%3A%2F%2Fportalesfingeimoveis.com.br%0A%0A%22N%C3%B3s%20n%C3%A3o%20somos%20uma%20imobili%C3%A1ria%20disputando%20o%20seu%20cliente.%20O%20Portal%20Esfinge%20%C3%A9%20a%20vitrine%20tecnol%C3%B3gica%20do%20Paran%C3%A1%20criada%20para%20conectar%20o%20comprador%20diretamente%20ao%20seu%20WhatsApp.%22%0A%0APodemos%20agendar%20uma%20demonstra%C3%A7%C3%A3o%20r%C3%A1pida%20sem%20compromisso%3F"
"Matinhos PR";"Diego Imoveis";"(41) 99938-7001";"https://wa.me/5541999387001?text=Ol%C3%A1%2C%20equipe%20da%20Diego%20Imoveis!%20Tudo%20bem%3F%0A%0AAcompanhamos%20o%20destaque%20de%20voc%C3%AAs%20no%20mercado%20imobili%C3%A1rio%20e%20gostar%C3%ADamos%20de%20convidar%20sua%20imobili%C3%A1ria%20para%20divulgar%20sua%20carteira%20de%20im%C3%B3veis%20no%20*Portal%20Esfinge%20Im%C3%B3veis*.%0A%0A%F0%9F%9B%A1%EF%B8%8F%20*Diferenciais%20para%20Imobili%C3%A1rias%3A*%0A1.%20*Zero%20Taxa%20de%20Corretagem%3A*%20Somos%20uma%20vitrine%20tecnol%C3%B3gica%20de%20aproxima%C3%A7%C3%A3o.%20O%20comprador%20%C3%A9%20100%25%20seu.%0A2.%20*Leads%20Diretos%3A*%20O%20cliente%20interessado%20clica%20no%20im%C3%B3vel%20e%20fala%20direto%20com%20o%20seu%20corretor%20no%20WhatsApp.%0A3.%20*Cadastro%20%C3%81gil%3A*%20Basta%20colar%20o%20link%20do%20seu%20an%C3%BAncio%20para%20importar%20em%20segundos.%0A%0AConhe%C3%A7a%20nosso%20portal%20oficial%3A%20https%3A%2F%2Fportalesfingeimoveis.com.br%0A%0A%22N%C3%B3s%20n%C3%A3o%20somos%20uma%20imobili%C3%A1ria%20disputando%20o%20seu%20cliente.%20O%20Portal%20Esfinge%20%C3%A9%20a%20vitrine%20tecnol%C3%B3gica%20do%20Paran%C3%A1%20criada%20para%20conectar%20o%20comprador%20diretamente%20ao%20seu%20WhatsApp.%22%0A%0APodemos%20agendar%20uma%20demonstra%C3%A7%C3%A3o%20r%C3%A1pida%20sem%20compromisso%3F"
"Matinhos PR";"Excellência Imóveis";"(41) 99937-4887";"https://wa.me/5541999374887?text=Ol%C3%A1%2C%20equipe%20da%20Excell%C3%AAncia%20Im%C3%B3veis!%20Tudo%20bem%3F%0A%0AAcompanhamos%20o%20destaque%20de%20voc%C3%AAs%20no%20mercado%20imobili%C3%A1rio%20e%20gostar%C3%ADamos%20de%20convidar%20sua%20imobili%C3%A1ria%20para%20divulgar%20sua%20carteira%20de%20im%C3%B3veis%20no%20*Portal%20Esfinge%20Im%C3%B3veis*.%0A%0A%F0%9F%9B%A1%EF%B8%8F%20*Diferenciais%20para%20Imobili%C3%A1rias%3A*%0A1.%20*Zero%20Taxa%20de%20Corretagem%3A*%20Somos%20uma%20vitrine%20tecnol%C3%B3gica%20de%20aproxima%C3%A7%C3%A3o.%20O%20comprador%20%C3%A9%20100%25%20seu.%0A2.%20*Leads%20Diretos%3A*%20O%20cliente%20interessado%20clica%20no%20im%C3%B3vel%20e%20fala%20direto%20com%20o%20seu%20corretor%20no%20WhatsApp.%0A3.%20*Cadastro%20%C3%81gil%3A*%20Basta%20colar%20o%20link%20do%20seu%20an%C3%BAncio%20para%20importar%20em%20segundos.%0A%0AConhe%C3%A7a%20nosso%20portal%20oficial%3A%20https%3A%2F%2Fportalesfingeimoveis.com.br%0A%0A%22N%C3%B3s%20n%C3%A3o%20somos%20uma%20imobili%C3%A1ria%20disputando%20o%20seu%20cliente.%20O%20Portal%20Esfinge%20%C3%A9%20a%20vitrine%20tecnol%C3%B3gica%20do%20Paran%C3%A1%20criada%20para%20conectar%20o%20comprador%20diretamente%20ao%20seu%20WhatsApp.%22%0A%0APodemos%20agendar%20uma%20demonstra%C3%A7%C3%A3o%20r%C3%A1pida%20sem%20compromisso%3F"
"Matinhos PR";"JR Imóveis";"(41) 3453-1020";"https://wa.me/554134531020?text=Ol%C3%A1%2C%20equipe%20da%20JR%20Im%C3%B3veis!%20Tudo%20bem%3F%0A%0AAcompanhamos%20o%20destaque%20de%20voc%C3%AAs%20no%20mercado%20imobili%C3%A1rio%20e%20gostar%C3%ADamos%20de%20convidar%20sua%20imobili%C3%A1ria%20para%20divulgar%20sua%20carteira%20de%20im%C3%B3veis%20no%20*Portal%20Esfinge%20Im%C3%B3veis*.%0A%0A%F0%9F%9B%A1%EF%B8%8F%20*Diferenciais%20para%20Imobili%C3%A1rias%3A*%0A1.%20*Zero%20Taxa%20de%20Corretagem%3A*%20Somos%20uma%20vitrine%20tecnol%C3%B3gica%20de%20aproxima%C3%A7%C3%A3o.%20O%20comprador%20%C3%A9%20100%25%20seu.%0A2.%20*Leads%20Diretos%3A*%20O%20cliente%20interessado%20clica%20no%20im%C3%B3vel%20e%20fala%20direto%20com%20o%20seu%20corretor%20no%20WhatsApp.%0A3.%20*Cadastro%20%C3%81gil%3A*%20Basta%20colar%20o%20link%20do%20seu%20an%C3%BAncio%20para%20importar%20em%20segundos.%0A%0AConhe%C3%A7a%20nosso%20portal%20oficial%3A%20https%3A%2F%2Fportalesfingeimoveis.com.br%0A%0A%22N%C3%B3s%20n%C3%A3o%20somos%20uma%20imobili%C3%A1ria%20disputando%20o%20seu%20cliente.%20O%20Portal%20Esfinge%20%C3%A9%20a%20vitrine%20tecnol%C3%B3gica%20do%20Paran%C3%A1%20criada%20para%20conectar%20o%20comprador%20diretamente%20ao%20seu%20WhatsApp.%22%0A%0APodemos%20agendar%20uma%20demonstra%C3%A7%C3%A3o%20r%C3%A1pida%20sem%20compromisso%3F"
"Matinhos PR";"Delgado Imóveis";"(41) 99833-1262";"https://wa.me/5541998331262?text=Ol%C3%A1%2C%20equipe%20da%20Delgado%20Im%C3%B3veis!%20Tudo%20bem%3F%0A%0AAcompanhamos%20o%20destaque%20de%20voc%C3%AAs%20no%20mercado%20imobili%C3%A1rio%20e%20gostar%C3%ADamos%20de%20convidar%20sua%20imobili%C3%A1ria%20para%20divulgar%20sua%20carteira%20de%20im%C3%B3veis%20no%20*Portal%20Esfinge%20Im%C3%B3veis*.%0A%0A%F0%9F%9B%A1%EF%B8%8F%20*Diferenciais%20para%20Imobili%C3%A1rias%3A*%0A1.%20*Zero%20Taxa%20de%20Corretagem%3A*%20Somos%20uma%20vitrine%20tecnol%C3%B3gica%20de%20aproxima%C3%A7%C3%A3o.%20O%20comprador%20%C3%A9%20100%25%20seu.%0A2.%20*Leads%20Diretos%3A*%20O%20cliente%20interessado%20clica%20no%20im%C3%B3vel%20e%20fala%20direto%20com%20o%20seu%20corretor%20no%20WhatsApp.%0A3.%20*Cadastro%20%C3%81gil%3A*%20Basta%20colar%20o%20link%20do%20seu%20an%C3%BAncio%20para%20importar%20em%20segundos.%0A%0AConhe%C3%A7a%20nosso%20portal%20oficial%3A%20https%3A%2F%2Fportalesfingeimoveis.com.br%0A%0A%22N%C3%B3s%20n%C3%A3o%20somos%20uma%20imobili%C3%A1ria%20disputando%20o%20seu%20cliente.%20O%20Portal%20Esfinge%20%C3%A9%20a%20vitrine%20tecnol%C3%B3gica%20do%20Paran%C3%A1%20criada%20para%20conectar%20o%20comprador%20diretamente%20ao%20seu%20WhatsApp.%22%0A%0APodemos%20agendar%20uma%20demonstra%C3%A7%C3%A3o%20r%C3%A1pida%20sem%20compromisso%3F"
"Matinhos PR";"Imobiliária Seular";"(41) 99863-4051";"https://wa.me/5541998634051?text=Ol%C3%A1%2C%20equipe%20da%20Imobili%C3%A1ria%20Seular!%20Tudo%20bem%3F%0A%0AAcompanhamos%20o%20destaque%20de%20voc%C3%AAs%20no%20mercado%20imobili%C3%A1rio%20e%20gostar%C3%ADamos%20de%20convidar%20sua%20imobili%C3%A1ria%20para%20divulgar%20sua%20carteira%20de%20im%C3%B3veis%20no%20*Portal%20Esfinge%20Im%C3%B3veis*.%0A%0A%F0%9F%9B%A1%EF%B8%8F%20*Diferenciais%20para%20Imobili%C3%A1rias%3A*%0A1.%20*Zero%20Taxa%20de%20Corretagem%3A*%20Somos%20uma%20vitrine%20tecnol%C3%B3gica%20de%20aproxima%C3%A7%C3%A3o.%20O%20comprador%20%C3%A9%20100%25%20seu.%0A2.%20*Leads%20Diretos%3A*%20O%20cliente%20interessado%20clica%20no%20im%C3%B3vel%20e%20fala%20direto%20com%20o%20seu%20corretor%20no%20WhatsApp.%0A3.%20*Cadastro%20%C3%81gil%3A*%20Basta%20colar%20o%20link%20do%20seu%20an%C3%BAncio%20para%20importar%20em%20segundos.%0A%0AConhe%C3%A7a%20nosso%20portal%20oficial%3A%20https%3A%2F%2Fportalesfingeimoveis.com.br%0A%0A%22N%C3%B3s%20n%C3%A3o%20somos%20uma%20imobili%C3%A1ria%20disputando%20o%20seu%20cliente.%20O%20Portal%20Esfinge%20%C3%A9%20a%20vitrine%20tecnol%C3%B3gica%20do%20Paran%C3%A1%20criada%20para%20conectar%20o%20comprador%20diretamente%20ao%20seu%20WhatsApp.%22%0A%0APodemos%20agendar%20uma%20demonstra%C3%A7%C3%A3o%20r%C3%A1pida%20sem%20compromisso%3F"
"Matinhos PR";"Michelly Imóveis - Imobiliária em Matinhos - Caiobá";"(41) 99880-4524";"https://wa.me/5541998804524?text=Ol%C3%A1%2C%20equipe%20da%20Michelly%20Im%C3%B3veis%20-%20Imobili%C3%A1ria%20em%20Matinhos%20-%20Caiob%C3%A1!%20Tudo%20bem%3F%0A%0AAcompanhamos%20o%20destaque%20de%20voc%C3%AAs%20no%20mercado%20imobili%C3%A1rio%20e%20gostar%C3%ADamos%20de%20convidar%20sua%20imobili%C3%A1ria%20para%20divulgar%20sua%20carteira%20de%20im%C3%B3veis%20no%20*Portal%20Esfinge%20Im%C3%B3veis*.%0A%0A%F0%9F%9B%A1%EF%B8%8F%20*Diferenciais%20para%20Imobili%C3%A1rias%3A*%0A1.%20*Zero%20Taxa%20de%20Corretagem%3A*%20Somos%20uma%20vitrine%20tecnol%C3%B3gica%20de%20aproxima%C3%A7%C3%A3o.%20O%20comprador%20%C3%A9%20100%25%20seu.%0A2.%20*Leads%20Diretos%3A*%20O%20cliente%20interessado%20clica%20no%20im%C3%B3vel%20e%20fala%20direto%20com%20o%20seu%20corretor%20no%20WhatsApp.%0A3.%20*Cadastro%20%C3%81gil%3A*%20Basta%20colar%20o%20link%20do%20seu%20an%C3%BAncio%20para%20importar%20em%20segundos.%0A%0AConhe%C3%A7a%20nosso%20portal%20oficial%3A%20https%3A%2F%2Fportalesfingeimoveis.com.br%0A%0A%22N%C3%B3s%20n%C3%A3o%20somos%20uma%20imobili%C3%A1ria%20disputando%20o%20seu%20cliente.%20O%20Portal%20Esfinge%20%C3%A9%20a%20vitrine%20tecnol%C3%B3gica%20do%20Paran%C3%A1%20criada%20para%20conectar%20o%20comprador%20diretamente%20ao%20seu%20WhatsApp.%22%0A%0APodemos%20agendar%20uma%20demonstra%C3%A7%C3%A3o%20r%C3%A1pida%20sem%20compromisso%3F"
"Matinhos PR";"Rorato Imóveis - Casas Beira Mar em Matinhos e Caiobá";"(41) 99737-9996";"https://wa.me/5541997379996?text=Ol%C3%A1%2C%20equipe%20da%20Rorato%20Im%C3%B3veis%20-%20Casas%20Beira%20Mar%20em%20Matinhos%20e%20Caiob%C3%A1!%20Tudo%20bem%3F%0A%0AAcompanhamos%20o%20destaque%20de%20voc%C3%AAs%20no%20mercado%20imobili%C3%A1rio%20e%20gostar%C3%ADamos%20de%20convidar%20sua%20imobili%C3%A1ria%20para%20divulgar%20sua%20carteira%20de%20im%C3%B3veis%20no%20*Portal%20Esfinge%20Im%C3%B3veis*.%0A%0A%F0%9F%9B%A1%EF%B8%8F%20*Diferenciais%20para%20Imobili%C3%A1rias%3A*%0A1.%20*Zero%20Taxa%20de%20Corretagem%3A*%20Somos%20uma%20vitrine%20tecnol%C3%B3gica%20de%20aproxima%C3%A7%C3%A3o.%20O%20comprador%20%C3%A9%20100%25%20seu.%0A2.%20*Leads%20Diretos%3A*%20O%20cliente%20interessado%20clica%20no%20im%C3%B3vel%20e%20fala%20direto%20com%20o%20seu%20corretor%20no%20WhatsApp.%0A3.%20*Cadastro%20%C3%81gil%3A*%20Basta%20colar%20o%20link%20do%20seu%20an%C3%BAncio%20para%20importar%20em%20segundos.%0A%0AConhe%C3%A7a%20nosso%20portal%20oficial%3A%20https%3A%2F%2Fportalesfingeimoveis.com.br%0A%0A%22N%C3%B3s%20n%C3%A3o%20somos%20uma%20imobili%C3%A1ria%20disputando%20o%20seu%20cliente.%20O%20Portal%20Esfinge%20%C3%A9%20a%20vitrine%20tecnol%C3%B3gica%20do%20Paran%C3%A1%20criada%20para%20conectar%20o%20comprador%20diretamente%20ao%20seu%20WhatsApp.%22%0A%0APodemos%20agendar%20uma%20demonstra%C3%A7%C3%A3o%20r%C3%A1pida%20sem%20compromisso%3F"
"Matinhos PR";"Carlos Imóveis";"(41) 3452-6016";"https://wa.me/554134526016?text=Ol%C3%A1%2C%20equipe%20da%20Carlos%20Im%C3%B3veis!%20Tudo%20bem%3F%0A%0AAcompanhamos%20o%20destaque%20de%20voc%C3%AAs%20no%20mercado%20imobili%C3%A1rio%20e%20gostar%C3%ADamos%20de%20convidar%20sua%20imobili%C3%A1ria%20para%20divulgar%20sua%20carteira%20de%20im%C3%B3veis%20no%20*Portal%20Esfinge%20Im%C3%B3veis*.%0A%0A%F0%9F%9B%A1%EF%B8%8F%20*Diferenciais%20para%20Imobili%C3%A1rias%3A*%0A1.%20*Zero%20Taxa%20de%20Corretagem%3A*%20Somos%20uma%20vitrine%20tecnol%C3%B3gica%20de%20aproxima%C3%A7%C3%A3o.%20O%20comprador%20%C3%A9%20100%25%20seu.%0A2.%20*Leads%20Diretos%3A*%20O%20cliente%20interessado%20clica%20no%20im%C3%B3vel%20e%20fala%20direto%20com%20o%20seu%20corretor%20no%20WhatsApp.%0A3.%20*Cadastro%20%C3%81gil%3A*%20Basta%20colar%20o%20link%20do%20seu%20an%C3%BAncio%20para%20importar%20em%20segundos.%0A%0AConhe%C3%A7a%20nosso%20portal%20oficial%3A%20https%3A%2F%2Fportalesfingeimoveis.com.br%0A%0A%22N%C3%B3s%20n%C3%A3o%20somos%20uma%20imobili%C3%A1ria%20disputando%20o%20seu%20cliente.%20O%20Portal%20Esfinge%20%C3%A9%20a%20vitrine%20tecnol%C3%B3gica%20do%20Paran%C3%A1%20criada%20para%20conectar%20o%20comprador%20diretamente%20ao%20seu%20WhatsApp.%22%0A%0APodemos%20agendar%20uma%20demonstra%C3%A7%C3%A3o%20r%C3%A1pida%20sem%20compromisso%3F"
"Matinhos PR";"Eraldo Imóveis - Imobiliária em Caiobá - Matinhos";"(41) 3473-5290";"https://wa.me/554134735290?text=Ol%C3%A1%2C%20equipe%20da%20Eraldo%20Im%C3%B3veis%20-%20Imobili%C3%A1ria%20em%20Caiob%C3%A1%20-%20Matinhos!%20Tudo%20bem%3F%0A%0AAcompanhamos%20o%20destaque%20de%20voc%C3%AAs%20no%20mercado%20imobili%C3%A1rio%20e%20gostar%C3%ADamos%20de%20convidar%20sua%20imobili%C3%A1ria%20para%20divulgar%20sua%20carteira%20de%20im%C3%B3veis%20no%20*Portal%20Esfinge%20Im%C3%B3veis*.%0A%0A%F0%9F%9B%A1%EF%B8%8F%20*Diferenciais%20para%20Imobili%C3%A1rias%3A*%0A1.%20*Zero%20Taxa%20de%20Corretagem%3A*%20Somos%20uma%20vitrine%20tecnol%C3%B3gica%20de%20aproxima%C3%A7%C3%A3o.%20O%20comprador%20%C3%A9%20100%25%20seu.%0A2.%20*Leads%20Diretos%3A*%20O%20cliente%20interessado%20clica%20no%20im%C3%B3vel%20e%20fala%20direto%20com%20o%20seu%20corretor%20no%20WhatsApp.%0A3.%20*Cadastro%20%C3%81gil%3A*%20Basta%20colar%20o%20link%20do%20seu%20an%C3%BAncio%20para%20importar%20em%20segundos.%0A%0AConhe%C3%A7a%20nosso%20portal%20oficial%3A%20https%3A%2F%2Fportalesfingeimoveis.com.br%0A%0A%22N%C3%B3s%20n%C3%A3o%20somos%20uma%20imobili%C3%A1ria%20disputando%20o%20seu%20cliente.%20O%20Portal%20Esfinge%20%C3%A9%20a%20vitrine%20tecnol%C3%B3gica%20do%20Paran%C3%A1%20criada%20para%20conectar%20o%20comprador%20diretamente%20ao%20seu%20WhatsApp.%22%0A%0APodemos%20agendar%20uma%20demonstra%C3%A7%C3%A3o%20r%C3%A1pida%20sem%20compromisso%3F"
"Matinhos PR";"Eraldo Imóveis - Imobiliária Matinhos";"(41) 3452-7958";"https://wa.me/554134527958?text=Ol%C3%A1%2C%20equipe%20da%20Eraldo%20Im%C3%B3veis%20-%20Imobili%C3%A1ria%20Matinhos!%20Tudo%20bem%3F%0A%0AAcompanhamos%20o%20destaque%20de%20voc%C3%AAs%20no%20mercado%20imobili%C3%A1rio%20e%20gostar%C3%ADamos%20de%20convidar%20sua%20imobili%C3%A1ria%20para%20divulgar%20sua%20carteira%20de%20im%C3%B3veis%20no%20*Portal%20Esfinge%20Im%C3%B3veis*.%0A%0A%F0%9F%9B%A1%EF%B8%8F%20*Diferenciais%20para%20Imobili%C3%A1rias%3A*%0A1.%20*Zero%20Taxa%20de%20Corretagem%3A*%20Somos%20uma%20vitrine%20tecnol%C3%B3gica%20de%20aproxima%C3%A7%C3%A3o.%20O%20comprador%20%C3%A9%20100%25%20seu.%0A2.%20*Leads%20Diretos%3A*%20O%20cliente%20interessado%20clica%20no%20im%C3%B3vel%20e%20fala%20direto%20com%20o%20seu%20corretor%20no%20WhatsApp.%0A3.%20*Cadastro%20%C3%81gil%3A*%20Basta%20colar%20o%20link%20do%20seu%20an%C3%BAncio%20para%20importar%20em%20segundos.%0A%0AConhe%C3%A7a%20nosso%20portal%20oficial%3A%20https%3A%2F%2Fportalesfingeimoveis.com.br%0A%0A%22N%C3%B3s%20n%C3%A3o%20somos%20uma%20imobili%C3%A1ria%20disputando%20o%20seu%20cliente.%20O%20Portal%20Esfinge%20%C3%A9%20a%20vitrine%20tecnol%C3%B3gica%20do%20Paran%C3%A1%20criada%20para%20conectar%20o%20comprador%20diretamente%20ao%20seu%20WhatsApp.%22%0A%0APodemos%20agendar%20uma%20demonstra%C3%A7%C3%A3o%20r%C3%A1pida%20sem%20compromisso%3F"
"Matinhos PR";"Navegar Imóveis - Imobiliária em Caiobá";"(41) 99611-5020";"https://wa.me/5541996115020?text=Ol%C3%A1%2C%20equipe%20da%20Navegar%20Im%C3%B3veis%20-%20Imobili%C3%A1ria%20em%20Caiob%C3%A1!%20Tudo%20bem%3F%0A%0AAcompanhamos%20o%20destaque%20de%20voc%C3%AAs%20no%20mercado%20imobili%C3%A1rio%20e%20gostar%C3%ADamos%20de%20convidar%20sua%20imobili%C3%A1ria%20para%20divulgar%20sua%20carteira%20de%20im%C3%B3veis%20no%20*Portal%20Esfinge%20Im%C3%B3veis*.%0A%0A%F0%9F%9B%A1%EF%B8%8F%20*Diferenciais%20para%20Imobili%C3%A1rias%3A*%0A1.%20*Zero%20Taxa%20de%20Corretagem%3A*%20Somos%20uma%20vitrine%20tecnol%C3%B3gica%20de%20aproxima%C3%A7%C3%A3o.%20O%20comprador%20%C3%A9%20100%25%20seu.%0A2.%20*Leads%20Diretos%3A*%20O%20cliente%20interessado%20clica%20no%20im%C3%B3vel%20e%20fala%20direto%20com%20o%20seu%20corretor%20no%20WhatsApp.%0A3.%20*Cadastro%20%C3%81gil%3A*%20Basta%20colar%20o%20link%20do%20seu%20an%C3%BAncio%20para%20importar%20em%20segundos.%0A%0AConhe%C3%A7a%20nosso%20portal%20oficial%3A%20https%3A%2F%2Fportalesfingeimoveis.com.br%0A%0A%22N%C3%B3s%20n%C3%A3o%20somos%20uma%20imobili%C3%A1ria%20disputando%20o%20seu%20cliente.%20O%20Portal%20Esfinge%20%C3%A9%20a%20vitrine%20tecnol%C3%B3gica%20do%20Paran%C3%A1%20criada%20para%20conectar%20o%20comprador%20diretamente%20ao%20seu%20WhatsApp.%22%0A%0APodemos%20agendar%20uma%20demonstra%C3%A7%C3%A3o%20r%C3%A1pida%20sem%20compromisso%3F"
"Matinhos PR";"Ilha do Mel Imóveis Perequê";"(41) 99676-2666";"https://wa.me/5541996762666?text=Ol%C3%A1%2C%20equipe%20da%20Ilha%20do%20Mel%20Im%C3%B3veis%20Perequ%C3%AA!%20Tudo%20bem%3F%0A%0AAcompanhamos%20o%20destaque%20de%20voc%C3%AAs%20no%20mercado%20imobili%C3%A1rio%20e%20gostar%C3%ADamos%20de%20convidar%20sua%20imobili%C3%A1ria%20para%20divulgar%20sua%20carteira%20de%20im%C3%B3veis%20no%20*Portal%20Esfinge%20Im%C3%B3veis*.%0A%0A%F0%9F%9B%A1%EF%B8%8F%20*Diferenciais%20para%20Imobili%C3%A1rias%3A*%0A1.%20*Zero%20Taxa%20de%20Corretagem%3A*%20Somos%20uma%20vitrine%20tecnol%C3%B3gica%20de%20aproxima%C3%A7%C3%A3o.%20O%20comprador%20%C3%A9%20100%25%20seu.%0A2.%20*Leads%20Diretos%3A*%20O%20cliente%20interessado%20clica%20no%20im%C3%B3vel%20e%20fala%20direto%20com%20o%20seu%20corretor%20no%20WhatsApp.%0A3.%20*Cadastro%20%C3%81gil%3A*%20Basta%20colar%20o%20link%20do%20seu%20an%C3%BAncio%20para%20importar%20em%20segundos.%0A%0AConhe%C3%A7a%20nosso%20portal%20oficial%3A%20https%3A%2F%2Fportalesfingeimoveis.com.br%0A%0A%22N%C3%B3s%20n%C3%A3o%20somos%20uma%20imobili%C3%A1ria%20disputando%20o%20seu%20cliente.%20O%20Portal%20Esfinge%20%C3%A9%20a%20vitrine%20tecnol%C3%B3gica%20do%20Paran%C3%A1%20criada%20para%20conectar%20o%20comprador%20diretamente%20ao%20seu%20WhatsApp.%22%0A%0APodemos%20agendar%20uma%20demonstra%C3%A7%C3%A3o%20r%C3%A1pida%20sem%20compromisso%3F"
"Matinhos PR";"Ilha do Mel Imóveis Rivieira - Imobiliária em Matinhos";"(41) 98522-8020";"https://wa.me/5541985228020?text=Ol%C3%A1%2C%20equipe%20da%20Ilha%20do%20Mel%20Im%C3%B3veis%20Rivieira%20-%20Imobili%C3%A1ria%20em%20Matinhos!%20Tudo%20bem%3F%0A%0AAcompanhamos%20o%20destaque%20de%20voc%C3%AAs%20no%20mercado%20imobili%C3%A1rio%20e%20gostar%C3%ADamos%20de%20convidar%20sua%20imobili%C3%A1ria%20para%20divulgar%20sua%20carteira%20de%20im%C3%B3veis%20no%20*Portal%20Esfinge%20Im%C3%B3veis*.%0A%0A%F0%9F%9B%A1%EF%B8%8F%20*Diferenciais%20para%20Imobili%C3%A1rias%3A*%0A1.%20*Zero%20Taxa%20de%20Corretagem%3A*%20Somos%20uma%20vitrine%20tecnol%C3%B3gica%20de%20aproxima%C3%A7%C3%A3o.%20O%20comprador%20%C3%A9%20100%25%20seu.%0A2.%20*Leads%20Diretos%3A*%20O%20cliente%20interessado%20clica%20no%20im%C3%B3vel%20e%20fala%20direto%20com%20o%20seu%20corretor%20no%20WhatsApp.%0A3.%20*Cadastro%20%C3%81gil%3A*%20Basta%20colar%20o%20link%20do%20seu%20an%C3%BAncio%20para%20importar%20em%20segundos.%0A%0AConhe%C3%A7a%20nosso%20portal%20oficial%3A%20https%3A%2F%2Fportalesfingeimoveis.com.br%0A%0A%22N%C3%B3s%20n%C3%A3o%20somos%20uma%20imobili%C3%A1ria%20disputando%20o%20seu%20cliente.%20O%20Portal%20Esfinge%20%C3%A9%20a%20vitrine%20tecnol%C3%B3gica%20do%20Paran%C3%A1%20criada%20para%20conectar%20o%20comprador%20diretamente%20ao%20seu%20WhatsApp.%22%0A%0APodemos%20agendar%20uma%20demonstra%C3%A7%C3%A3o%20r%C3%A1pida%20sem%20compromisso%3F"
"Matinhos PR";"Carraro Imoveis Litoral";"(41) 99889-9090";"https://wa.me/5541998899090?text=Ol%C3%A1%2C%20equipe%20da%20Carraro%20Imoveis%20Litoral!%20Tudo%20bem%3F%0A%0AAcompanhamos%20o%20destaque%20de%20voc%C3%AAs%20no%20mercado%20imobili%C3%A1rio%20e%20gostar%C3%ADamos%20de%20convidar%20sua%20imobili%C3%A1ria%20para%20divulgar%20sua%20carteira%20de%20im%C3%B3veis%20no%20*Portal%20Esfinge%20Im%C3%B3veis*.%0A%0A%F0%9F%9B%A1%EF%B8%8F%20*Diferenciais%20para%20Imobili%C3%A1rias%3A*%0A1.%20*Zero%20Taxa%20de%20Corretagem%3A*%20Somos%20uma%20vitrine%20tecnol%C3%B3gica%20de%20aproxima%C3%A7%C3%A3o.%20O%20comprador%20%C3%A9%20100%25%20seu.%0A2.%20*Leads%20Diretos%3A*%20O%20cliente%20interessado%20clica%20no%20im%C3%B3vel%20e%20fala%20direto%20com%20o%20seu%20corretor%20no%20WhatsApp.%0A3.%20*Cadastro%20%C3%81gil%3A*%20Basta%20colar%20o%20link%20do%20seu%20an%C3%BAncio%20para%20importar%20em%20segundos.%0A%0AConhe%C3%A7a%20nosso%20portal%20oficial%3A%20https%3A%2F%2Fportalesfingeimoveis.com.br%0A%0A%22N%C3%B3s%20n%C3%A3o%20somos%20uma%20imobili%C3%A1ria%20disputando%20o%20seu%20cliente.%20O%20Portal%20Esfinge%20%C3%A9%20a%20vitrine%20tecnol%C3%B3gica%20do%20Paran%C3%A1%20criada%20para%20conectar%20o%20comprador%20diretamente%20ao%20seu%20WhatsApp.%22%0A%0APodemos%20agendar%20uma%20demonstra%C3%A7%C3%A3o%20r%C3%A1pida%20sem%20compromisso%3F"
"Matinhos PR";"Imobiliária Abba Caiobá.";"(41) 98405-8491";"https://wa.me/5541984058491?text=Ol%C3%A1%2C%20equipe%20da%20Imobili%C3%A1ria%20Abba%20Caiob%C3%A1.!%20Tudo%20bem%3F%0A%0AAcompanhamos%20o%20destaque%20de%20voc%C3%AAs%20no%20mercado%20imobili%C3%A1rio%20e%20gostar%C3%ADamos%20de%20convidar%20sua%20imobili%C3%A1ria%20para%20divulgar%20sua%20carteira%20de%20im%C3%B3veis%20no%20*Portal%20Esfinge%20Im%C3%B3veis*.%0A%0A%F0%9F%9B%A1%EF%B8%8F%20*Diferenciais%20para%20Imobili%C3%A1rias%3A*%0A1.%20*Zero%20Taxa%20de%20Corretagem%3A*%20Somos%20uma%20vitrine%20tecnol%C3%B3gica%20de%20aproxima%C3%A7%C3%A3o.%20O%20comprador%20%C3%A9%20100%25%20seu.%0A2.%20*Leads%20Diretos%3A*%20O%20cliente%20interessado%20clica%20no%20im%C3%B3vel%20e%20fala%20direto%20com%20o%20seu%20corretor%20no%20WhatsApp.%0A3.%20*Cadastro%20%C3%81gil%3A*%20Basta%20colar%20o%20link%20do%20seu%20an%C3%BAncio%20para%20importar%20em%20segundos.%0A%0AConhe%C3%A7a%20nosso%20portal%20oficial%3A%20https%3A%2F%2Fportalesfingeimoveis.com.br%0A%0A%22N%C3%B3s%20n%C3%A3o%20somos%20uma%20imobili%C3%A1ria%20disputando%20o%20seu%20cliente.%20O%20Portal%20Esfinge%20%C3%A9%20a%20vitrine%20tecnol%C3%B3gica%20do%20Paran%C3%A1%20criada%20para%20conectar%20o%20comprador%20diretamente%20ao%20seu%20WhatsApp.%22%0A%0APodemos%20agendar%20uma%20demonstra%C3%A7%C3%A3o%20r%C3%A1pida%20sem%20compromisso%3F"
"Matinhos PR";"Apolar Imóveis Betaras Matinhos";"(41) 3453-1140";"https://wa.me/554134531140?text=Ol%C3%A1%2C%20equipe%20da%20Apolar%20Im%C3%B3veis%20Betaras%20Matinhos!%20Tudo%20bem%3F%0A%0AAcompanhamos%20o%20destaque%20de%20voc%C3%AAs%20no%20mercado%20imobili%C3%A1rio%20e%20gostar%C3%ADamos%20de%20convidar%20sua%20imobili%C3%A1ria%20para%20divulgar%20sua%20carteira%20de%20im%C3%B3veis%20no%20*Portal%20Esfinge%20Im%C3%B3veis*.%0A%0A%F0%9F%9B%A1%EF%B8%8F%20*Diferenciais%20para%20Imobili%C3%A1rias%3A*%0A1.%20*Zero%20Taxa%20de%20Corretagem%3A*%20Somos%20uma%20vitrine%20tecnol%C3%B3gica%20de%20aproxima%C3%A7%C3%A3o.%20O%20comprador%20%C3%A9%20100%25%20seu.%0A2.%20*Leads%20Diretos%3A*%20O%20cliente%20interessado%20clica%20no%20im%C3%B3vel%20e%20fala%20direto%20com%20o%20seu%20corretor%20no%20WhatsApp.%0A3.%20*Cadastro%20%C3%81gil%3A*%20Basta%20colar%20o%20link%20do%20seu%20an%C3%BAncio%20para%20importar%20em%20segundos.%0A%0AConhe%C3%A7a%20nosso%20portal%20oficial%3A%20https%3A%2F%2Fportalesfingeimoveis.com.br%0A%0A%22N%C3%B3s%20n%C3%A3o%20somos%20uma%20imobili%C3%A1ria%20disputando%20o%20seu%20cliente.%20O%20Portal%20Esfinge%20%C3%A9%20a%20vitrine%20tecnol%C3%B3gica%20do%20Paran%C3%A1%20criada%20para%20conectar%20o%20comprador%20diretamente%20ao%20seu%20WhatsApp.%22%0A%0APodemos%20agendar%20uma%20demonstra%C3%A7%C3%A3o%20r%C3%A1pida%20sem%20compromisso%3F"
"Matinhos PR";"Ecler Imóveis";"(41) 3452-6725";"https://wa.me/554134526725?text=Ol%C3%A1%2C%20equipe%20da%20Ecler%20Im%C3%B3veis!%20Tudo%20bem%3F%0A%0AAcompanhamos%20o%20destaque%20de%20voc%C3%AAs%20no%20mercado%20imobili%C3%A1rio%20e%20gostar%C3%ADamos%20de%20convidar%20sua%20imobili%C3%A1ria%20para%20divulgar%20sua%20carteira%20de%20im%C3%B3veis%20no%20*Portal%20Esfinge%20Im%C3%B3veis*.%0A%0A%F0%9F%9B%A1%EF%B8%8F%20*Diferenciais%20para%20Imobili%C3%A1rias%3A*%0A1.%20*Zero%20Taxa%20de%20Corretagem%3A*%20Somos%20uma%20vitrine%20tecnol%C3%B3gica%20de%20aproxima%C3%A7%C3%A3o.%20O%20comprador%20%C3%A9%20100%25%20seu.%0A2.%20*Leads%20Diretos%3A*%20O%20cliente%20interessado%20clica%20no%20im%C3%B3vel%20e%20fala%20direto%20com%20o%20seu%20corretor%20no%20WhatsApp.%0A3.%20*Cadastro%20%C3%81gil%3A*%20Basta%20colar%20o%20link%20do%20seu%20an%C3%BAncio%20para%20importar%20em%20segundos.%0A%0AConhe%C3%A7a%20nosso%20portal%20oficial%3A%20https%3A%2F%2Fportalesfingeimoveis.com.br%0A%0A%22N%C3%B3s%20n%C3%A3o%20somos%20uma%20imobili%C3%A1ria%20disputando%20o%20seu%20cliente.%20O%20Portal%20Esfinge%20%C3%A9%20a%20vitrine%20tecnol%C3%B3gica%20do%20Paran%C3%A1%20criada%20para%20conectar%20o%20comprador%20diretamente%20ao%20seu%20WhatsApp.%22%0A%0APodemos%20agendar%20uma%20demonstra%C3%A7%C3%A3o%20r%C3%A1pida%20sem%20compromisso%3F"
"Matinhos PR";"Riviera imóveis";"(41) 99168-9161";"https://wa.me/5541991689161?text=Ol%C3%A1%2C%20equipe%20da%20Riviera%20im%C3%B3veis!%20Tudo%20bem%3F%0A%0AAcompanhamos%20o%20destaque%20de%20voc%C3%AAs%20no%20mercado%20imobili%C3%A1rio%20e%20gostar%C3%ADamos%20de%20convidar%20sua%20imobili%C3%A1ria%20para%20divulgar%20sua%20carteira%20de%20im%C3%B3veis%20no%20*Portal%20Esfinge%20Im%C3%B3veis*.%0A%0A%F0%9F%9B%A1%EF%B8%8F%20*Diferenciais%20para%20Imobili%C3%A1rias%3A*%0A1.%20*Zero%20Taxa%20de%20Corretagem%3A*%20Somos%20uma%20vitrine%20tecnol%C3%B3gica%20de%20aproxima%C3%A7%C3%A3o.%20O%20comprador%20%C3%A9%20100%25%20seu.%0A2.%20*Leads%20Diretos%3A*%20O%20cliente%20interessado%20clica%20no%20im%C3%B3vel%20e%20fala%20direto%20com%20o%20seu%20corretor%20no%20WhatsApp.%0A3.%20*Cadastro%20%C3%81gil%3A*%20Basta%20colar%20o%20link%20do%20seu%20an%C3%BAncio%20para%20importar%20em%20segundos.%0A%0AConhe%C3%A7a%20nosso%20portal%20oficial%3A%20https%3A%2F%2Fportalesfingeimoveis.com.br%0A%0A%22N%C3%B3s%20n%C3%A3o%20somos%20uma%20imobili%C3%A1ria%20disputando%20o%20seu%20cliente.%20O%20Portal%20Esfinge%20%C3%A9%20a%20vitrine%20tecnol%C3%B3gica%20do%20Paran%C3%A1%20criada%20para%20conectar%20o%20comprador%20diretamente%20ao%20seu%20WhatsApp.%22%0A%0APodemos%20agendar%20uma%20demonstra%C3%A7%C3%A3o%20r%C3%A1pida%20sem%20compromisso%3F"
"Matinhos PR";"CGCORRETORESDEIMOVEIS";"(41) 99505-3007";"https://wa.me/5541995053007?text=Ol%C3%A1%2C%20equipe%20da%20CGCORRETORESDEIMOVEIS!%20Tudo%20bem%3F%0A%0AAcompanhamos%20o%20destaque%20de%20voc%C3%AAs%20no%20mercado%20imobili%C3%A1rio%20e%20gostar%C3%ADamos%20de%20convidar%20sua%20imobili%C3%A1ria%20para%20divulgar%20sua%20carteira%20de%20im%C3%B3veis%20no%20*Portal%20Esfinge%20Im%C3%B3veis*.%0A%0A%F0%9F%9B%A1%EF%B8%8F%20*Diferenciais%20para%20Imobili%C3%A1rias%3A*%0A1.%20*Zero%20Taxa%20de%20Corretagem%3A*%20Somos%20uma%20vitrine%20tecnol%C3%B3gica%20de%20aproxima%C3%A7%C3%A3o.%20O%20comprador%20%C3%A9%20100%25%20seu.%0A2.%20*Leads%20Diretos%3A*%20O%20cliente%20interessado%20clica%20no%20im%C3%B3vel%20e%20fala%20direto%20com%20o%20seu%20corretor%20no%20WhatsApp.%0A3.%20*Cadastro%20%C3%81gil%3A*%20Basta%20colar%20o%20link%20do%20seu%20an%C3%BAncio%20para%20importar%20em%20segundos.%0A%0AConhe%C3%A7a%20nosso%20portal%20oficial%3A%20https%3A%2F%2Fportalesfingeimoveis.com.br%0A%0A%22N%C3%B3s%20n%C3%A3o%20somos%20uma%20imobili%C3%A1ria%20disputando%20o%20seu%20cliente.%20O%20Portal%20Esfinge%20%C3%A9%20a%20vitrine%20tecnol%C3%B3gica%20do%20Paran%C3%A1%20criada%20para%20conectar%20o%20comprador%20diretamente%20ao%20seu%20WhatsApp.%22%0A%0APodemos%20agendar%20uma%20demonstra%C3%A7%C3%A3o%20r%C3%A1pida%20sem%20compromisso%3F"
"Matinhos PR";"Michelly Imóveis - Imobiliária em Matinhos - Caiobá";"(41) 99880-4524";"https://wa.me/5541998804524?text=Ol%C3%A1%2C%20equipe%20da%20Michelly%20Im%C3%B3veis%20-%20Imobili%C3%A1ria%20em%20Matinhos%20-%20Caiob%C3%A1!%20Tudo%20bem%3F%0A%0AAcompanhamos%20o%20destaque%20de%20voc%C3%AAs%20no%20mercado%20imobili%C3%A1rio%20e%20gostar%C3%ADamos%20de%20convidar%20sua%20imobili%C3%A1ria%20para%20divulgar%20sua%20carteira%20de%20im%C3%B3veis%20no%20*Portal%20Esfinge%20Im%C3%B3veis*.%0A%0A%F0%9F%9B%A1%EF%B8%8F%20*Diferenciais%20para%20Imobili%C3%A1rias%3A*%0A1.%20*Zero%20Taxa%20de%20Corretagem%3A*%20Somos%20uma%20vitrine%20tecnol%C3%B3gica%20de%20aproxima%C3%A7%C3%A3o.%20O%20comprador%20%C3%A9%20100%25%20seu.%0A2.%20*Leads%20Diretos%3A*%20O%20cliente%20interessado%20clica%20no%20im%C3%B3vel%20e%20fala%20direto%20com%20o%20seu%20corretor%20no%20WhatsApp.%0A3.%20*Cadastro%20%C3%81gil%3A*%20Basta%20colar%20o%20link%20do%20seu%20an%C3%BAncio%20para%20importar%20em%20segundos.%0A%0AConhe%C3%A7a%20nosso%20portal%20oficial%3A%20https%3A%2F%2Fportalesfingeimoveis.com.br%0A%0A%22N%C3%B3s%20n%C3%A3o%20somos%20uma%20imobili%C3%A1ria%20disputando%20o%20seu%20cliente.%20O%20Portal%20Esfinge%20%C3%A9%20a%20vitrine%20tecnol%C3%B3gica%20do%20Paran%C3%A1%20criada%20para%20conectar%20o%20comprador%20diretamente%20ao%20seu%20WhatsApp.%22%0A%0APodemos%20agendar%20uma%20demonstra%C3%A7%C3%A3o%20r%C3%A1pida%20sem%20compromisso%3F"
"Matinhos PR";"BALNEÁRIO Junara";"Ver no Google Maps";"Telefone móvel não identificado"
"Matinhos PR";"Eraldo Imóveis - Imobiliária Matinhos";"(41) 3452-7958";"https://wa.me/554134527958?text=Ol%C3%A1%2C%20equipe%20da%20Eraldo%20Im%C3%B3veis%20-%20Imobili%C3%A1ria%20Matinhos!%20Tudo%20bem%3F%0A%0AAcompanhamos%20o%20destaque%20de%20voc%C3%AAs%20no%20mercado%20imobili%C3%A1rio%20e%20gostar%C3%ADamos%20de%20convidar%20sua%20imobili%C3%A1ria%20para%20divulgar%20sua%20carteira%20de%20im%C3%B3veis%20no%20*Portal%20Esfinge%20Im%C3%B3veis*.%0A%0A%F0%9F%9B%A1%EF%B8%8F%20*Diferenciais%20para%20Imobili%C3%A1rias%3A*%0A1.%20*Zero%20Taxa%20de%20Corretagem%3A*%20Somos%20uma%20vitrine%20tecnol%C3%B3gica%20de%20aproxima%C3%A7%C3%A3o.%20O%20comprador%20%C3%A9%20100%25%20seu.%0A2.%20*Leads%20Diretos%3A*%20O%20cliente%20interessado%20clica%20no%20im%C3%B3vel%20e%20fala%20direto%20com%20o%20seu%20corretor%20no%20WhatsApp.%0A3.%20*Cadastro%20%C3%81gil%3A*%20Basta%20colar%20o%20link%20do%20seu%20an%C3%BAncio%20para%20importar%20em%20segundos.%0A%0AConhe%C3%A7a%20nosso%20portal%20oficial%3A%20https%3A%2F%2Fportalesfingeimoveis.com.br%0A%0A%22N%C3%B3s%20n%C3%A3o%20somos%20uma%20imobili%C3%A1ria%20disputando%20o%20seu%20cliente.%20O%20Portal%20Esfinge%20%C3%A9%20a%20vitrine%20tecnol%C3%B3gica%20do%20Paran%C3%A1%20criada%20para%20conectar%20o%20comprador%20diretamente%20ao%20seu%20WhatsApp.%22%0A%0APodemos%20agendar%20uma%20demonstra%C3%A7%C3%A3o%20r%C3%A1pida%20sem%20compromisso%3F"
"Matinhos PR";"Carraro Imoveis Litoral";"(41) 99889-9090";"https://wa.me/5541998899090?text=Ol%C3%A1%2C%20equipe%20da%20Carraro%20Imoveis%20Litoral!%20Tudo%20bem%3F%0A%0AAcompanhamos%20o%20destaque%20de%20voc%C3%AAs%20no%20mercado%20imobili%C3%A1rio%20e%20gostar%C3%ADamos%20de%20convidar%20sua%20imobili%C3%A1ria%20para%20divulgar%20sua%20carteira%20de%20im%C3%B3veis%20no%20*Portal%20Esfinge%20Im%C3%B3veis*.%0A%0A%F0%9F%9B%A1%EF%B8%8F%20*Diferenciais%20para%20Imobili%C3%A1rias%3A*%0A1.%20*Zero%20Taxa%20de%20Corretagem%3A*%20Somos%20uma%20vitrine%20tecnol%C3%B3gica%20de%20aproxima%C3%A7%C3%A3o.%20O%20comprador%20%C3%A9%20100%25%20seu.%0A2.%20*Leads%20Diretos%3A*%20O%20cliente%20interessado%20clica%20no%20im%C3%B3vel%20e%20fala%20direto%20com%20o%20seu%20corretor%20no%20WhatsApp.%0A3.%20*Cadastro%20%C3%81gil%3A*%20Basta%20colar%20o%20link%20do%20seu%20an%C3%BAncio%20para%20importar%20em%20segundos.%0A%0AConhe%C3%A7a%20nosso%20portal%20oficial%3A%20https%3A%2F%2Fportalesfingeimoveis.com.br%0A%0A%22N%C3%B3s%20n%C3%A3o%20somos%20uma%20imobili%C3%A1ria%20disputando%20o%20seu%20cliente.%20O%20Portal%20Esfinge%20%C3%A9%20a%20vitrine%20tecnol%C3%B3gica%20do%20Paran%C3%A1%20criada%20para%20conectar%20o%20comprador%20diretamente%20ao%20seu%20WhatsApp.%22%0A%0APodemos%20agendar%20uma%20demonstra%C3%A7%C3%A3o%20r%C3%A1pida%20sem%20compromisso%3F"
"Matinhos PR";"Ilha do Mel Imóveis Rivieira - Imobiliária em Matinhos";"(41) 98522-8020";"https://wa.me/5541985228020?text=Ol%C3%A1%2C%20equipe%20da%20Ilha%20do%20Mel%20Im%C3%B3veis%20Rivieira%20-%20Imobili%C3%A1ria%20em%20Matinhos!%20Tudo%20bem%3F%0A%0AAcompanhamos%20o%20destaque%20de%20voc%C3%AAs%20no%20mercado%20imobili%C3%A1rio%20e%20gostar%C3%ADamos%20de%20convidar%20sua%20imobili%C3%A1ria%20para%20divulgar%20sua%20carteira%20de%20im%C3%B3veis%20no%20*Portal%20Esfinge%20Im%C3%B3veis*.%0A%0A%F0%9F%9B%A1%EF%B8%8F%20*Diferenciais%20para%20Imobili%C3%A1rias%3A*%0A1.%20*Zero%20Taxa%20de%20Corretagem%3A*%20Somos%20uma%20vitrine%20tecnol%C3%B3gica%20de%20aproxima%C3%A7%C3%A3o.%20O%20comprador%20%C3%A9%20100%25%20seu.%0A2.%20*Leads%20Diretos%3A*%20O%20cliente%20interessado%20clica%20no%20im%C3%B3vel%20e%20fala%20direto%20com%20o%20seu%20corretor%20no%20WhatsApp.%0A3.%20*Cadastro%20%C3%81gil%3A*%20Basta%20colar%20o%20link%20do%20seu%20an%C3%BAncio%20para%20importar%20em%20segundos.%0A%0AConhe%C3%A7a%20nosso%20portal%20oficial%3A%20https%3A%2F%2Fportalesfingeimoveis.com.br%0A%0A%22N%C3%B3s%20n%C3%A3o%20somos%20uma%20imobili%C3%A1ria%20disputando%20o%20seu%20cliente.%20O%20Portal%20Esfinge%20%C3%A9%20a%20vitrine%20tecnol%C3%B3gica%20do%20Paran%C3%A1%20criada%20para%20conectar%20o%20comprador%20diretamente%20ao%20seu%20WhatsApp.%22%0A%0APodemos%20agendar%20uma%20demonstra%C3%A7%C3%A3o%20r%C3%A1pida%20sem%20compromisso%3F"
"Matinhos PR";"Balneário Caravelas";"Ver no Google Maps";"Telefone móvel não identificado"
"Matinhos PR";"Ilha do Mel Imóveis Perequê";"(41) 99676-2666";"https://wa.me/5541996762666?text=Ol%C3%A1%2C%20equipe%20da%20Ilha%20do%20Mel%20Im%C3%B3veis%20Perequ%C3%AA!%20Tudo%20bem%3F%0A%0AAcompanhamos%20o%20destaque%20de%20voc%C3%AAs%20no%20mercado%20imobili%C3%A1rio%20e%20gostar%C3%ADamos%20de%20convidar%20sua%20imobili%C3%A1ria%20para%20divulgar%20sua%20carteira%20de%20im%C3%B3veis%20no%20*Portal%20Esfinge%20Im%C3%B3veis*.%0A%0A%F0%9F%9B%A1%EF%B8%8F%20*Diferenciais%20para%20Imobili%C3%A1rias%3A*%0A1.%20*Zero%20Taxa%20de%20Corretagem%3A*%20Somos%20uma%20vitrine%20tecnol%C3%B3gica%20de%20aproxima%C3%A7%C3%A3o.%20O%20comprador%20%C3%A9%20100%25%20seu.%0A2.%20*Leads%20Diretos%3A*%20O%20cliente%20interessado%20clica%20no%20im%C3%B3vel%20e%20fala%20direto%20com%20o%20seu%20corretor%20no%20WhatsApp.%0A3.%20*Cadastro%20%C3%81gil%3A*%20Basta%20colar%20o%20link%20do%20seu%20an%C3%BAncio%20para%20importar%20em%20segundos.%0A%0AConhe%C3%A7a%20nosso%20portal%20oficial%3A%20https%3A%2F%2Fportalesfingeimoveis.com.br%0A%0A%22N%C3%B3s%20n%C3%A3o%20somos%20uma%20imobili%C3%A1ria%20disputando%20o%20seu%20cliente.%20O%20Portal%20Esfinge%20%C3%A9%20a%20vitrine%20tecnol%C3%B3gica%20do%20Paran%C3%A1%20criada%20para%20conectar%20o%20comprador%20diretamente%20ao%20seu%20WhatsApp.%22%0A%0APodemos%20agendar%20uma%20demonstra%C3%A7%C3%A3o%20r%C3%A1pida%20sem%20compromisso%3F"
"Matinhos PR";"Correia Incorporadora de Imóveis";"(41) 99935-6140";"https://wa.me/5541999356140?text=Ol%C3%A1%2C%20equipe%20da%20Correia%20Incorporadora%20de%20Im%C3%B3veis!%20Tudo%20bem%3F%0A%0AAcompanhamos%20o%20destaque%20de%20voc%C3%AAs%20no%20mercado%20imobili%C3%A1rio%20e%20gostar%C3%ADamos%20de%20convidar%20sua%20imobili%C3%A1ria%20para%20divulgar%20sua%20carteira%20de%20im%C3%B3veis%20no%20*Portal%20Esfinge%20Im%C3%B3veis*.%0A%0A%F0%9F%9B%A1%EF%B8%8F%20*Diferenciais%20para%20Imobili%C3%A1rias%3A*%0A1.%20*Zero%20Taxa%20de%20Corretagem%3A*%20Somos%20uma%20vitrine%20tecnol%C3%B3gica%20de%20aproxima%C3%A7%C3%A3o.%20O%20comprador%20%C3%A9%20100%25%20seu.%0A2.%20*Leads%20Diretos%3A*%20O%20cliente%20interessado%20clica%20no%20im%C3%B3vel%20e%20fala%20direto%20com%20o%20seu%20corretor%20no%20WhatsApp.%0A3.%20*Cadastro%20%C3%81gil%3A*%20Basta%20colar%20o%20link%20do%20seu%20an%C3%BAncio%20para%20importar%20em%20segundos.%0A%0AConhe%C3%A7a%20nosso%20portal%20oficial%3A%20https%3A%2F%2Fportalesfingeimoveis.com.br%0A%0A%22N%C3%B3s%20n%C3%A3o%20somos%20uma%20imobili%C3%A1ria%20disputando%20o%20seu%20cliente.%20O%20Portal%20Esfinge%20%C3%A9%20a%20vitrine%20tecnol%C3%B3gica%20do%20Paran%C3%A1%20criada%20para%20conectar%20o%20comprador%20diretamente%20ao%20seu%20WhatsApp.%22%0A%0APodemos%20agendar%20uma%20demonstra%C3%A7%C3%A3o%20r%C3%A1pida%20sem%20compromisso%3F"
"Matinhos PR";"Riviera imóveis";"(41) 99168-9161";"https://wa.me/5541991689161?text=Ol%C3%A1%2C%20equipe%20da%20Riviera%20im%C3%B3veis!%20Tudo%20bem%3F%0A%0AAcompanhamos%20o%20destaque%20de%20voc%C3%AAs%20no%20mercado%20imobili%C3%A1rio%20e%20gostar%C3%ADamos%20de%20convidar%20sua%20imobili%C3%A1ria%20para%20divulgar%20sua%20carteira%20de%20im%C3%B3veis%20no%20*Portal%20Esfinge%20Im%C3%B3veis*.%0A%0A%F0%9F%9B%A1%EF%B8%8F%20*Diferenciais%20para%20Imobili%C3%A1rias%3A*%0A1.%20*Zero%20Taxa%20de%20Corretagem%3A*%20Somos%20uma%20vitrine%20tecnol%C3%B3gica%20de%20aproxima%C3%A7%C3%A3o.%20O%20comprador%20%C3%A9%20100%25%20seu.%0A2.%20*Leads%20Diretos%3A*%20O%20cliente%20interessado%20clica%20no%20im%C3%B3vel%20e%20fala%20direto%20com%20o%20seu%20corretor%20no%20WhatsApp.%0A3.%20*Cadastro%20%C3%81gil%3A*%20Basta%20colar%20o%20link%20do%20seu%20an%C3%BAncio%20para%20importar%20em%20segundos.%0A%0AConhe%C3%A7a%20nosso%20portal%20oficial%3A%20https%3A%2F%2Fportalesfingeimoveis.com.br%0A%0A%22N%C3%B3s%20n%C3%A3o%20somos%20uma%20imobili%C3%A1ria%20disputando%20o%20seu%20cliente.%20O%20Portal%20Esfinge%20%C3%A9%20a%20vitrine%20tecnol%C3%B3gica%20do%20Paran%C3%A1%20criada%20para%20conectar%20o%20comprador%20diretamente%20ao%20seu%20WhatsApp.%22%0A%0APodemos%20agendar%20uma%20demonstra%C3%A7%C3%A3o%20r%C3%A1pida%20sem%20compromisso%3F"
"Matinhos PR";"Ecler Imóveis";"(41) 3452-6725";"https://wa.me/554134526725?text=Ol%C3%A1%2C%20equipe%20da%20Ecler%20Im%C3%B3veis!%20Tudo%20bem%3F%0A%0AAcompanhamos%20o%20destaque%20de%20voc%C3%AAs%20no%20mercado%20imobili%C3%A1rio%20e%20gostar%C3%ADamos%20de%20convidar%20sua%20imobili%C3%A1ria%20para%20divulgar%20sua%20carteira%20de%20im%C3%B3veis%20no%20*Portal%20Esfinge%20Im%C3%B3veis*.%0A%0A%F0%9F%9B%A1%EF%B8%8F%20*Diferenciais%20para%20Imobili%C3%A1rias%3A*%0A1.%20*Zero%20Taxa%20de%20Corretagem%3A*%20Somos%20uma%20vitrine%20tecnol%C3%B3gica%20de%20aproxima%C3%A7%C3%A3o.%20O%20comprador%20%C3%A9%20100%25%20seu.%0A2.%20*Leads%20Diretos%3A*%20O%20cliente%20interessado%20clica%20no%20im%C3%B3vel%20e%20fala%20direto%20com%20o%20seu%20corretor%20no%20WhatsApp.%0A3.%20*Cadastro%20%C3%81gil%3A*%20Basta%20colar%20o%20link%20do%20seu%20an%C3%BAncio%20para%20importar%20em%20segundos.%0A%0AConhe%C3%A7a%20nosso%20portal%20oficial%3A%20https%3A%2F%2Fportalesfingeimoveis.com.br%0A%0A%22N%C3%B3s%20n%C3%A3o%20somos%20uma%20imobili%C3%A1ria%20disputando%20o%20seu%20cliente.%20O%20Portal%20Esfinge%20%C3%A9%20a%20vitrine%20tecnol%C3%B3gica%20do%20Paran%C3%A1%20criada%20para%20conectar%20o%20comprador%20diretamente%20ao%20seu%20WhatsApp.%22%0A%0APodemos%20agendar%20uma%20demonstra%C3%A7%C3%A3o%20r%C3%A1pida%20sem%20compromisso%3F"
"Matinhos PR";"LF Leandro Franco Corretor";"(41) 99675-0766";"https://wa.me/5541996750766?text=Ol%C3%A1%2C%20equipe%20da%20LF%20Leandro%20Franco%20Corretor!%20Tudo%20bem%3F%0A%0AAcompanhamos%20o%20destaque%20de%20voc%C3%AAs%20no%20mercado%20imobili%C3%A1rio%20e%20gostar%C3%ADamos%20de%20convidar%20sua%20imobili%C3%A1ria%20para%20divulgar%20sua%20carteira%20de%20im%C3%B3veis%20no%20*Portal%20Esfinge%20Im%C3%B3veis*.%0A%0A%F0%9F%9B%A1%EF%B8%8F%20*Diferenciais%20para%20Imobili%C3%A1rias%3A*%0A1.%20*Zero%20Taxa%20de%20Corretagem%3A*%20Somos%20uma%20vitrine%20tecnol%C3%B3gica%20de%20aproxima%C3%A7%C3%A3o.%20O%20comprador%20%C3%A9%20100%25%20seu.%0A2.%20*Leads%20Diretos%3A*%20O%20cliente%20interessado%20clica%20no%20im%C3%B3vel%20e%20fala%20direto%20com%20o%20seu%20corretor%20no%20WhatsApp.%0A3.%20*Cadastro%20%C3%81gil%3A*%20Basta%20colar%20o%20link%20do%20seu%20an%C3%BAncio%20para%20importar%20em%20segundos.%0A%0AConhe%C3%A7a%20nosso%20portal%20oficial%3A%20https%3A%2F%2Fportalesfingeimoveis.com.br%0A%0A%22N%C3%B3s%20n%C3%A3o%20somos%20uma%20imobili%C3%A1ria%20disputando%20o%20seu%20cliente.%20O%20Portal%20Esfinge%20%C3%A9%20a%20vitrine%20tecnol%C3%B3gica%20do%20Paran%C3%A1%20criada%20para%20conectar%20o%20comprador%20diretamente%20ao%20seu%20WhatsApp.%22%0A%0APodemos%20agendar%20uma%20demonstra%C3%A7%C3%A3o%20r%C3%A1pida%20sem%20compromisso%3F"
"Matinhos PR";"Eraldo Imóveis - Imobiliária Pontal do Paraná";"(41) 99208-8844";"https://wa.me/5541992088844?text=Ol%C3%A1%2C%20equipe%20da%20Eraldo%20Im%C3%B3veis%20-%20Imobili%C3%A1ria%20Pontal%20do%20Paran%C3%A1!%20Tudo%20bem%3F%0A%0AAcompanhamos%20o%20destaque%20de%20voc%C3%AAs%20no%20mercado%20imobili%C3%A1rio%20e%20gostar%C3%ADamos%20de%20convidar%20sua%20imobili%C3%A1ria%20para%20divulgar%20sua%20carteira%20de%20im%C3%B3veis%20no%20*Portal%20Esfinge%20Im%C3%B3veis*.%0A%0A%F0%9F%9B%A1%EF%B8%8F%20*Diferenciais%20para%20Imobili%C3%A1rias%3A*%0A1.%20*Zero%20Taxa%20de%20Corretagem%3A*%20Somos%20uma%20vitrine%20tecnol%C3%B3gica%20de%20aproxima%C3%A7%C3%A3o.%20O%20comprador%20%C3%A9%20100%25%20seu.%0A2.%20*Leads%20Diretos%3A*%20O%20cliente%20interessado%20clica%20no%20im%C3%B3vel%20e%20fala%20direto%20com%20o%20seu%20corretor%20no%20WhatsApp.%0A3.%20*Cadastro%20%C3%81gil%3A*%20Basta%20colar%20o%20link%20do%20seu%20an%C3%BAncio%20para%20importar%20em%20segundos.%0A%0AConhe%C3%A7a%20nosso%20portal%20oficial%3A%20https%3A%2F%2Fportalesfingeimoveis.com.br%0A%0A%22N%C3%B3s%20n%C3%A3o%20somos%20uma%20imobili%C3%A1ria%20disputando%20o%20seu%20cliente.%20O%20Portal%20Esfinge%20%C3%A9%20a%20vitrine%20tecnol%C3%B3gica%20do%20Paran%C3%A1%20criada%20para%20conectar%20o%20comprador%20diretamente%20ao%20seu%20WhatsApp.%22%0A%0APodemos%20agendar%20uma%20demonstra%C3%A7%C3%A3o%20r%C3%A1pida%20sem%20compromisso%3F"
"Matinhos PR";"Costa Brava Imóveis Imobiliária em Caiobá";"(41) 99849-4744";"https://wa.me/5541998494744?text=Ol%C3%A1%2C%20equipe%20da%20Costa%20Brava%20Im%C3%B3veis%20Imobili%C3%A1ria%20em%20Caiob%C3%A1!%20Tudo%20bem%3F%0A%0AAcompanhamos%20o%20destaque%20de%20voc%C3%AAs%20no%20mercado%20imobili%C3%A1rio%20e%20gostar%C3%ADamos%20de%20convidar%20sua%20imobili%C3%A1ria%20para%20divulgar%20sua%20carteira%20de%20im%C3%B3veis%20no%20*Portal%20Esfinge%20Im%C3%B3veis*.%0A%0A%F0%9F%9B%A1%EF%B8%8F%20*Diferenciais%20para%20Imobili%C3%A1rias%3A*%0A1.%20*Zero%20Taxa%20de%20Corretagem%3A*%20Somos%20uma%20vitrine%20tecnol%C3%B3gica%20de%20aproxima%C3%A7%C3%A3o.%20O%20comprador%20%C3%A9%20100%25%20seu.%0A2.%20*Leads%20Diretos%3A*%20O%20cliente%20interessado%20clica%20no%20im%C3%B3vel%20e%20fala%20direto%20com%20o%20seu%20corretor%20no%20WhatsApp.%0A3.%20*Cadastro%20%C3%81gil%3A*%20Basta%20colar%20o%20link%20do%20seu%20an%C3%BAncio%20para%20importar%20em%20segundos.%0A%0AConhe%C3%A7a%20nosso%20portal%20oficial%3A%20https%3A%2F%2Fportalesfingeimoveis.com.br%0A%0A%22N%C3%B3s%20n%C3%A3o%20somos%20uma%20imobili%C3%A1ria%20disputando%20o%20seu%20cliente.%20O%20Portal%20Esfinge%20%C3%A9%20a%20vitrine%20tecnol%C3%B3gica%20do%20Paran%C3%A1%20criada%20para%20conectar%20o%20comprador%20diretamente%20ao%20seu%20WhatsApp.%22%0A%0APodemos%20agendar%20uma%20demonstra%C3%A7%C3%A3o%20r%C3%A1pida%20sem%20compromisso%3F"
"Caioba PR";"Eraldo Imóveis - Imobiliária em Caiobá - Matinhos";"(41) 3473-5290";"https://wa.me/554134735290?text=Ol%C3%A1%2C%20equipe%20da%20Eraldo%20Im%C3%B3veis%20-%20Imobili%C3%A1ria%20em%20Caiob%C3%A1%20-%20Matinhos!%20Tudo%20bem%3F%0A%0AAcompanhamos%20o%20destaque%20de%20voc%C3%AAs%20no%20mercado%20imobili%C3%A1rio%20e%20gostar%C3%ADamos%20de%20convidar%20sua%20imobili%C3%A1ria%20para%20divulgar%20sua%20carteira%20de%20im%C3%B3veis%20no%20*Portal%20Esfinge%20Im%C3%B3veis*.%0A%0A%F0%9F%9B%A1%EF%B8%8F%20*Diferenciais%20para%20Imobili%C3%A1rias%3A*%0A1.%20*Zero%20Taxa%20de%20Corretagem%3A*%20Somos%20uma%20vitrine%20tecnol%C3%B3gica%20de%20aproxima%C3%A7%C3%A3o.%20O%20comprador%20%C3%A9%20100%25%20seu.%0A2.%20*Leads%20Diretos%3A*%20O%20cliente%20interessado%20clica%20no%20im%C3%B3vel%20e%20fala%20direto%20com%20o%20seu%20corretor%20no%20WhatsApp.%0A3.%20*Cadastro%20%C3%81gil%3A*%20Basta%20colar%20o%20link%20do%20seu%20an%C3%BAncio%20para%20importar%20em%20segundos.%0A%0AConhe%C3%A7a%20nosso%20portal%20oficial%3A%20https%3A%2F%2Fportalesfingeimoveis.com.br%0A%0A%22N%C3%B3s%20n%C3%A3o%20somos%20uma%20imobili%C3%A1ria%20disputando%20o%20seu%20cliente.%20O%20Portal%20Esfinge%20%C3%A9%20a%20vitrine%20tecnol%C3%B3gica%20do%20Paran%C3%A1%20criada%20para%20conectar%20o%20comprador%20diretamente%20ao%20seu%20WhatsApp.%22%0A%0APodemos%20agendar%20uma%20demonstra%C3%A7%C3%A3o%20r%C3%A1pida%20sem%20compromisso%3F"
"Caioba PR";"Imóveis Caiobá";"(41) 3453-1231";"https://wa.me/554134531231?text=Ol%C3%A1%2C%20equipe%20da%20Im%C3%B3veis%20Caiob%C3%A1!%20Tudo%20bem%3F%0A%0AAcompanhamos%20o%20destaque%20de%20voc%C3%AAs%20no%20mercado%20imobili%C3%A1rio%20e%20gostar%C3%ADamos%20de%20convidar%20sua%20imobili%C3%A1ria%20para%20divulgar%20sua%20carteira%20de%20im%C3%B3veis%20no%20*Portal%20Esfinge%20Im%C3%B3veis*.%0A%0A%F0%9F%9B%A1%EF%B8%8F%20*Diferenciais%20para%20Imobili%C3%A1rias%3A*%0A1.%20*Zero%20Taxa%20de%20Corretagem%3A*%20Somos%20uma%20vitrine%20tecnol%C3%B3gica%20de%20aproxima%C3%A7%C3%A3o.%20O%20comprador%20%C3%A9%20100%25%20seu.%0A2.%20*Leads%20Diretos%3A*%20O%20cliente%20interessado%20clica%20no%20im%C3%B3vel%20e%20fala%20direto%20com%20o%20seu%20corretor%20no%20WhatsApp.%0A3.%20*Cadastro%20%C3%81gil%3A*%20Basta%20colar%20o%20link%20do%20seu%20an%C3%BAncio%20para%20importar%20em%20segundos.%0A%0AConhe%C3%A7a%20nosso%20portal%20oficial%3A%20https%3A%2F%2Fportalesfingeimoveis.com.br%0A%0A%22N%C3%B3s%20n%C3%A3o%20somos%20uma%20imobili%C3%A1ria%20disputando%20o%20seu%20cliente.%20O%20Portal%20Esfinge%20%C3%A9%20a%20vitrine%20tecnol%C3%B3gica%20do%20Paran%C3%A1%20criada%20para%20conectar%20o%20comprador%20diretamente%20ao%20seu%20WhatsApp.%22%0A%0APodemos%20agendar%20uma%20demonstra%C3%A7%C3%A3o%20r%C3%A1pida%20sem%20compromisso%3F"
"Caioba PR";"Costa Brava Imóveis Imobiliária em Caiobá";"(41) 99849-4744";"https://wa.me/5541998494744?text=Ol%C3%A1%2C%20equipe%20da%20Costa%20Brava%20Im%C3%B3veis%20Imobili%C3%A1ria%20em%20Caiob%C3%A1!%20Tudo%20bem%3F%0A%0AAcompanhamos%20o%20destaque%20de%20voc%C3%AAs%20no%20mercado%20imobili%C3%A1rio%20e%20gostar%C3%ADamos%20de%20convidar%20sua%20imobili%C3%A1ria%20para%20divulgar%20sua%20carteira%20de%20im%C3%B3veis%20no%20*Portal%20Esfinge%20Im%C3%B3veis*.%0A%0A%F0%9F%9B%A1%EF%B8%8F%20*Diferenciais%20para%20Imobili%C3%A1rias%3A*%0A1.%20*Zero%20Taxa%20de%20Corretagem%3A*%20Somos%20uma%20vitrine%20tecnol%C3%B3gica%20de%20aproxima%C3%A7%C3%A3o.%20O%20comprador%20%C3%A9%20100%25%20seu.%0A2.%20*Leads%20Diretos%3A*%20O%20cliente%20interessado%20clica%20no%20im%C3%B3vel%20e%20fala%20direto%20com%20o%20seu%20corretor%20no%20WhatsApp.%0A3.%20*Cadastro%20%C3%81gil%3A*%20Basta%20colar%20o%20link%20do%20seu%20an%C3%BAncio%20para%20importar%20em%20segundos.%0A%0AConhe%C3%A7a%20nosso%20portal%20oficial%3A%20https%3A%2F%2Fportalesfingeimoveis.com.br%0A%0A%22N%C3%B3s%20n%C3%A3o%20somos%20uma%20imobili%C3%A1ria%20disputando%20o%20seu%20cliente.%20O%20Portal%20Esfinge%20%C3%A9%20a%20vitrine%20tecnol%C3%B3gica%20do%20Paran%C3%A1%20criada%20para%20conectar%20o%20comprador%20diretamente%20ao%20seu%20WhatsApp.%22%0A%0APodemos%20agendar%20uma%20demonstra%C3%A7%C3%A3o%20r%C3%A1pida%20sem%20compromisso%3F"
"Caioba PR";"HR Imóveis Caiobá";"(41) 3453-3030";"https://wa.me/554134533030?text=Ol%C3%A1%2C%20equipe%20da%20HR%20Im%C3%B3veis%20Caiob%C3%A1!%20Tudo%20bem%3F%0A%0AAcompanhamos%20o%20destaque%20de%20voc%C3%AAs%20no%20mercado%20imobili%C3%A1rio%20e%20gostar%C3%ADamos%20de%20convidar%20sua%20imobili%C3%A1ria%20para%20divulgar%20sua%20carteira%20de%20im%C3%B3veis%20no%20*Portal%20Esfinge%20Im%C3%B3veis*.%0A%0A%F0%9F%9B%A1%EF%B8%8F%20*Diferenciais%20para%20Imobili%C3%A1rias%3A*%0A1.%20*Zero%20Taxa%20de%20Corretagem%3A*%20Somos%20uma%20vitrine%20tecnol%C3%B3gica%20de%20aproxima%C3%A7%C3%A3o.%20O%20comprador%20%C3%A9%20100%25%20seu.%0A2.%20*Leads%20Diretos%3A*%20O%20cliente%20interessado%20clica%20no%20im%C3%B3vel%20e%20fala%20direto%20com%20o%20seu%20corretor%20no%20WhatsApp.%0A3.%20*Cadastro%20%C3%81gil%3A*%20Basta%20colar%20o%20link%20do%20seu%20an%C3%BAncio%20para%20importar%20em%20segundos.%0A%0AConhe%C3%A7a%20nosso%20portal%20oficial%3A%20https%3A%2F%2Fportalesfingeimoveis.com.br%0A%0A%22N%C3%B3s%20n%C3%A3o%20somos%20uma%20imobili%C3%A1ria%20disputando%20o%20seu%20cliente.%20O%20Portal%20Esfinge%20%C3%A9%20a%20vitrine%20tecnol%C3%B3gica%20do%20Paran%C3%A1%20criada%20para%20conectar%20o%20comprador%20diretamente%20ao%20seu%20WhatsApp.%22%0A%0APodemos%20agendar%20uma%20demonstra%C3%A7%C3%A3o%20r%C3%A1pida%20sem%20compromisso%3F"
"Caioba PR";"Apolar Imóveis Caiobá";"(41) 3473-3177";"https://wa.me/554134733177?text=Ol%C3%A1%2C%20equipe%20da%20Apolar%20Im%C3%B3veis%20Caiob%C3%A1!%20Tudo%20bem%3F%0A%0AAcompanhamos%20o%20destaque%20de%20voc%C3%AAs%20no%20mercado%20imobili%C3%A1rio%20e%20gostar%C3%ADamos%20de%20convidar%20sua%20imobili%C3%A1ria%20para%20divulgar%20sua%20carteira%20de%20im%C3%B3veis%20no%20*Portal%20Esfinge%20Im%C3%B3veis*.%0A%0A%F0%9F%9B%A1%EF%B8%8F%20*Diferenciais%20para%20Imobili%C3%A1rias%3A*%0A1.%20*Zero%20Taxa%20de%20Corretagem%3A*%20Somos%20uma%20vitrine%20tecnol%C3%B3gica%20de%20aproxima%C3%A7%C3%A3o.%20O%20comprador%20%C3%A9%20100%25%20seu.%0A2.%20*Leads%20Diretos%3A*%20O%20cliente%20interessado%20clica%20no%20im%C3%B3vel%20e%20fala%20direto%20com%20o%20seu%20corretor%20no%20WhatsApp.%0A3.%20*Cadastro%20%C3%81gil%3A*%20Basta%20colar%20o%20link%20do%20seu%20an%C3%BAncio%20para%20importar%20em%20segundos.%0A%0AConhe%C3%A7a%20nosso%20portal%20oficial%3A%20https%3A%2F%2Fportalesfingeimoveis.com.br%0A%0A%22N%C3%B3s%20n%C3%A3o%20somos%20uma%20imobili%C3%A1ria%20disputando%20o%20seu%20cliente.%20O%20Portal%20Esfinge%20%C3%A9%20a%20vitrine%20tecnol%C3%B3gica%20do%20Paran%C3%A1%20criada%20para%20conectar%20o%20comprador%20diretamente%20ao%20seu%20WhatsApp.%22%0A%0APodemos%20agendar%20uma%20demonstra%C3%A7%C3%A3o%20r%C3%A1pida%20sem%20compromisso%3F"
"Caioba PR";"Matinhos Imóveis Ltda";"(41) 98875-9817";"https://wa.me/5541988759817?text=Ol%C3%A1%2C%20equipe%20da%20Matinhos%20Im%C3%B3veis%20Ltda!%20Tudo%20bem%3F%0A%0AAcompanhamos%20o%20destaque%20de%20voc%C3%AAs%20no%20mercado%20imobili%C3%A1rio%20e%20gostar%C3%ADamos%20de%20convidar%20sua%20imobili%C3%A1ria%20para%20divulgar%20sua%20carteira%20de%20im%C3%B3veis%20no%20*Portal%20Esfinge%20Im%C3%B3veis*.%0A%0A%F0%9F%9B%A1%EF%B8%8F%20*Diferenciais%20para%20Imobili%C3%A1rias%3A*%0A1.%20*Zero%20Taxa%20de%20Corretagem%3A*%20Somos%20uma%20vitrine%20tecnol%C3%B3gica%20de%20aproxima%C3%A7%C3%A3o.%20O%20comprador%20%C3%A9%20100%25%20seu.%0A2.%20*Leads%20Diretos%3A*%20O%20cliente%20interessado%20clica%20no%20im%C3%B3vel%20e%20fala%20direto%20com%20o%20seu%20corretor%20no%20WhatsApp.%0A3.%20*Cadastro%20%C3%81gil%3A*%20Basta%20colar%20o%20link%20do%20seu%20an%C3%BAncio%20para%20importar%20em%20segundos.%0A%0AConhe%C3%A7a%20nosso%20portal%20oficial%3A%20https%3A%2F%2Fportalesfingeimoveis.com.br%0A%0A%22N%C3%B3s%20n%C3%A3o%20somos%20uma%20imobili%C3%A1ria%20disputando%20o%20seu%20cliente.%20O%20Portal%20Esfinge%20%C3%A9%20a%20vitrine%20tecnol%C3%B3gica%20do%20Paran%C3%A1%20criada%20para%20conectar%20o%20comprador%20diretamente%20ao%20seu%20WhatsApp.%22%0A%0APodemos%20agendar%20uma%20demonstra%C3%A7%C3%A3o%20r%C3%A1pida%20sem%20compromisso%3F"
"Caioba PR";"Navegar Imóveis - Imobiliária em Caiobá";"(41) 99611-5020";"https://wa.me/5541996115020?text=Ol%C3%A1%2C%20equipe%20da%20Navegar%20Im%C3%B3veis%20-%20Imobili%C3%A1ria%20em%20Caiob%C3%A1!%20Tudo%20bem%3F%0A%0AAcompanhamos%20o%20destaque%20de%20voc%C3%AAs%20no%20mercado%20imobili%C3%A1rio%20e%20gostar%C3%ADamos%20de%20convidar%20sua%20imobili%C3%A1ria%20para%20divulgar%20sua%20carteira%20de%20im%C3%B3veis%20no%20*Portal%20Esfinge%20Im%C3%B3veis*.%0A%0A%F0%9F%9B%A1%EF%B8%8F%20*Diferenciais%20para%20Imobili%C3%A1rias%3A*%0A1.%20*Zero%20Taxa%20de%20Corretagem%3A*%20Somos%20uma%20vitrine%20tecnol%C3%B3gica%20de%20aproxima%C3%A7%C3%A3o.%20O%20comprador%20%C3%A9%20100%25%20seu.%0A2.%20*Leads%20Diretos%3A*%20O%20cliente%20interessado%20clica%20no%20im%C3%B3vel%20e%20fala%20direto%20com%20o%20seu%20corretor%20no%20WhatsApp.%0A3.%20*Cadastro%20%C3%81gil%3A*%20Basta%20colar%20o%20link%20do%20seu%20an%C3%BAncio%20para%20importar%20em%20segundos.%0A%0AConhe%C3%A7a%20nosso%20portal%20oficial%3A%20https%3A%2F%2Fportalesfingeimoveis.com.br%0A%0A%22N%C3%B3s%20n%C3%A3o%20somos%20uma%20imobili%C3%A1ria%20disputando%20o%20seu%20cliente.%20O%20Portal%20Esfinge%20%C3%A9%20a%20vitrine%20tecnol%C3%B3gica%20do%20Paran%C3%A1%20criada%20para%20conectar%20o%20comprador%20diretamente%20ao%20seu%20WhatsApp.%22%0A%0APodemos%20agendar%20uma%20demonstra%C3%A7%C3%A3o%20r%C3%A1pida%20sem%20compromisso%3F"
"Caioba PR";"Imobiliária Abba Caiobá.";"(41) 98405-8491";"https://wa.me/5541984058491?text=Ol%C3%A1%2C%20equipe%20da%20Imobili%C3%A1ria%20Abba%20Caiob%C3%A1.!%20Tudo%20bem%3F%0A%0AAcompanhamos%20o%20destaque%20de%20voc%C3%AAs%20no%20mercado%20imobili%C3%A1rio%20e%20gostar%C3%ADamos%20de%20convidar%20sua%20imobili%C3%A1ria%20para%20divulgar%20sua%20carteira%20de%20im%C3%B3veis%20no%20*Portal%20Esfinge%20Im%C3%B3veis*.%0A%0A%F0%9F%9B%A1%EF%B8%8F%20*Diferenciais%20para%20Imobili%C3%A1rias%3A*%0A1.%20*Zero%20Taxa%20de%20Corretagem%3A*%20Somos%20uma%20vitrine%20tecnol%C3%B3gica%20de%20aproxima%C3%A7%C3%A3o.%20O%20comprador%20%C3%A9%20100%25%20seu.%0A2.%20*Leads%20Diretos%3A*%20O%20cliente%20interessado%20clica%20no%20im%C3%B3vel%20e%20fala%20direto%20com%20o%20seu%20corretor%20no%20WhatsApp.%0A3.%20*Cadastro%20%C3%81gil%3A*%20Basta%20colar%20o%20link%20do%20seu%20an%C3%BAncio%20para%20importar%20em%20segundos.%0A%0AConhe%C3%A7a%20nosso%20portal%20oficial%3A%20https%3A%2F%2Fportalesfingeimoveis.com.br%0A%0A%22N%C3%B3s%20n%C3%A3o%20somos%20uma%20imobili%C3%A1ria%20disputando%20o%20seu%20cliente.%20O%20Portal%20Esfinge%20%C3%A9%20a%20vitrine%20tecnol%C3%B3gica%20do%20Paran%C3%A1%20criada%20para%20conectar%20o%20comprador%20diretamente%20ao%20seu%20WhatsApp.%22%0A%0APodemos%20agendar%20uma%20demonstra%C3%A7%C3%A3o%20r%C3%A1pida%20sem%20compromisso%3F"
"Caioba PR";"360SI - Imobiliária Digital - Grande Curitiba & Litoral - 360 Serviços Imobiliários Ltda";"(41) 98879-2500";"https://wa.me/5541988792500?text=Ol%C3%A1%2C%20equipe%20da%20360SI%20-%20Imobili%C3%A1ria%20Digital%20-%20Grande%20Curitiba%20%26%20Litoral%20-%20360%20Servi%C3%A7os%20Imobili%C3%A1rios%20Ltda!%20Tudo%20bem%3F%0A%0AAcompanhamos%20o%20destaque%20de%20voc%C3%AAs%20no%20mercado%20imobili%C3%A1rio%20e%20gostar%C3%ADamos%20de%20convidar%20sua%20imobili%C3%A1ria%20para%20divulgar%20sua%20carteira%20de%20im%C3%B3veis%20no%20*Portal%20Esfinge%20Im%C3%B3veis*.%0A%0A%F0%9F%9B%A1%EF%B8%8F%20*Diferenciais%20para%20Imobili%C3%A1rias%3A*%0A1.%20*Zero%20Taxa%20de%20Corretagem%3A*%20Somos%20uma%20vitrine%20tecnol%C3%B3gica%20de%20aproxima%C3%A7%C3%A3o.%20O%20comprador%20%C3%A9%20100%25%20seu.%0A2.%20*Leads%20Diretos%3A*%20O%20cliente%20interessado%20clica%20no%20im%C3%B3vel%20e%20fala%20direto%20com%20o%20seu%20corretor%20no%20WhatsApp.%0A3.%20*Cadastro%20%C3%81gil%3A*%20Basta%20colar%20o%20link%20do%20seu%20an%C3%BAncio%20para%20importar%20em%20segundos.%0A%0AConhe%C3%A7a%20nosso%20portal%20oficial%3A%20https%3A%2F%2Fportalesfingeimoveis.com.br%0A%0A%22N%C3%B3s%20n%C3%A3o%20somos%20uma%20imobili%C3%A1ria%20disputando%20o%20seu%20cliente.%20O%20Portal%20Esfinge%20%C3%A9%20a%20vitrine%20tecnol%C3%B3gica%20do%20Paran%C3%A1%20criada%20para%20conectar%20o%20comprador%20diretamente%20ao%20seu%20WhatsApp.%22%0A%0APodemos%20agendar%20uma%20demonstra%C3%A7%C3%A3o%20r%C3%A1pida%20sem%20compromisso%3F"
"Caioba PR";"Alvorada Imoveis caiobá";"(41) 3473-9240";"https://wa.me/554134739240?text=Ol%C3%A1%2C%20equipe%20da%20Alvorada%20Imoveis%20caiob%C3%A1!%20Tudo%20bem%3F%0A%0AAcompanhamos%20o%20destaque%20de%20voc%C3%AAs%20no%20mercado%20imobili%C3%A1rio%20e%20gostar%C3%ADamos%20de%20convidar%20sua%20imobili%C3%A1ria%20para%20divulgar%20sua%20carteira%20de%20im%C3%B3veis%20no%20*Portal%20Esfinge%20Im%C3%B3veis*.%0A%0A%F0%9F%9B%A1%EF%B8%8F%20*Diferenciais%20para%20Imobili%C3%A1rias%3A*%0A1.%20*Zero%20Taxa%20de%20Corretagem%3A*%20Somos%20uma%20vitrine%20tecnol%C3%B3gica%20de%20aproxima%C3%A7%C3%A3o.%20O%20comprador%20%C3%A9%20100%25%20seu.%0A2.%20*Leads%20Diretos%3A*%20O%20cliente%20interessado%20clica%20no%20im%C3%B3vel%20e%20fala%20direto%20com%20o%20seu%20corretor%20no%20WhatsApp.%0A3.%20*Cadastro%20%C3%81gil%3A*%20Basta%20colar%20o%20link%20do%20seu%20an%C3%BAncio%20para%20importar%20em%20segundos.%0A%0AConhe%C3%A7a%20nosso%20portal%20oficial%3A%20https%3A%2F%2Fportalesfingeimoveis.com.br%0A%0A%22N%C3%B3s%20n%C3%A3o%20somos%20uma%20imobili%C3%A1ria%20disputando%20o%20seu%20cliente.%20O%20Portal%20Esfinge%20%C3%A9%20a%20vitrine%20tecnol%C3%B3gica%20do%20Paran%C3%A1%20criada%20para%20conectar%20o%20comprador%20diretamente%20ao%20seu%20WhatsApp.%22%0A%0APodemos%20agendar%20uma%20demonstra%C3%A7%C3%A3o%20r%C3%A1pida%20sem%20compromisso%3F"
"Caioba PR";"CresceR Imóveis - Praia Mansa";"(41) 3453-9100";"https://wa.me/554134539100?text=Ol%C3%A1%2C%20equipe%20da%20CresceR%20Im%C3%B3veis%20-%20Praia%20Mansa!%20Tudo%20bem%3F%0A%0AAcompanhamos%20o%20destaque%20de%20voc%C3%AAs%20no%20mercado%20imobili%C3%A1rio%20e%20gostar%C3%ADamos%20de%20convidar%20sua%20imobili%C3%A1ria%20para%20divulgar%20sua%20carteira%20de%20im%C3%B3veis%20no%20*Portal%20Esfinge%20Im%C3%B3veis*.%0A%0A%F0%9F%9B%A1%EF%B8%8F%20*Diferenciais%20para%20Imobili%C3%A1rias%3A*%0A1.%20*Zero%20Taxa%20de%20Corretagem%3A*%20Somos%20uma%20vitrine%20tecnol%C3%B3gica%20de%20aproxima%C3%A7%C3%A3o.%20O%20comprador%20%C3%A9%20100%25%20seu.%0A2.%20*Leads%20Diretos%3A*%20O%20cliente%20interessado%20clica%20no%20im%C3%B3vel%20e%20fala%20direto%20com%20o%20seu%20corretor%20no%20WhatsApp.%0A3.%20*Cadastro%20%C3%81gil%3A*%20Basta%20colar%20o%20link%20do%20seu%20an%C3%BAncio%20para%20importar%20em%20segundos.%0A%0AConhe%C3%A7a%20nosso%20portal%20oficial%3A%20https%3A%2F%2Fportalesfingeimoveis.com.br%0A%0A%22N%C3%B3s%20n%C3%A3o%20somos%20uma%20imobili%C3%A1ria%20disputando%20o%20seu%20cliente.%20O%20Portal%20Esfinge%20%C3%A9%20a%20vitrine%20tecnol%C3%B3gica%20do%20Paran%C3%A1%20criada%20para%20conectar%20o%20comprador%20diretamente%20ao%20seu%20WhatsApp.%22%0A%0APodemos%20agendar%20uma%20demonstra%C3%A7%C3%A3o%20r%C3%A1pida%20sem%20compromisso%3F"
"Caioba PR";"Michelly Imóveis - Imobiliária em Matinhos - Caiobá";"(41) 99880-4524";"https://wa.me/5541998804524?text=Ol%C3%A1%2C%20equipe%20da%20Michelly%20Im%C3%B3veis%20-%20Imobili%C3%A1ria%20em%20Matinhos%20-%20Caiob%C3%A1!%20Tudo%20bem%3F%0A%0AAcompanhamos%20o%20destaque%20de%20voc%C3%AAs%20no%20mercado%20imobili%C3%A1rio%20e%20gostar%C3%ADamos%20de%20convidar%20sua%20imobili%C3%A1ria%20para%20divulgar%20sua%20carteira%20de%20im%C3%B3veis%20no%20*Portal%20Esfinge%20Im%C3%B3veis*.%0A%0A%F0%9F%9B%A1%EF%B8%8F%20*Diferenciais%20para%20Imobili%C3%A1rias%3A*%0A1.%20*Zero%20Taxa%20de%20Corretagem%3A*%20Somos%20uma%20vitrine%20tecnol%C3%B3gica%20de%20aproxima%C3%A7%C3%A3o.%20O%20comprador%20%C3%A9%20100%25%20seu.%0A2.%20*Leads%20Diretos%3A*%20O%20cliente%20interessado%20clica%20no%20im%C3%B3vel%20e%20fala%20direto%20com%20o%20seu%20corretor%20no%20WhatsApp.%0A3.%20*Cadastro%20%C3%81gil%3A*%20Basta%20colar%20o%20link%20do%20seu%20an%C3%BAncio%20para%20importar%20em%20segundos.%0A%0AConhe%C3%A7a%20nosso%20portal%20oficial%3A%20https%3A%2F%2Fportalesfingeimoveis.com.br%0A%0A%22N%C3%B3s%20n%C3%A3o%20somos%20uma%20imobili%C3%A1ria%20disputando%20o%20seu%20cliente.%20O%20Portal%20Esfinge%20%C3%A9%20a%20vitrine%20tecnol%C3%B3gica%20do%20Paran%C3%A1%20criada%20para%20conectar%20o%20comprador%20diretamente%20ao%20seu%20WhatsApp.%22%0A%0APodemos%20agendar%20uma%20demonstra%C3%A7%C3%A3o%20r%C3%A1pida%20sem%20compromisso%3F"
"Caioba PR";"DM Atlântica";"(41) 99974-4414";"https://wa.me/5541999744414?text=Ol%C3%A1%2C%20equipe%20da%20DM%20Atl%C3%A2ntica!%20Tudo%20bem%3F%0A%0AAcompanhamos%20o%20destaque%20de%20voc%C3%AAs%20no%20mercado%20imobili%C3%A1rio%20e%20gostar%C3%ADamos%20de%20convidar%20sua%20imobili%C3%A1ria%20para%20divulgar%20sua%20carteira%20de%20im%C3%B3veis%20no%20*Portal%20Esfinge%20Im%C3%B3veis*.%0A%0A%F0%9F%9B%A1%EF%B8%8F%20*Diferenciais%20para%20Imobili%C3%A1rias%3A*%0A1.%20*Zero%20Taxa%20de%20Corretagem%3A*%20Somos%20uma%20vitrine%20tecnol%C3%B3gica%20de%20aproxima%C3%A7%C3%A3o.%20O%20comprador%20%C3%A9%20100%25%20seu.%0A2.%20*Leads%20Diretos%3A*%20O%20cliente%20interessado%20clica%20no%20im%C3%B3vel%20e%20fala%20direto%20com%20o%20seu%20corretor%20no%20WhatsApp.%0A3.%20*Cadastro%20%C3%81gil%3A*%20Basta%20colar%20o%20link%20do%20seu%20an%C3%BAncio%20para%20importar%20em%20segundos.%0A%0AConhe%C3%A7a%20nosso%20portal%20oficial%3A%20https%3A%2F%2Fportalesfingeimoveis.com.br%0A%0A%22N%C3%B3s%20n%C3%A3o%20somos%20uma%20imobili%C3%A1ria%20disputando%20o%20seu%20cliente.%20O%20Portal%20Esfinge%20%C3%A9%20a%20vitrine%20tecnol%C3%B3gica%20do%20Paran%C3%A1%20criada%20para%20conectar%20o%20comprador%20diretamente%20ao%20seu%20WhatsApp.%22%0A%0APodemos%20agendar%20uma%20demonstra%C3%A7%C3%A3o%20r%C3%A1pida%20sem%20compromisso%3F"
"Caioba PR";"Aguileri Imóveis";"(41) 99722-6324";"https://wa.me/5541997226324?text=Ol%C3%A1%2C%20equipe%20da%20Aguileri%20Im%C3%B3veis!%20Tudo%20bem%3F%0A%0AAcompanhamos%20o%20destaque%20de%20voc%C3%AAs%20no%20mercado%20imobili%C3%A1rio%20e%20gostar%C3%ADamos%20de%20convidar%20sua%20imobili%C3%A1ria%20para%20divulgar%20sua%20carteira%20de%20im%C3%B3veis%20no%20*Portal%20Esfinge%20Im%C3%B3veis*.%0A%0A%F0%9F%9B%A1%EF%B8%8F%20*Diferenciais%20para%20Imobili%C3%A1rias%3A*%0A1.%20*Zero%20Taxa%20de%20Corretagem%3A*%20Somos%20uma%20vitrine%20tecnol%C3%B3gica%20de%20aproxima%C3%A7%C3%A3o.%20O%20comprador%20%C3%A9%20100%25%20seu.%0A2.%20*Leads%20Diretos%3A*%20O%20cliente%20interessado%20clica%20no%20im%C3%B3vel%20e%20fala%20direto%20com%20o%20seu%20corretor%20no%20WhatsApp.%0A3.%20*Cadastro%20%C3%81gil%3A*%20Basta%20colar%20o%20link%20do%20seu%20an%C3%BAncio%20para%20importar%20em%20segundos.%0A%0AConhe%C3%A7a%20nosso%20portal%20oficial%3A%20https%3A%2F%2Fportalesfingeimoveis.com.br%0A%0A%22N%C3%B3s%20n%C3%A3o%20somos%20uma%20imobili%C3%A1ria%20disputando%20o%20seu%20cliente.%20O%20Portal%20Esfinge%20%C3%A9%20a%20vitrine%20tecnol%C3%B3gica%20do%20Paran%C3%A1%20criada%20para%20conectar%20o%20comprador%20diretamente%20ao%20seu%20WhatsApp.%22%0A%0APodemos%20agendar%20uma%20demonstra%C3%A7%C3%A3o%20r%C3%A1pida%20sem%20compromisso%3F"
"Caioba PR";"CresceR Imóveis - Matriz";"(41) 3473-9106";"https://wa.me/554134739106?text=Ol%C3%A1%2C%20equipe%20da%20CresceR%20Im%C3%B3veis%20-%20Matriz!%20Tudo%20bem%3F%0A%0AAcompanhamos%20o%20destaque%20de%20voc%C3%AAs%20no%20mercado%20imobili%C3%A1rio%20e%20gostar%C3%ADamos%20de%20convidar%20sua%20imobili%C3%A1ria%20para%20divulgar%20sua%20carteira%20de%20im%C3%B3veis%20no%20*Portal%20Esfinge%20Im%C3%B3veis*.%0A%0A%F0%9F%9B%A1%EF%B8%8F%20*Diferenciais%20para%20Imobili%C3%A1rias%3A*%0A1.%20*Zero%20Taxa%20de%20Corretagem%3A*%20Somos%20uma%20vitrine%20tecnol%C3%B3gica%20de%20aproxima%C3%A7%C3%A3o.%20O%20comprador%20%C3%A9%20100%25%20seu.%0A2.%20*Leads%20Diretos%3A*%20O%20cliente%20interessado%20clica%20no%20im%C3%B3vel%20e%20fala%20direto%20com%20o%20seu%20corretor%20no%20WhatsApp.%0A3.%20*Cadastro%20%C3%81gil%3A*%20Basta%20colar%20o%20link%20do%20seu%20an%C3%BAncio%20para%20importar%20em%20segundos.%0A%0AConhe%C3%A7a%20nosso%20portal%20oficial%3A%20https%3A%2F%2Fportalesfingeimoveis.com.br%0A%0A%22N%C3%B3s%20n%C3%A3o%20somos%20uma%20imobili%C3%A1ria%20disputando%20o%20seu%20cliente.%20O%20Portal%20Esfinge%20%C3%A9%20a%20vitrine%20tecnol%C3%B3gica%20do%20Paran%C3%A1%20criada%20para%20conectar%20o%20comprador%20diretamente%20ao%20seu%20WhatsApp.%22%0A%0APodemos%20agendar%20uma%20demonstra%C3%A7%C3%A3o%20r%C3%A1pida%20sem%20compromisso%3F"
"Caioba PR";"JR Imóveis";"(41) 3453-1020";"https://wa.me/554134531020?text=Ol%C3%A1%2C%20equipe%20da%20JR%20Im%C3%B3veis!%20Tudo%20bem%3F%0A%0AAcompanhamos%20o%20destaque%20de%20voc%C3%AAs%20no%20mercado%20imobili%C3%A1rio%20e%20gostar%C3%ADamos%20de%20convidar%20sua%20imobili%C3%A1ria%20para%20divulgar%20sua%20carteira%20de%20im%C3%B3veis%20no%20*Portal%20Esfinge%20Im%C3%B3veis*.%0A%0A%F0%9F%9B%A1%EF%B8%8F%20*Diferenciais%20para%20Imobili%C3%A1rias%3A*%0A1.%20*Zero%20Taxa%20de%20Corretagem%3A*%20Somos%20uma%20vitrine%20tecnol%C3%B3gica%20de%20aproxima%C3%A7%C3%A3o.%20O%20comprador%20%C3%A9%20100%25%20seu.%0A2.%20*Leads%20Diretos%3A*%20O%20cliente%20interessado%20clica%20no%20im%C3%B3vel%20e%20fala%20direto%20com%20o%20seu%20corretor%20no%20WhatsApp.%0A3.%20*Cadastro%20%C3%81gil%3A*%20Basta%20colar%20o%20link%20do%20seu%20an%C3%BAncio%20para%20importar%20em%20segundos.%0A%0AConhe%C3%A7a%20nosso%20portal%20oficial%3A%20https%3A%2F%2Fportalesfingeimoveis.com.br%0A%0A%22N%C3%B3s%20n%C3%A3o%20somos%20uma%20imobili%C3%A1ria%20disputando%20o%20seu%20cliente.%20O%20Portal%20Esfinge%20%C3%A9%20a%20vitrine%20tecnol%C3%B3gica%20do%20Paran%C3%A1%20criada%20para%20conectar%20o%20comprador%20diretamente%20ao%20seu%20WhatsApp.%22%0A%0APodemos%20agendar%20uma%20demonstra%C3%A7%C3%A3o%20r%C3%A1pida%20sem%20compromisso%3F"
"Caioba PR";"V3 Imóveis - Imobiliária em Caiobá";"(41) 99630-5376";"https://wa.me/5541996305376?text=Ol%C3%A1%2C%20equipe%20da%20V3%20Im%C3%B3veis%20-%20Imobili%C3%A1ria%20em%20Caiob%C3%A1!%20Tudo%20bem%3F%0A%0AAcompanhamos%20o%20destaque%20de%20voc%C3%AAs%20no%20mercado%20imobili%C3%A1rio%20e%20gostar%C3%ADamos%20de%20convidar%20sua%20imobili%C3%A1ria%20para%20divulgar%20sua%20carteira%20de%20im%C3%B3veis%20no%20*Portal%20Esfinge%20Im%C3%B3veis*.%0A%0A%F0%9F%9B%A1%EF%B8%8F%20*Diferenciais%20para%20Imobili%C3%A1rias%3A*%0A1.%20*Zero%20Taxa%20de%20Corretagem%3A*%20Somos%20uma%20vitrine%20tecnol%C3%B3gica%20de%20aproxima%C3%A7%C3%A3o.%20O%20comprador%20%C3%A9%20100%25%20seu.%0A2.%20*Leads%20Diretos%3A*%20O%20cliente%20interessado%20clica%20no%20im%C3%B3vel%20e%20fala%20direto%20com%20o%20seu%20corretor%20no%20WhatsApp.%0A3.%20*Cadastro%20%C3%81gil%3A*%20Basta%20colar%20o%20link%20do%20seu%20an%C3%BAncio%20para%20importar%20em%20segundos.%0A%0AConhe%C3%A7a%20nosso%20portal%20oficial%3A%20https%3A%2F%2Fportalesfingeimoveis.com.br%0A%0A%22N%C3%B3s%20n%C3%A3o%20somos%20uma%20imobili%C3%A1ria%20disputando%20o%20seu%20cliente.%20O%20Portal%20Esfinge%20%C3%A9%20a%20vitrine%20tecnol%C3%B3gica%20do%20Paran%C3%A1%20criada%20para%20conectar%20o%20comprador%20diretamente%20ao%20seu%20WhatsApp.%22%0A%0APodemos%20agendar%20uma%20demonstra%C3%A7%C3%A3o%20r%C3%A1pida%20sem%20compromisso%3F"
"Caioba PR";"CASA NA PRAIA IMÓVEIS";"(41) 3473-2081";"https://wa.me/554134732081?text=Ol%C3%A1%2C%20equipe%20da%20CASA%20NA%20PRAIA%20IM%C3%93VEIS!%20Tudo%20bem%3F%0A%0AAcompanhamos%20o%20destaque%20de%20voc%C3%AAs%20no%20mercado%20imobili%C3%A1rio%20e%20gostar%C3%ADamos%20de%20convidar%20sua%20imobili%C3%A1ria%20para%20divulgar%20sua%20carteira%20de%20im%C3%B3veis%20no%20*Portal%20Esfinge%20Im%C3%B3veis*.%0A%0A%F0%9F%9B%A1%EF%B8%8F%20*Diferenciais%20para%20Imobili%C3%A1rias%3A*%0A1.%20*Zero%20Taxa%20de%20Corretagem%3A*%20Somos%20uma%20vitrine%20tecnol%C3%B3gica%20de%20aproxima%C3%A7%C3%A3o.%20O%20comprador%20%C3%A9%20100%25%20seu.%0A2.%20*Leads%20Diretos%3A*%20O%20cliente%20interessado%20clica%20no%20im%C3%B3vel%20e%20fala%20direto%20com%20o%20seu%20corretor%20no%20WhatsApp.%0A3.%20*Cadastro%20%C3%81gil%3A*%20Basta%20colar%20o%20link%20do%20seu%20an%C3%BAncio%20para%20importar%20em%20segundos.%0A%0AConhe%C3%A7a%20nosso%20portal%20oficial%3A%20https%3A%2F%2Fportalesfingeimoveis.com.br%0A%0A%22N%C3%B3s%20n%C3%A3o%20somos%20uma%20imobili%C3%A1ria%20disputando%20o%20seu%20cliente.%20O%20Portal%20Esfinge%20%C3%A9%20a%20vitrine%20tecnol%C3%B3gica%20do%20Paran%C3%A1%20criada%20para%20conectar%20o%20comprador%20diretamente%20ao%20seu%20WhatsApp.%22%0A%0APodemos%20agendar%20uma%20demonstra%C3%A7%C3%A3o%20r%C3%A1pida%20sem%20compromisso%3F"
"Caioba PR";"AG CAIOBÁ IMÓVEIS";"(41) 3473-4688";"https://wa.me/554134734688?text=Ol%C3%A1%2C%20equipe%20da%20AG%20CAIOB%C3%81%20IM%C3%93VEIS!%20Tudo%20bem%3F%0A%0AAcompanhamos%20o%20destaque%20de%20voc%C3%AAs%20no%20mercado%20imobili%C3%A1rio%20e%20gostar%C3%ADamos%20de%20convidar%20sua%20imobili%C3%A1ria%20para%20divulgar%20sua%20carteira%20de%20im%C3%B3veis%20no%20*Portal%20Esfinge%20Im%C3%B3veis*.%0A%0A%F0%9F%9B%A1%EF%B8%8F%20*Diferenciais%20para%20Imobili%C3%A1rias%3A*%0A1.%20*Zero%20Taxa%20de%20Corretagem%3A*%20Somos%20uma%20vitrine%20tecnol%C3%B3gica%20de%20aproxima%C3%A7%C3%A3o.%20O%20comprador%20%C3%A9%20100%25%20seu.%0A2.%20*Leads%20Diretos%3A*%20O%20cliente%20interessado%20clica%20no%20im%C3%B3vel%20e%20fala%20direto%20com%20o%20seu%20corretor%20no%20WhatsApp.%0A3.%20*Cadastro%20%C3%81gil%3A*%20Basta%20colar%20o%20link%20do%20seu%20an%C3%BAncio%20para%20importar%20em%20segundos.%0A%0AConhe%C3%A7a%20nosso%20portal%20oficial%3A%20https%3A%2F%2Fportalesfingeimoveis.com.br%0A%0A%22N%C3%B3s%20n%C3%A3o%20somos%20uma%20imobili%C3%A1ria%20disputando%20o%20seu%20cliente.%20O%20Portal%20Esfinge%20%C3%A9%20a%20vitrine%20tecnol%C3%B3gica%20do%20Paran%C3%A1%20criada%20para%20conectar%20o%20comprador%20diretamente%20ao%20seu%20WhatsApp.%22%0A%0APodemos%20agendar%20uma%20demonstra%C3%A7%C3%A3o%20r%C3%A1pida%20sem%20compromisso%3F"
"Caioba PR";"MANOEL IMOVEIS CAIOBÁ";"(41) 3514-7302";"https://wa.me/554135147302?text=Ol%C3%A1%2C%20equipe%20da%20MANOEL%20IMOVEIS%20CAIOB%C3%81!%20Tudo%20bem%3F%0A%0AAcompanhamos%20o%20destaque%20de%20voc%C3%AAs%20no%20mercado%20imobili%C3%A1rio%20e%20gostar%C3%ADamos%20de%20convidar%20sua%20imobili%C3%A1ria%20para%20divulgar%20sua%20carteira%20de%20im%C3%B3veis%20no%20*Portal%20Esfinge%20Im%C3%B3veis*.%0A%0A%F0%9F%9B%A1%EF%B8%8F%20*Diferenciais%20para%20Imobili%C3%A1rias%3A*%0A1.%20*Zero%20Taxa%20de%20Corretagem%3A*%20Somos%20uma%20vitrine%20tecnol%C3%B3gica%20de%20aproxima%C3%A7%C3%A3o.%20O%20comprador%20%C3%A9%20100%25%20seu.%0A2.%20*Leads%20Diretos%3A*%20O%20cliente%20interessado%20clica%20no%20im%C3%B3vel%20e%20fala%20direto%20com%20o%20seu%20corretor%20no%20WhatsApp.%0A3.%20*Cadastro%20%C3%81gil%3A*%20Basta%20colar%20o%20link%20do%20seu%20an%C3%BAncio%20para%20importar%20em%20segundos.%0A%0AConhe%C3%A7a%20nosso%20portal%20oficial%3A%20https%3A%2F%2Fportalesfingeimoveis.com.br%0A%0A%22N%C3%B3s%20n%C3%A3o%20somos%20uma%20imobili%C3%A1ria%20disputando%20o%20seu%20cliente.%20O%20Portal%20Esfinge%20%C3%A9%20a%20vitrine%20tecnol%C3%B3gica%20do%20Paran%C3%A1%20criada%20para%20conectar%20o%20comprador%20diretamente%20ao%20seu%20WhatsApp.%22%0A%0APodemos%20agendar%20uma%20demonstra%C3%A7%C3%A3o%20r%C3%A1pida%20sem%20compromisso%3F"
"Caioba PR";"360SI - Imobiliária Digital - Grande Curitiba & Litoral - 360 Serviços Imobiliários Ltda";"(41) 98879-2500";"https://wa.me/5541988792500?text=Ol%C3%A1%2C%20equipe%20da%20360SI%20-%20Imobili%C3%A1ria%20Digital%20-%20Grande%20Curitiba%20%26%20Litoral%20-%20360%20Servi%C3%A7os%20Imobili%C3%A1rios%20Ltda!%20Tudo%20bem%3F%0A%0AAcompanhamos%20o%20destaque%20de%20voc%C3%AAs%20no%20mercado%20imobili%C3%A1rio%20e%20gostar%C3%ADamos%20de%20convidar%20sua%20imobili%C3%A1ria%20para%20divulgar%20sua%20carteira%20de%20im%C3%B3veis%20no%20*Portal%20Esfinge%20Im%C3%B3veis*.%0A%0A%F0%9F%9B%A1%EF%B8%8F%20*Diferenciais%20para%20Imobili%C3%A1rias%3A*%0A1.%20*Zero%20Taxa%20de%20Corretagem%3A*%20Somos%20uma%20vitrine%20tecnol%C3%B3gica%20de%20aproxima%C3%A7%C3%A3o.%20O%20comprador%20%C3%A9%20100%25%20seu.%0A2.%20*Leads%20Diretos%3A*%20O%20cliente%20interessado%20clica%20no%20im%C3%B3vel%20e%20fala%20direto%20com%20o%20seu%20corretor%20no%20WhatsApp.%0A3.%20*Cadastro%20%C3%81gil%3A*%20Basta%20colar%20o%20link%20do%20seu%20an%C3%BAncio%20para%20importar%20em%20segundos.%0A%0AConhe%C3%A7a%20nosso%20portal%20oficial%3A%20https%3A%2F%2Fportalesfingeimoveis.com.br%0A%0A%22N%C3%B3s%20n%C3%A3o%20somos%20uma%20imobili%C3%A1ria%20disputando%20o%20seu%20cliente.%20O%20Portal%20Esfinge%20%C3%A9%20a%20vitrine%20tecnol%C3%B3gica%20do%20Paran%C3%A1%20criada%20para%20conectar%20o%20comprador%20diretamente%20ao%20seu%20WhatsApp.%22%0A%0APodemos%20agendar%20uma%20demonstra%C3%A7%C3%A3o%20r%C3%A1pida%20sem%20compromisso%3F"
"Caioba PR";"CresceR Imóveis - Praia Mansa";"(41) 3453-9100";"https://wa.me/554134539100?text=Ol%C3%A1%2C%20equipe%20da%20CresceR%20Im%C3%B3veis%20-%20Praia%20Mansa!%20Tudo%20bem%3F%0A%0AAcompanhamos%20o%20destaque%20de%20voc%C3%AAs%20no%20mercado%20imobili%C3%A1rio%20e%20gostar%C3%ADamos%20de%20convidar%20sua%20imobili%C3%A1ria%20para%20divulgar%20sua%20carteira%20de%20im%C3%B3veis%20no%20*Portal%20Esfinge%20Im%C3%B3veis*.%0A%0A%F0%9F%9B%A1%EF%B8%8F%20*Diferenciais%20para%20Imobili%C3%A1rias%3A*%0A1.%20*Zero%20Taxa%20de%20Corretagem%3A*%20Somos%20uma%20vitrine%20tecnol%C3%B3gica%20de%20aproxima%C3%A7%C3%A3o.%20O%20comprador%20%C3%A9%20100%25%20seu.%0A2.%20*Leads%20Diretos%3A*%20O%20cliente%20interessado%20clica%20no%20im%C3%B3vel%20e%20fala%20direto%20com%20o%20seu%20corretor%20no%20WhatsApp.%0A3.%20*Cadastro%20%C3%81gil%3A*%20Basta%20colar%20o%20link%20do%20seu%20an%C3%BAncio%20para%20importar%20em%20segundos.%0A%0AConhe%C3%A7a%20nosso%20portal%20oficial%3A%20https%3A%2F%2Fportalesfingeimoveis.com.br%0A%0A%22N%C3%B3s%20n%C3%A3o%20somos%20uma%20imobili%C3%A1ria%20disputando%20o%20seu%20cliente.%20O%20Portal%20Esfinge%20%C3%A9%20a%20vitrine%20tecnol%C3%B3gica%20do%20Paran%C3%A1%20criada%20para%20conectar%20o%20comprador%20diretamente%20ao%20seu%20WhatsApp.%22%0A%0APodemos%20agendar%20uma%20demonstra%C3%A7%C3%A3o%20r%C3%A1pida%20sem%20compromisso%3F"
"Caioba PR";"Excellência Imóveis";"(41) 99937-4887";"https://wa.me/5541999374887?text=Ol%C3%A1%2C%20equipe%20da%20Excell%C3%AAncia%20Im%C3%B3veis!%20Tudo%20bem%3F%0A%0AAcompanhamos%20o%20destaque%20de%20voc%C3%AAs%20no%20mercado%20imobili%C3%A1rio%20e%20gostar%C3%ADamos%20de%20convidar%20sua%20imobili%C3%A1ria%20para%20divulgar%20sua%20carteira%20de%20im%C3%B3veis%20no%20*Portal%20Esfinge%20Im%C3%B3veis*.%0A%0A%F0%9F%9B%A1%EF%B8%8F%20*Diferenciais%20para%20Imobili%C3%A1rias%3A*%0A1.%20*Zero%20Taxa%20de%20Corretagem%3A*%20Somos%20uma%20vitrine%20tecnol%C3%B3gica%20de%20aproxima%C3%A7%C3%A3o.%20O%20comprador%20%C3%A9%20100%25%20seu.%0A2.%20*Leads%20Diretos%3A*%20O%20cliente%20interessado%20clica%20no%20im%C3%B3vel%20e%20fala%20direto%20com%20o%20seu%20corretor%20no%20WhatsApp.%0A3.%20*Cadastro%20%C3%81gil%3A*%20Basta%20colar%20o%20link%20do%20seu%20an%C3%BAncio%20para%20importar%20em%20segundos.%0A%0AConhe%C3%A7a%20nosso%20portal%20oficial%3A%20https%3A%2F%2Fportalesfingeimoveis.com.br%0A%0A%22N%C3%B3s%20n%C3%A3o%20somos%20uma%20imobili%C3%A1ria%20disputando%20o%20seu%20cliente.%20O%20Portal%20Esfinge%20%C3%A9%20a%20vitrine%20tecnol%C3%B3gica%20do%20Paran%C3%A1%20criada%20para%20conectar%20o%20comprador%20diretamente%20ao%20seu%20WhatsApp.%22%0A%0APodemos%20agendar%20uma%20demonstra%C3%A7%C3%A3o%20r%C3%A1pida%20sem%20compromisso%3F"
"Caioba PR";"Eraldo Imóveis - Imobiliária Matinhos";"(41) 3452-7958";"https://wa.me/554134527958?text=Ol%C3%A1%2C%20equipe%20da%20Eraldo%20Im%C3%B3veis%20-%20Imobili%C3%A1ria%20Matinhos!%20Tudo%20bem%3F%0A%0AAcompanhamos%20o%20destaque%20de%20voc%C3%AAs%20no%20mercado%20imobili%C3%A1rio%20e%20gostar%C3%ADamos%20de%20convidar%20sua%20imobili%C3%A1ria%20para%20divulgar%20sua%20carteira%20de%20im%C3%B3veis%20no%20*Portal%20Esfinge%20Im%C3%B3veis*.%0A%0A%F0%9F%9B%A1%EF%B8%8F%20*Diferenciais%20para%20Imobili%C3%A1rias%3A*%0A1.%20*Zero%20Taxa%20de%20Corretagem%3A*%20Somos%20uma%20vitrine%20tecnol%C3%B3gica%20de%20aproxima%C3%A7%C3%A3o.%20O%20comprador%20%C3%A9%20100%25%20seu.%0A2.%20*Leads%20Diretos%3A*%20O%20cliente%20interessado%20clica%20no%20im%C3%B3vel%20e%20fala%20direto%20com%20o%20seu%20corretor%20no%20WhatsApp.%0A3.%20*Cadastro%20%C3%81gil%3A*%20Basta%20colar%20o%20link%20do%20seu%20an%C3%BAncio%20para%20importar%20em%20segundos.%0A%0AConhe%C3%A7a%20nosso%20portal%20oficial%3A%20https%3A%2F%2Fportalesfingeimoveis.com.br%0A%0A%22N%C3%B3s%20n%C3%A3o%20somos%20uma%20imobili%C3%A1ria%20disputando%20o%20seu%20cliente.%20O%20Portal%20Esfinge%20%C3%A9%20a%20vitrine%20tecnol%C3%B3gica%20do%20Paran%C3%A1%20criada%20para%20conectar%20o%20comprador%20diretamente%20ao%20seu%20WhatsApp.%22%0A%0APodemos%20agendar%20uma%20demonstra%C3%A7%C3%A3o%20r%C3%A1pida%20sem%20compromisso%3F"
"Caioba PR";"CresceR Imóveis - Matriz";"(41) 3473-9106";"https://wa.me/554134739106?text=Ol%C3%A1%2C%20equipe%20da%20CresceR%20Im%C3%B3veis%20-%20Matriz!%20Tudo%20bem%3F%0A%0AAcompanhamos%20o%20destaque%20de%20voc%C3%AAs%20no%20mercado%20imobili%C3%A1rio%20e%20gostar%C3%ADamos%20de%20convidar%20sua%20imobili%C3%A1ria%20para%20divulgar%20sua%20carteira%20de%20im%C3%B3veis%20no%20*Portal%20Esfinge%20Im%C3%B3veis*.%0A%0A%F0%9F%9B%A1%EF%B8%8F%20*Diferenciais%20para%20Imobili%C3%A1rias%3A*%0A1.%20*Zero%20Taxa%20de%20Corretagem%3A*%20Somos%20uma%20vitrine%20tecnol%C3%B3gica%20de%20aproxima%C3%A7%C3%A3o.%20O%20comprador%20%C3%A9%20100%25%20seu.%0A2.%20*Leads%20Diretos%3A*%20O%20cliente%20interessado%20clica%20no%20im%C3%B3vel%20e%20fala%20direto%20com%20o%20seu%20corretor%20no%20WhatsApp.%0A3.%20*Cadastro%20%C3%81gil%3A*%20Basta%20colar%20o%20link%20do%20seu%20an%C3%BAncio%20para%20importar%20em%20segundos.%0A%0AConhe%C3%A7a%20nosso%20portal%20oficial%3A%20https%3A%2F%2Fportalesfingeimoveis.com.br%0A%0A%22N%C3%B3s%20n%C3%A3o%20somos%20uma%20imobili%C3%A1ria%20disputando%20o%20seu%20cliente.%20O%20Portal%20Esfinge%20%C3%A9%20a%20vitrine%20tecnol%C3%B3gica%20do%20Paran%C3%A1%20criada%20para%20conectar%20o%20comprador%20diretamente%20ao%20seu%20WhatsApp.%22%0A%0APodemos%20agendar%20uma%20demonstra%C3%A7%C3%A3o%20r%C3%A1pida%20sem%20compromisso%3F"
"Caioba PR";"CASA NA PRAIA IMÓVEIS";"(41) 3473-2081";"https://wa.me/554134732081?text=Ol%C3%A1%2C%20equipe%20da%20CASA%20NA%20PRAIA%20IM%C3%93VEIS!%20Tudo%20bem%3F%0A%0AAcompanhamos%20o%20destaque%20de%20voc%C3%AAs%20no%20mercado%20imobili%C3%A1rio%20e%20gostar%C3%ADamos%20de%20convidar%20sua%20imobili%C3%A1ria%20para%20divulgar%20sua%20carteira%20de%20im%C3%B3veis%20no%20*Portal%20Esfinge%20Im%C3%B3veis*.%0A%0A%F0%9F%9B%A1%EF%B8%8F%20*Diferenciais%20para%20Imobili%C3%A1rias%3A*%0A1.%20*Zero%20Taxa%20de%20Corretagem%3A*%20Somos%20uma%20vitrine%20tecnol%C3%B3gica%20de%20aproxima%C3%A7%C3%A3o.%20O%20comprador%20%C3%A9%20100%25%20seu.%0A2.%20*Leads%20Diretos%3A*%20O%20cliente%20interessado%20clica%20no%20im%C3%B3vel%20e%20fala%20direto%20com%20o%20seu%20corretor%20no%20WhatsApp.%0A3.%20*Cadastro%20%C3%81gil%3A*%20Basta%20colar%20o%20link%20do%20seu%20an%C3%BAncio%20para%20importar%20em%20segundos.%0A%0AConhe%C3%A7a%20nosso%20portal%20oficial%3A%20https%3A%2F%2Fportalesfingeimoveis.com.br%0A%0A%22N%C3%B3s%20n%C3%A3o%20somos%20uma%20imobili%C3%A1ria%20disputando%20o%20seu%20cliente.%20O%20Portal%20Esfinge%20%C3%A9%20a%20vitrine%20tecnol%C3%B3gica%20do%20Paran%C3%A1%20criada%20para%20conectar%20o%20comprador%20diretamente%20ao%20seu%20WhatsApp.%22%0A%0APodemos%20agendar%20uma%20demonstra%C3%A7%C3%A3o%20r%C3%A1pida%20sem%20compromisso%3F"
"Caioba PR";"Delgado Imóveis";"(41) 99833-1262";"https://wa.me/5541998331262?text=Ol%C3%A1%2C%20equipe%20da%20Delgado%20Im%C3%B3veis!%20Tudo%20bem%3F%0A%0AAcompanhamos%20o%20destaque%20de%20voc%C3%AAs%20no%20mercado%20imobili%C3%A1rio%20e%20gostar%C3%ADamos%20de%20convidar%20sua%20imobili%C3%A1ria%20para%20divulgar%20sua%20carteira%20de%20im%C3%B3veis%20no%20*Portal%20Esfinge%20Im%C3%B3veis*.%0A%0A%F0%9F%9B%A1%EF%B8%8F%20*Diferenciais%20para%20Imobili%C3%A1rias%3A*%0A1.%20*Zero%20Taxa%20de%20Corretagem%3A*%20Somos%20uma%20vitrine%20tecnol%C3%B3gica%20de%20aproxima%C3%A7%C3%A3o.%20O%20comprador%20%C3%A9%20100%25%20seu.%0A2.%20*Leads%20Diretos%3A*%20O%20cliente%20interessado%20clica%20no%20im%C3%B3vel%20e%20fala%20direto%20com%20o%20seu%20corretor%20no%20WhatsApp.%0A3.%20*Cadastro%20%C3%81gil%3A*%20Basta%20colar%20o%20link%20do%20seu%20an%C3%BAncio%20para%20importar%20em%20segundos.%0A%0AConhe%C3%A7a%20nosso%20portal%20oficial%3A%20https%3A%2F%2Fportalesfingeimoveis.com.br%0A%0A%22N%C3%B3s%20n%C3%A3o%20somos%20uma%20imobili%C3%A1ria%20disputando%20o%20seu%20cliente.%20O%20Portal%20Esfinge%20%C3%A9%20a%20vitrine%20tecnol%C3%B3gica%20do%20Paran%C3%A1%20criada%20para%20conectar%20o%20comprador%20diretamente%20ao%20seu%20WhatsApp.%22%0A%0APodemos%20agendar%20uma%20demonstra%C3%A7%C3%A3o%20r%C3%A1pida%20sem%20compromisso%3F"
"Caioba PR";"V3 Imóveis - Imobiliária em Caiobá";"(41) 99630-5376";"https://wa.me/5541996305376?text=Ol%C3%A1%2C%20equipe%20da%20V3%20Im%C3%B3veis%20-%20Imobili%C3%A1ria%20em%20Caiob%C3%A1!%20Tudo%20bem%3F%0A%0AAcompanhamos%20o%20destaque%20de%20voc%C3%AAs%20no%20mercado%20imobili%C3%A1rio%20e%20gostar%C3%ADamos%20de%20convidar%20sua%20imobili%C3%A1ria%20para%20divulgar%20sua%20carteira%20de%20im%C3%B3veis%20no%20*Portal%20Esfinge%20Im%C3%B3veis*.%0A%0A%F0%9F%9B%A1%EF%B8%8F%20*Diferenciais%20para%20Imobili%C3%A1rias%3A*%0A1.%20*Zero%20Taxa%20de%20Corretagem%3A*%20Somos%20uma%20vitrine%20tecnol%C3%B3gica%20de%20aproxima%C3%A7%C3%A3o.%20O%20comprador%20%C3%A9%20100%25%20seu.%0A2.%20*Leads%20Diretos%3A*%20O%20cliente%20interessado%20clica%20no%20im%C3%B3vel%20e%20fala%20direto%20com%20o%20seu%20corretor%20no%20WhatsApp.%0A3.%20*Cadastro%20%C3%81gil%3A*%20Basta%20colar%20o%20link%20do%20seu%20an%C3%BAncio%20para%20importar%20em%20segundos.%0A%0AConhe%C3%A7a%20nosso%20portal%20oficial%3A%20https%3A%2F%2Fportalesfingeimoveis.com.br%0A%0A%22N%C3%B3s%20n%C3%A3o%20somos%20uma%20imobili%C3%A1ria%20disputando%20o%20seu%20cliente.%20O%20Portal%20Esfinge%20%C3%A9%20a%20vitrine%20tecnol%C3%B3gica%20do%20Paran%C3%A1%20criada%20para%20conectar%20o%20comprador%20diretamente%20ao%20seu%20WhatsApp.%22%0A%0APodemos%20agendar%20uma%20demonstra%C3%A7%C3%A3o%20r%C3%A1pida%20sem%20compromisso%3F"
"Caioba PR";"MANOEL IMOVEIS CAIOBÁ";"(41) 3514-7302";"https://wa.me/554135147302?text=Ol%C3%A1%2C%20equipe%20da%20MANOEL%20IMOVEIS%20CAIOB%C3%81!%20Tudo%20bem%3F%0A%0AAcompanhamos%20o%20destaque%20de%20voc%C3%AAs%20no%20mercado%20imobili%C3%A1rio%20e%20gostar%C3%ADamos%20de%20convidar%20sua%20imobili%C3%A1ria%20para%20divulgar%20sua%20carteira%20de%20im%C3%B3veis%20no%20*Portal%20Esfinge%20Im%C3%B3veis*.%0A%0A%F0%9F%9B%A1%EF%B8%8F%20*Diferenciais%20para%20Imobili%C3%A1rias%3A*%0A1.%20*Zero%20Taxa%20de%20Corretagem%3A*%20Somos%20uma%20vitrine%20tecnol%C3%B3gica%20de%20aproxima%C3%A7%C3%A3o.%20O%20comprador%20%C3%A9%20100%25%20seu.%0A2.%20*Leads%20Diretos%3A*%20O%20cliente%20interessado%20clica%20no%20im%C3%B3vel%20e%20fala%20direto%20com%20o%20seu%20corretor%20no%20WhatsApp.%0A3.%20*Cadastro%20%C3%81gil%3A*%20Basta%20colar%20o%20link%20do%20seu%20an%C3%BAncio%20para%20importar%20em%20segundos.%0A%0AConhe%C3%A7a%20nosso%20portal%20oficial%3A%20https%3A%2F%2Fportalesfingeimoveis.com.br%0A%0A%22N%C3%B3s%20n%C3%A3o%20somos%20uma%20imobili%C3%A1ria%20disputando%20o%20seu%20cliente.%20O%20Portal%20Esfinge%20%C3%A9%20a%20vitrine%20tecnol%C3%B3gica%20do%20Paran%C3%A1%20criada%20para%20conectar%20o%20comprador%20diretamente%20ao%20seu%20WhatsApp.%22%0A%0APodemos%20agendar%20uma%20demonstra%C3%A7%C3%A3o%20r%C3%A1pida%20sem%20compromisso%3F"
"Caioba PR";"Apolar Imóveis Betaras Matinhos";"(41) 3453-1140";"https://wa.me/554134531140?text=Ol%C3%A1%2C%20equipe%20da%20Apolar%20Im%C3%B3veis%20Betaras%20Matinhos!%20Tudo%20bem%3F%0A%0AAcompanhamos%20o%20destaque%20de%20voc%C3%AAs%20no%20mercado%20imobili%C3%A1rio%20e%20gostar%C3%ADamos%20de%20convidar%20sua%20imobili%C3%A1ria%20para%20divulgar%20sua%20carteira%20de%20im%C3%B3veis%20no%20*Portal%20Esfinge%20Im%C3%B3veis*.%0A%0A%F0%9F%9B%A1%EF%B8%8F%20*Diferenciais%20para%20Imobili%C3%A1rias%3A*%0A1.%20*Zero%20Taxa%20de%20Corretagem%3A*%20Somos%20uma%20vitrine%20tecnol%C3%B3gica%20de%20aproxima%C3%A7%C3%A3o.%20O%20comprador%20%C3%A9%20100%25%20seu.%0A2.%20*Leads%20Diretos%3A*%20O%20cliente%20interessado%20clica%20no%20im%C3%B3vel%20e%20fala%20direto%20com%20o%20seu%20corretor%20no%20WhatsApp.%0A3.%20*Cadastro%20%C3%81gil%3A*%20Basta%20colar%20o%20link%20do%20seu%20an%C3%BAncio%20para%20importar%20em%20segundos.%0A%0AConhe%C3%A7a%20nosso%20portal%20oficial%3A%20https%3A%2F%2Fportalesfingeimoveis.com.br%0A%0A%22N%C3%B3s%20n%C3%A3o%20somos%20uma%20imobili%C3%A1ria%20disputando%20o%20seu%20cliente.%20O%20Portal%20Esfinge%20%C3%A9%20a%20vitrine%20tecnol%C3%B3gica%20do%20Paran%C3%A1%20criada%20para%20conectar%20o%20comprador%20diretamente%20ao%20seu%20WhatsApp.%22%0A%0APodemos%20agendar%20uma%20demonstra%C3%A7%C3%A3o%20r%C3%A1pida%20sem%20compromisso%3F"
"Caioba PR";"Michelly Imóveis - Imobiliária em Matinhos - Caiobá";"(41) 99880-4524";"https://wa.me/5541998804524?text=Ol%C3%A1%2C%20equipe%20da%20Michelly%20Im%C3%B3veis%20-%20Imobili%C3%A1ria%20em%20Matinhos%20-%20Caiob%C3%A1!%20Tudo%20bem%3F%0A%0AAcompanhamos%20o%20destaque%20de%20voc%C3%AAs%20no%20mercado%20imobili%C3%A1rio%20e%20gostar%C3%ADamos%20de%20convidar%20sua%20imobili%C3%A1ria%20para%20divulgar%20sua%20carteira%20de%20im%C3%B3veis%20no%20*Portal%20Esfinge%20Im%C3%B3veis*.%0A%0A%F0%9F%9B%A1%EF%B8%8F%20*Diferenciais%20para%20Imobili%C3%A1rias%3A*%0A1.%20*Zero%20Taxa%20de%20Corretagem%3A*%20Somos%20uma%20vitrine%20tecnol%C3%B3gica%20de%20aproxima%C3%A7%C3%A3o.%20O%20comprador%20%C3%A9%20100%25%20seu.%0A2.%20*Leads%20Diretos%3A*%20O%20cliente%20interessado%20clica%20no%20im%C3%B3vel%20e%20fala%20direto%20com%20o%20seu%20corretor%20no%20WhatsApp.%0A3.%20*Cadastro%20%C3%81gil%3A*%20Basta%20colar%20o%20link%20do%20seu%20an%C3%BAncio%20para%20importar%20em%20segundos.%0A%0AConhe%C3%A7a%20nosso%20portal%20oficial%3A%20https%3A%2F%2Fportalesfingeimoveis.com.br%0A%0A%22N%C3%B3s%20n%C3%A3o%20somos%20uma%20imobili%C3%A1ria%20disputando%20o%20seu%20cliente.%20O%20Portal%20Esfinge%20%C3%A9%20a%20vitrine%20tecnol%C3%B3gica%20do%20Paran%C3%A1%20criada%20para%20conectar%20o%20comprador%20diretamente%20ao%20seu%20WhatsApp.%22%0A%0APodemos%20agendar%20uma%20demonstra%C3%A7%C3%A3o%20r%C3%A1pida%20sem%20compromisso%3F"
"Caioba PR";"CresceR Imóveis - Flórida";"(41) 99539-1052";"https://wa.me/5541995391052?text=Ol%C3%A1%2C%20equipe%20da%20CresceR%20Im%C3%B3veis%20-%20Fl%C3%B3rida!%20Tudo%20bem%3F%0A%0AAcompanhamos%20o%20destaque%20de%20voc%C3%AAs%20no%20mercado%20imobili%C3%A1rio%20e%20gostar%C3%ADamos%20de%20convidar%20sua%20imobili%C3%A1ria%20para%20divulgar%20sua%20carteira%20de%20im%C3%B3veis%20no%20*Portal%20Esfinge%20Im%C3%B3veis*.%0A%0A%F0%9F%9B%A1%EF%B8%8F%20*Diferenciais%20para%20Imobili%C3%A1rias%3A*%0A1.%20*Zero%20Taxa%20de%20Corretagem%3A*%20Somos%20uma%20vitrine%20tecnol%C3%B3gica%20de%20aproxima%C3%A7%C3%A3o.%20O%20comprador%20%C3%A9%20100%25%20seu.%0A2.%20*Leads%20Diretos%3A*%20O%20cliente%20interessado%20clica%20no%20im%C3%B3vel%20e%20fala%20direto%20com%20o%20seu%20corretor%20no%20WhatsApp.%0A3.%20*Cadastro%20%C3%81gil%3A*%20Basta%20colar%20o%20link%20do%20seu%20an%C3%BAncio%20para%20importar%20em%20segundos.%0A%0AConhe%C3%A7a%20nosso%20portal%20oficial%3A%20https%3A%2F%2Fportalesfingeimoveis.com.br%0A%0A%22N%C3%B3s%20n%C3%A3o%20somos%20uma%20imobili%C3%A1ria%20disputando%20o%20seu%20cliente.%20O%20Portal%20Esfinge%20%C3%A9%20a%20vitrine%20tecnol%C3%B3gica%20do%20Paran%C3%A1%20criada%20para%20conectar%20o%20comprador%20diretamente%20ao%20seu%20WhatsApp.%22%0A%0APodemos%20agendar%20uma%20demonstra%C3%A7%C3%A3o%20r%C3%A1pida%20sem%20compromisso%3F"
"Caioba PR";"Rorato Imóveis - Casas Beira Mar em Matinhos e Caiobá";"(41) 99737-9996";"https://wa.me/5541997379996?text=Ol%C3%A1%2C%20equipe%20da%20Rorato%20Im%C3%B3veis%20-%20Casas%20Beira%20Mar%20em%20Matinhos%20e%20Caiob%C3%A1!%20Tudo%20bem%3F%0A%0AAcompanhamos%20o%20destaque%20de%20voc%C3%AAs%20no%20mercado%20imobili%C3%A1rio%20e%20gostar%C3%ADamos%20de%20convidar%20sua%20imobili%C3%A1ria%20para%20divulgar%20sua%20carteira%20de%20im%C3%B3veis%20no%20*Portal%20Esfinge%20Im%C3%B3veis*.%0A%0A%F0%9F%9B%A1%EF%B8%8F%20*Diferenciais%20para%20Imobili%C3%A1rias%3A*%0A1.%20*Zero%20Taxa%20de%20Corretagem%3A*%20Somos%20uma%20vitrine%20tecnol%C3%B3gica%20de%20aproxima%C3%A7%C3%A3o.%20O%20comprador%20%C3%A9%20100%25%20seu.%0A2.%20*Leads%20Diretos%3A*%20O%20cliente%20interessado%20clica%20no%20im%C3%B3vel%20e%20fala%20direto%20com%20o%20seu%20corretor%20no%20WhatsApp.%0A3.%20*Cadastro%20%C3%81gil%3A*%20Basta%20colar%20o%20link%20do%20seu%20an%C3%BAncio%20para%20importar%20em%20segundos.%0A%0AConhe%C3%A7a%20nosso%20portal%20oficial%3A%20https%3A%2F%2Fportalesfingeimoveis.com.br%0A%0A%22N%C3%B3s%20n%C3%A3o%20somos%20uma%20imobili%C3%A1ria%20disputando%20o%20seu%20cliente.%20O%20Portal%20Esfinge%20%C3%A9%20a%20vitrine%20tecnol%C3%B3gica%20do%20Paran%C3%A1%20criada%20para%20conectar%20o%20comprador%20diretamente%20ao%20seu%20WhatsApp.%22%0A%0APodemos%20agendar%20uma%20demonstra%C3%A7%C3%A3o%20r%C3%A1pida%20sem%20compromisso%3F"
"Caioba PR";"Aguileri Imóveis";"(41) 99722-6324";"https://wa.me/5541997226324?text=Ol%C3%A1%2C%20equipe%20da%20Aguileri%20Im%C3%B3veis!%20Tudo%20bem%3F%0A%0AAcompanhamos%20o%20destaque%20de%20voc%C3%AAs%20no%20mercado%20imobili%C3%A1rio%20e%20gostar%C3%ADamos%20de%20convidar%20sua%20imobili%C3%A1ria%20para%20divulgar%20sua%20carteira%20de%20im%C3%B3veis%20no%20*Portal%20Esfinge%20Im%C3%B3veis*.%0A%0A%F0%9F%9B%A1%EF%B8%8F%20*Diferenciais%20para%20Imobili%C3%A1rias%3A*%0A1.%20*Zero%20Taxa%20de%20Corretagem%3A*%20Somos%20uma%20vitrine%20tecnol%C3%B3gica%20de%20aproxima%C3%A7%C3%A3o.%20O%20comprador%20%C3%A9%20100%25%20seu.%0A2.%20*Leads%20Diretos%3A*%20O%20cliente%20interessado%20clica%20no%20im%C3%B3vel%20e%20fala%20direto%20com%20o%20seu%20corretor%20no%20WhatsApp.%0A3.%20*Cadastro%20%C3%81gil%3A*%20Basta%20colar%20o%20link%20do%20seu%20an%C3%BAncio%20para%20importar%20em%20segundos.%0A%0AConhe%C3%A7a%20nosso%20portal%20oficial%3A%20https%3A%2F%2Fportalesfingeimoveis.com.br%0A%0A%22N%C3%B3s%20n%C3%A3o%20somos%20uma%20imobili%C3%A1ria%20disputando%20o%20seu%20cliente.%20O%20Portal%20Esfinge%20%C3%A9%20a%20vitrine%20tecnol%C3%B3gica%20do%20Paran%C3%A1%20criada%20para%20conectar%20o%20comprador%20diretamente%20ao%20seu%20WhatsApp.%22%0A%0APodemos%20agendar%20uma%20demonstra%C3%A7%C3%A3o%20r%C3%A1pida%20sem%20compromisso%3F"
"Caioba PR";"Garten imobiliária";"(41) 99599-0930";"https://wa.me/5541995990930?text=Ol%C3%A1%2C%20equipe%20da%20Garten%20imobili%C3%A1ria!%20Tudo%20bem%3F%0A%0AAcompanhamos%20o%20destaque%20de%20voc%C3%AAs%20no%20mercado%20imobili%C3%A1rio%20e%20gostar%C3%ADamos%20de%20convidar%20sua%20imobili%C3%A1ria%20para%20divulgar%20sua%20carteira%20de%20im%C3%B3veis%20no%20*Portal%20Esfinge%20Im%C3%B3veis*.%0A%0A%F0%9F%9B%A1%EF%B8%8F%20*Diferenciais%20para%20Imobili%C3%A1rias%3A*%0A1.%20*Zero%20Taxa%20de%20Corretagem%3A*%20Somos%20uma%20vitrine%20tecnol%C3%B3gica%20de%20aproxima%C3%A7%C3%A3o.%20O%20comprador%20%C3%A9%20100%25%20seu.%0A2.%20*Leads%20Diretos%3A*%20O%20cliente%20interessado%20clica%20no%20im%C3%B3vel%20e%20fala%20direto%20com%20o%20seu%20corretor%20no%20WhatsApp.%0A3.%20*Cadastro%20%C3%81gil%3A*%20Basta%20colar%20o%20link%20do%20seu%20an%C3%BAncio%20para%20importar%20em%20segundos.%0A%0AConhe%C3%A7a%20nosso%20portal%20oficial%3A%20https%3A%2F%2Fportalesfingeimoveis.com.br%0A%0A%22N%C3%B3s%20n%C3%A3o%20somos%20uma%20imobili%C3%A1ria%20disputando%20o%20seu%20cliente.%20O%20Portal%20Esfinge%20%C3%A9%20a%20vitrine%20tecnol%C3%B3gica%20do%20Paran%C3%A1%20criada%20para%20conectar%20o%20comprador%20diretamente%20ao%20seu%20WhatsApp.%22%0A%0APodemos%20agendar%20uma%20demonstra%C3%A7%C3%A3o%20r%C3%A1pida%20sem%20compromisso%3F"
"Caioba PR";"AG CAIOBÁ IMÓVEIS";"(41) 3473-4688";"https://wa.me/554134734688?text=Ol%C3%A1%2C%20equipe%20da%20AG%20CAIOB%C3%81%20IM%C3%93VEIS!%20Tudo%20bem%3F%0A%0AAcompanhamos%20o%20destaque%20de%20voc%C3%AAs%20no%20mercado%20imobili%C3%A1rio%20e%20gostar%C3%ADamos%20de%20convidar%20sua%20imobili%C3%A1ria%20para%20divulgar%20sua%20carteira%20de%20im%C3%B3veis%20no%20*Portal%20Esfinge%20Im%C3%B3veis*.%0A%0A%F0%9F%9B%A1%EF%B8%8F%20*Diferenciais%20para%20Imobili%C3%A1rias%3A*%0A1.%20*Zero%20Taxa%20de%20Corretagem%3A*%20Somos%20uma%20vitrine%20tecnol%C3%B3gica%20de%20aproxima%C3%A7%C3%A3o.%20O%20comprador%20%C3%A9%20100%25%20seu.%0A2.%20*Leads%20Diretos%3A*%20O%20cliente%20interessado%20clica%20no%20im%C3%B3vel%20e%20fala%20direto%20com%20o%20seu%20corretor%20no%20WhatsApp.%0A3.%20*Cadastro%20%C3%81gil%3A*%20Basta%20colar%20o%20link%20do%20seu%20an%C3%BAncio%20para%20importar%20em%20segundos.%0A%0AConhe%C3%A7a%20nosso%20portal%20oficial%3A%20https%3A%2F%2Fportalesfingeimoveis.com.br%0A%0A%22N%C3%B3s%20n%C3%A3o%20somos%20uma%20imobili%C3%A1ria%20disputando%20o%20seu%20cliente.%20O%20Portal%20Esfinge%20%C3%A9%20a%20vitrine%20tecnol%C3%B3gica%20do%20Paran%C3%A1%20criada%20para%20conectar%20o%20comprador%20diretamente%20ao%20seu%20WhatsApp.%22%0A%0APodemos%20agendar%20uma%20demonstra%C3%A7%C3%A3o%20r%C3%A1pida%20sem%20compromisso%3F"
"Caioba PR";"Souza Imóveis Caiobá";"(41) 99723-2582";"https://wa.me/5541997232582?text=Ol%C3%A1%2C%20equipe%20da%20Souza%20Im%C3%B3veis%20Caiob%C3%A1!%20Tudo%20bem%3F%0A%0AAcompanhamos%20o%20destaque%20de%20voc%C3%AAs%20no%20mercado%20imobili%C3%A1rio%20e%20gostar%C3%ADamos%20de%20convidar%20sua%20imobili%C3%A1ria%20para%20divulgar%20sua%20carteira%20de%20im%C3%B3veis%20no%20*Portal%20Esfinge%20Im%C3%B3veis*.%0A%0A%F0%9F%9B%A1%EF%B8%8F%20*Diferenciais%20para%20Imobili%C3%A1rias%3A*%0A1.%20*Zero%20Taxa%20de%20Corretagem%3A*%20Somos%20uma%20vitrine%20tecnol%C3%B3gica%20de%20aproxima%C3%A7%C3%A3o.%20O%20comprador%20%C3%A9%20100%25%20seu.%0A2.%20*Leads%20Diretos%3A*%20O%20cliente%20interessado%20clica%20no%20im%C3%B3vel%20e%20fala%20direto%20com%20o%20seu%20corretor%20no%20WhatsApp.%0A3.%20*Cadastro%20%C3%81gil%3A*%20Basta%20colar%20o%20link%20do%20seu%20an%C3%BAncio%20para%20importar%20em%20segundos.%0A%0AConhe%C3%A7a%20nosso%20portal%20oficial%3A%20https%3A%2F%2Fportalesfingeimoveis.com.br%0A%0A%22N%C3%B3s%20n%C3%A3o%20somos%20uma%20imobili%C3%A1ria%20disputando%20o%20seu%20cliente.%20O%20Portal%20Esfinge%20%C3%A9%20a%20vitrine%20tecnol%C3%B3gica%20do%20Paran%C3%A1%20criada%20para%20conectar%20o%20comprador%20diretamente%20ao%20seu%20WhatsApp.%22%0A%0APodemos%20agendar%20uma%20demonstra%C3%A7%C3%A3o%20r%C3%A1pida%20sem%20compromisso%3F"
"Caioba PR";"Amaral";"(41) 3473-3844";"https://wa.me/554134733844?text=Ol%C3%A1%2C%20equipe%20da%20Amaral!%20Tudo%20bem%3F%0A%0AAcompanhamos%20o%20destaque%20de%20voc%C3%AAs%20no%20mercado%20imobili%C3%A1rio%20e%20gostar%C3%ADamos%20de%20convidar%20sua%20imobili%C3%A1ria%20para%20divulgar%20sua%20carteira%20de%20im%C3%B3veis%20no%20*Portal%20Esfinge%20Im%C3%B3veis*.%0A%0A%F0%9F%9B%A1%EF%B8%8F%20*Diferenciais%20para%20Imobili%C3%A1rias%3A*%0A1.%20*Zero%20Taxa%20de%20Corretagem%3A*%20Somos%20uma%20vitrine%20tecnol%C3%B3gica%20de%20aproxima%C3%A7%C3%A3o.%20O%20comprador%20%C3%A9%20100%25%20seu.%0A2.%20*Leads%20Diretos%3A*%20O%20cliente%20interessado%20clica%20no%20im%C3%B3vel%20e%20fala%20direto%20com%20o%20seu%20corretor%20no%20WhatsApp.%0A3.%20*Cadastro%20%C3%81gil%3A*%20Basta%20colar%20o%20link%20do%20seu%20an%C3%BAncio%20para%20importar%20em%20segundos.%0A%0AConhe%C3%A7a%20nosso%20portal%20oficial%3A%20https%3A%2F%2Fportalesfingeimoveis.com.br%0A%0A%22N%C3%B3s%20n%C3%A3o%20somos%20uma%20imobili%C3%A1ria%20disputando%20o%20seu%20cliente.%20O%20Portal%20Esfinge%20%C3%A9%20a%20vitrine%20tecnol%C3%B3gica%20do%20Paran%C3%A1%20criada%20para%20conectar%20o%20comprador%20diretamente%20ao%20seu%20WhatsApp.%22%0A%0APodemos%20agendar%20uma%20demonstra%C3%A7%C3%A3o%20r%C3%A1pida%20sem%20compromisso%3F"
"Caioba PR";"KÁTIA LADA - CORRETORA DE IMÓVEIS";"Ver no Google Maps";"Telefone móvel não identificado"
"Caioba PR";"DM Atlântica";"(41) 99974-4414";"https://wa.me/5541999744414?text=Ol%C3%A1%2C%20equipe%20da%20DM%20Atl%C3%A2ntica!%20Tudo%20bem%3F%0A%0AAcompanhamos%20o%20destaque%20de%20voc%C3%AAs%20no%20mercado%20imobili%C3%A1rio%20e%20gostar%C3%ADamos%20de%20convidar%20sua%20imobili%C3%A1ria%20para%20divulgar%20sua%20carteira%20de%20im%C3%B3veis%20no%20*Portal%20Esfinge%20Im%C3%B3veis*.%0A%0A%F0%9F%9B%A1%EF%B8%8F%20*Diferenciais%20para%20Imobili%C3%A1rias%3A*%0A1.%20*Zero%20Taxa%20de%20Corretagem%3A*%20Somos%20uma%20vitrine%20tecnol%C3%B3gica%20de%20aproxima%C3%A7%C3%A3o.%20O%20comprador%20%C3%A9%20100%25%20seu.%0A2.%20*Leads%20Diretos%3A*%20O%20cliente%20interessado%20clica%20no%20im%C3%B3vel%20e%20fala%20direto%20com%20o%20seu%20corretor%20no%20WhatsApp.%0A3.%20*Cadastro%20%C3%81gil%3A*%20Basta%20colar%20o%20link%20do%20seu%20an%C3%BAncio%20para%20importar%20em%20segundos.%0A%0AConhe%C3%A7a%20nosso%20portal%20oficial%3A%20https%3A%2F%2Fportalesfingeimoveis.com.br%0A%0A%22N%C3%B3s%20n%C3%A3o%20somos%20uma%20imobili%C3%A1ria%20disputando%20o%20seu%20cliente.%20O%20Portal%20Esfinge%20%C3%A9%20a%20vitrine%20tecnol%C3%B3gica%20do%20Paran%C3%A1%20criada%20para%20conectar%20o%20comprador%20diretamente%20ao%20seu%20WhatsApp.%22%0A%0APodemos%20agendar%20uma%20demonstra%C3%A7%C3%A3o%20r%C3%A1pida%20sem%20compromisso%3F"
"Guaratuba PR";"Muraski Imóveis - Imobiliária em Guaratuba | Centro";"(41) 3472-2000";"https://wa.me/554134722000?text=Ol%C3%A1%2C%20equipe%20da%20Muraski%20Im%C3%B3veis%20-%20Imobili%C3%A1ria%20em%20Guaratuba%20%7C%20Centro!%20Tudo%20bem%3F%0A%0AAcompanhamos%20o%20destaque%20de%20voc%C3%AAs%20no%20mercado%20imobili%C3%A1rio%20e%20gostar%C3%ADamos%20de%20convidar%20sua%20imobili%C3%A1ria%20para%20divulgar%20sua%20carteira%20de%20im%C3%B3veis%20no%20*Portal%20Esfinge%20Im%C3%B3veis*.%0A%0A%F0%9F%9B%A1%EF%B8%8F%20*Diferenciais%20para%20Imobili%C3%A1rias%3A*%0A1.%20*Zero%20Taxa%20de%20Corretagem%3A*%20Somos%20uma%20vitrine%20tecnol%C3%B3gica%20de%20aproxima%C3%A7%C3%A3o.%20O%20comprador%20%C3%A9%20100%25%20seu.%0A2.%20*Leads%20Diretos%3A*%20O%20cliente%20interessado%20clica%20no%20im%C3%B3vel%20e%20fala%20direto%20com%20o%20seu%20corretor%20no%20WhatsApp.%0A3.%20*Cadastro%20%C3%81gil%3A*%20Basta%20colar%20o%20link%20do%20seu%20an%C3%BAncio%20para%20importar%20em%20segundos.%0A%0AConhe%C3%A7a%20nosso%20portal%20oficial%3A%20https%3A%2F%2Fportalesfingeimoveis.com.br%0A%0A%22N%C3%B3s%20n%C3%A3o%20somos%20uma%20imobili%C3%A1ria%20disputando%20o%20seu%20cliente.%20O%20Portal%20Esfinge%20%C3%A9%20a%20vitrine%20tecnol%C3%B3gica%20do%20Paran%C3%A1%20criada%20para%20conectar%20o%20comprador%20diretamente%20ao%20seu%20WhatsApp.%22%0A%0APodemos%20agendar%20uma%20demonstra%C3%A7%C3%A3o%20r%C3%A1pida%20sem%20compromisso%3F"
"Guaratuba PR";"IMOBILIÁRIA GUARATUBA LTDA";"(41) 99786-4088";"https://wa.me/5541997864088?text=Ol%C3%A1%2C%20equipe%20da%20IMOBILI%C3%81RIA%20GUARATUBA%20LTDA!%20Tudo%20bem%3F%0A%0AAcompanhamos%20o%20destaque%20de%20voc%C3%AAs%20no%20mercado%20imobili%C3%A1rio%20e%20gostar%C3%ADamos%20de%20convidar%20sua%20imobili%C3%A1ria%20para%20divulgar%20sua%20carteira%20de%20im%C3%B3veis%20no%20*Portal%20Esfinge%20Im%C3%B3veis*.%0A%0A%F0%9F%9B%A1%EF%B8%8F%20*Diferenciais%20para%20Imobili%C3%A1rias%3A*%0A1.%20*Zero%20Taxa%20de%20Corretagem%3A*%20Somos%20uma%20vitrine%20tecnol%C3%B3gica%20de%20aproxima%C3%A7%C3%A3o.%20O%20comprador%20%C3%A9%20100%25%20seu.%0A2.%20*Leads%20Diretos%3A*%20O%20cliente%20interessado%20clica%20no%20im%C3%B3vel%20e%20fala%20direto%20com%20o%20seu%20corretor%20no%20WhatsApp.%0A3.%20*Cadastro%20%C3%81gil%3A*%20Basta%20colar%20o%20link%20do%20seu%20an%C3%BAncio%20para%20importar%20em%20segundos.%0A%0AConhe%C3%A7a%20nosso%20portal%20oficial%3A%20https%3A%2F%2Fportalesfingeimoveis.com.br%0A%0A%22N%C3%B3s%20n%C3%A3o%20somos%20uma%20imobili%C3%A1ria%20disputando%20o%20seu%20cliente.%20O%20Portal%20Esfinge%20%C3%A9%20a%20vitrine%20tecnol%C3%B3gica%20do%20Paran%C3%A1%20criada%20para%20conectar%20o%20comprador%20diretamente%20ao%20seu%20WhatsApp.%22%0A%0APodemos%20agendar%20uma%20demonstra%C3%A7%C3%A3o%20r%C3%A1pida%20sem%20compromisso%3F"
"Guaratuba PR";"Objetiva Imóveis";"(41) 3442-1010";"https://wa.me/554134421010?text=Ol%C3%A1%2C%20equipe%20da%20Objetiva%20Im%C3%B3veis!%20Tudo%20bem%3F%0A%0AAcompanhamos%20o%20destaque%20de%20voc%C3%AAs%20no%20mercado%20imobili%C3%A1rio%20e%20gostar%C3%ADamos%20de%20convidar%20sua%20imobili%C3%A1ria%20para%20divulgar%20sua%20carteira%20de%20im%C3%B3veis%20no%20*Portal%20Esfinge%20Im%C3%B3veis*.%0A%0A%F0%9F%9B%A1%EF%B8%8F%20*Diferenciais%20para%20Imobili%C3%A1rias%3A*%0A1.%20*Zero%20Taxa%20de%20Corretagem%3A*%20Somos%20uma%20vitrine%20tecnol%C3%B3gica%20de%20aproxima%C3%A7%C3%A3o.%20O%20comprador%20%C3%A9%20100%25%20seu.%0A2.%20*Leads%20Diretos%3A*%20O%20cliente%20interessado%20clica%20no%20im%C3%B3vel%20e%20fala%20direto%20com%20o%20seu%20corretor%20no%20WhatsApp.%0A3.%20*Cadastro%20%C3%81gil%3A*%20Basta%20colar%20o%20link%20do%20seu%20an%C3%BAncio%20para%20importar%20em%20segundos.%0A%0AConhe%C3%A7a%20nosso%20portal%20oficial%3A%20https%3A%2F%2Fportalesfingeimoveis.com.br%0A%0A%22N%C3%B3s%20n%C3%A3o%20somos%20uma%20imobili%C3%A1ria%20disputando%20o%20seu%20cliente.%20O%20Portal%20Esfinge%20%C3%A9%20a%20vitrine%20tecnol%C3%B3gica%20do%20Paran%C3%A1%20criada%20para%20conectar%20o%20comprador%20diretamente%20ao%20seu%20WhatsApp.%22%0A%0APodemos%20agendar%20uma%20demonstra%C3%A7%C3%A3o%20r%C3%A1pida%20sem%20compromisso%3F"
"Guaratuba PR";"FERREIRA IMÓVEIS - Imobiliária em Guaratuba";"(41) 99890-0001";"https://wa.me/5541998900001?text=Ol%C3%A1%2C%20equipe%20da%20FERREIRA%20IM%C3%93VEIS%20-%20Imobili%C3%A1ria%20em%20Guaratuba!%20Tudo%20bem%3F%0A%0AAcompanhamos%20o%20destaque%20de%20voc%C3%AAs%20no%20mercado%20imobili%C3%A1rio%20e%20gostar%C3%ADamos%20de%20convidar%20sua%20imobili%C3%A1ria%20para%20divulgar%20sua%20carteira%20de%20im%C3%B3veis%20no%20*Portal%20Esfinge%20Im%C3%B3veis*.%0A%0A%F0%9F%9B%A1%EF%B8%8F%20*Diferenciais%20para%20Imobili%C3%A1rias%3A*%0A1.%20*Zero%20Taxa%20de%20Corretagem%3A*%20Somos%20uma%20vitrine%20tecnol%C3%B3gica%20de%20aproxima%C3%A7%C3%A3o.%20O%20comprador%20%C3%A9%20100%25%20seu.%0A2.%20*Leads%20Diretos%3A*%20O%20cliente%20interessado%20clica%20no%20im%C3%B3vel%20e%20fala%20direto%20com%20o%20seu%20corretor%20no%20WhatsApp.%0A3.%20*Cadastro%20%C3%81gil%3A*%20Basta%20colar%20o%20link%20do%20seu%20an%C3%BAncio%20para%20importar%20em%20segundos.%0A%0AConhe%C3%A7a%20nosso%20portal%20oficial%3A%20https%3A%2F%2Fportalesfingeimoveis.com.br%0A%0A%22N%C3%B3s%20n%C3%A3o%20somos%20uma%20imobili%C3%A1ria%20disputando%20o%20seu%20cliente.%20O%20Portal%20Esfinge%20%C3%A9%20a%20vitrine%20tecnol%C3%B3gica%20do%20Paran%C3%A1%20criada%20para%20conectar%20o%20comprador%20diretamente%20ao%20seu%20WhatsApp.%22%0A%0APodemos%20agendar%20uma%20demonstra%C3%A7%C3%A3o%20r%C3%A1pida%20sem%20compromisso%3F"
"Guaratuba PR";"NG Imóveis - Imobiliária";"(41) 3443-1014";"https://wa.me/554134431014?text=Ol%C3%A1%2C%20equipe%20da%20NG%20Im%C3%B3veis%20-%20Imobili%C3%A1ria!%20Tudo%20bem%3F%0A%0AAcompanhamos%20o%20destaque%20de%20voc%C3%AAs%20no%20mercado%20imobili%C3%A1rio%20e%20gostar%C3%ADamos%20de%20convidar%20sua%20imobili%C3%A1ria%20para%20divulgar%20sua%20carteira%20de%20im%C3%B3veis%20no%20*Portal%20Esfinge%20Im%C3%B3veis*.%0A%0A%F0%9F%9B%A1%EF%B8%8F%20*Diferenciais%20para%20Imobili%C3%A1rias%3A*%0A1.%20*Zero%20Taxa%20de%20Corretagem%3A*%20Somos%20uma%20vitrine%20tecnol%C3%B3gica%20de%20aproxima%C3%A7%C3%A3o.%20O%20comprador%20%C3%A9%20100%25%20seu.%0A2.%20*Leads%20Diretos%3A*%20O%20cliente%20interessado%20clica%20no%20im%C3%B3vel%20e%20fala%20direto%20com%20o%20seu%20corretor%20no%20WhatsApp.%0A3.%20*Cadastro%20%C3%81gil%3A*%20Basta%20colar%20o%20link%20do%20seu%20an%C3%BAncio%20para%20importar%20em%20segundos.%0A%0AConhe%C3%A7a%20nosso%20portal%20oficial%3A%20https%3A%2F%2Fportalesfingeimoveis.com.br%0A%0A%22N%C3%B3s%20n%C3%A3o%20somos%20uma%20imobili%C3%A1ria%20disputando%20o%20seu%20cliente.%20O%20Portal%20Esfinge%20%C3%A9%20a%20vitrine%20tecnol%C3%B3gica%20do%20Paran%C3%A1%20criada%20para%20conectar%20o%20comprador%20diretamente%20ao%20seu%20WhatsApp.%22%0A%0APodemos%20agendar%20uma%20demonstra%C3%A7%C3%A3o%20r%C3%A1pida%20sem%20compromisso%3F"
"Guaratuba PR";"Imobiliária Litoral Sul";"(41) 3442-7150";"https://wa.me/554134427150?text=Ol%C3%A1%2C%20equipe%20da%20Imobili%C3%A1ria%20Litoral%20Sul!%20Tudo%20bem%3F%0A%0AAcompanhamos%20o%20destaque%20de%20voc%C3%AAs%20no%20mercado%20imobili%C3%A1rio%20e%20gostar%C3%ADamos%20de%20convidar%20sua%20imobili%C3%A1ria%20para%20divulgar%20sua%20carteira%20de%20im%C3%B3veis%20no%20*Portal%20Esfinge%20Im%C3%B3veis*.%0A%0A%F0%9F%9B%A1%EF%B8%8F%20*Diferenciais%20para%20Imobili%C3%A1rias%3A*%0A1.%20*Zero%20Taxa%20de%20Corretagem%3A*%20Somos%20uma%20vitrine%20tecnol%C3%B3gica%20de%20aproxima%C3%A7%C3%A3o.%20O%20comprador%20%C3%A9%20100%25%20seu.%0A2.%20*Leads%20Diretos%3A*%20O%20cliente%20interessado%20clica%20no%20im%C3%B3vel%20e%20fala%20direto%20com%20o%20seu%20corretor%20no%20WhatsApp.%0A3.%20*Cadastro%20%C3%81gil%3A*%20Basta%20colar%20o%20link%20do%20seu%20an%C3%BAncio%20para%20importar%20em%20segundos.%0A%0AConhe%C3%A7a%20nosso%20portal%20oficial%3A%20https%3A%2F%2Fportalesfingeimoveis.com.br%0A%0A%22N%C3%B3s%20n%C3%A3o%20somos%20uma%20imobili%C3%A1ria%20disputando%20o%20seu%20cliente.%20O%20Portal%20Esfinge%20%C3%A9%20a%20vitrine%20tecnol%C3%B3gica%20do%20Paran%C3%A1%20criada%20para%20conectar%20o%20comprador%20diretamente%20ao%20seu%20WhatsApp.%22%0A%0APodemos%20agendar%20uma%20demonstra%C3%A7%C3%A3o%20r%C3%A1pida%20sem%20compromisso%3F"
"Guaratuba PR";"Praia Central Imóveis";"(41) 3442-7006";"https://wa.me/554134427006?text=Ol%C3%A1%2C%20equipe%20da%20Praia%20Central%20Im%C3%B3veis!%20Tudo%20bem%3F%0A%0AAcompanhamos%20o%20destaque%20de%20voc%C3%AAs%20no%20mercado%20imobili%C3%A1rio%20e%20gostar%C3%ADamos%20de%20convidar%20sua%20imobili%C3%A1ria%20para%20divulgar%20sua%20carteira%20de%20im%C3%B3veis%20no%20*Portal%20Esfinge%20Im%C3%B3veis*.%0A%0A%F0%9F%9B%A1%EF%B8%8F%20*Diferenciais%20para%20Imobili%C3%A1rias%3A*%0A1.%20*Zero%20Taxa%20de%20Corretagem%3A*%20Somos%20uma%20vitrine%20tecnol%C3%B3gica%20de%20aproxima%C3%A7%C3%A3o.%20O%20comprador%20%C3%A9%20100%25%20seu.%0A2.%20*Leads%20Diretos%3A*%20O%20cliente%20interessado%20clica%20no%20im%C3%B3vel%20e%20fala%20direto%20com%20o%20seu%20corretor%20no%20WhatsApp.%0A3.%20*Cadastro%20%C3%81gil%3A*%20Basta%20colar%20o%20link%20do%20seu%20an%C3%BAncio%20para%20importar%20em%20segundos.%0A%0AConhe%C3%A7a%20nosso%20portal%20oficial%3A%20https%3A%2F%2Fportalesfingeimoveis.com.br%0A%0A%22N%C3%B3s%20n%C3%A3o%20somos%20uma%20imobili%C3%A1ria%20disputando%20o%20seu%20cliente.%20O%20Portal%20Esfinge%20%C3%A9%20a%20vitrine%20tecnol%C3%B3gica%20do%20Paran%C3%A1%20criada%20para%20conectar%20o%20comprador%20diretamente%20ao%20seu%20WhatsApp.%22%0A%0APodemos%20agendar%20uma%20demonstra%C3%A7%C3%A3o%20r%C3%A1pida%20sem%20compromisso%3F"
"Guaratuba PR";"Imob Guaratuba";"(41) 99959-3927";"https://wa.me/5541999593927?text=Ol%C3%A1%2C%20equipe%20da%20Imob%20Guaratuba!%20Tudo%20bem%3F%0A%0AAcompanhamos%20o%20destaque%20de%20voc%C3%AAs%20no%20mercado%20imobili%C3%A1rio%20e%20gostar%C3%ADamos%20de%20convidar%20sua%20imobili%C3%A1ria%20para%20divulgar%20sua%20carteira%20de%20im%C3%B3veis%20no%20*Portal%20Esfinge%20Im%C3%B3veis*.%0A%0A%F0%9F%9B%A1%EF%B8%8F%20*Diferenciais%20para%20Imobili%C3%A1rias%3A*%0A1.%20*Zero%20Taxa%20de%20Corretagem%3A*%20Somos%20uma%20vitrine%20tecnol%C3%B3gica%20de%20aproxima%C3%A7%C3%A3o.%20O%20comprador%20%C3%A9%20100%25%20seu.%0A2.%20*Leads%20Diretos%3A*%20O%20cliente%20interessado%20clica%20no%20im%C3%B3vel%20e%20fala%20direto%20com%20o%20seu%20corretor%20no%20WhatsApp.%0A3.%20*Cadastro%20%C3%81gil%3A*%20Basta%20colar%20o%20link%20do%20seu%20an%C3%BAncio%20para%20importar%20em%20segundos.%0A%0AConhe%C3%A7a%20nosso%20portal%20oficial%3A%20https%3A%2F%2Fportalesfingeimoveis.com.br%0A%0A%22N%C3%B3s%20n%C3%A3o%20somos%20uma%20imobili%C3%A1ria%20disputando%20o%20seu%20cliente.%20O%20Portal%20Esfinge%20%C3%A9%20a%20vitrine%20tecnol%C3%B3gica%20do%20Paran%C3%A1%20criada%20para%20conectar%20o%20comprador%20diretamente%20ao%20seu%20WhatsApp.%22%0A%0APodemos%20agendar%20uma%20demonstra%C3%A7%C3%A3o%20r%C3%A1pida%20sem%20compromisso%3F"
"Guaratuba PR";"Grandeur Imóveis";"(41) 98870-0480";"https://wa.me/5541988700480?text=Ol%C3%A1%2C%20equipe%20da%20Grandeur%20Im%C3%B3veis!%20Tudo%20bem%3F%0A%0AAcompanhamos%20o%20destaque%20de%20voc%C3%AAs%20no%20mercado%20imobili%C3%A1rio%20e%20gostar%C3%ADamos%20de%20convidar%20sua%20imobili%C3%A1ria%20para%20divulgar%20sua%20carteira%20de%20im%C3%B3veis%20no%20*Portal%20Esfinge%20Im%C3%B3veis*.%0A%0A%F0%9F%9B%A1%EF%B8%8F%20*Diferenciais%20para%20Imobili%C3%A1rias%3A*%0A1.%20*Zero%20Taxa%20de%20Corretagem%3A*%20Somos%20uma%20vitrine%20tecnol%C3%B3gica%20de%20aproxima%C3%A7%C3%A3o.%20O%20comprador%20%C3%A9%20100%25%20seu.%0A2.%20*Leads%20Diretos%3A*%20O%20cliente%20interessado%20clica%20no%20im%C3%B3vel%20e%20fala%20direto%20com%20o%20seu%20corretor%20no%20WhatsApp.%0A3.%20*Cadastro%20%C3%81gil%3A*%20Basta%20colar%20o%20link%20do%20seu%20an%C3%BAncio%20para%20importar%20em%20segundos.%0A%0AConhe%C3%A7a%20nosso%20portal%20oficial%3A%20https%3A%2F%2Fportalesfingeimoveis.com.br%0A%0A%22N%C3%B3s%20n%C3%A3o%20somos%20uma%20imobili%C3%A1ria%20disputando%20o%20seu%20cliente.%20O%20Portal%20Esfinge%20%C3%A9%20a%20vitrine%20tecnol%C3%B3gica%20do%20Paran%C3%A1%20criada%20para%20conectar%20o%20comprador%20diretamente%20ao%20seu%20WhatsApp.%22%0A%0APodemos%20agendar%20uma%20demonstra%C3%A7%C3%A3o%20r%C3%A1pida%20sem%20compromisso%3F"
"Guaratuba PR";"Adonai Imóveis Guaratuba - Imobiliária";"(41) 3411-8980";"https://wa.me/554134118980?text=Ol%C3%A1%2C%20equipe%20da%20Adonai%20Im%C3%B3veis%20Guaratuba%20-%20Imobili%C3%A1ria!%20Tudo%20bem%3F%0A%0AAcompanhamos%20o%20destaque%20de%20voc%C3%AAs%20no%20mercado%20imobili%C3%A1rio%20e%20gostar%C3%ADamos%20de%20convidar%20sua%20imobili%C3%A1ria%20para%20divulgar%20sua%20carteira%20de%20im%C3%B3veis%20no%20*Portal%20Esfinge%20Im%C3%B3veis*.%0A%0A%F0%9F%9B%A1%EF%B8%8F%20*Diferenciais%20para%20Imobili%C3%A1rias%3A*%0A1.%20*Zero%20Taxa%20de%20Corretagem%3A*%20Somos%20uma%20vitrine%20tecnol%C3%B3gica%20de%20aproxima%C3%A7%C3%A3o.%20O%20comprador%20%C3%A9%20100%25%20seu.%0A2.%20*Leads%20Diretos%3A*%20O%20cliente%20interessado%20clica%20no%20im%C3%B3vel%20e%20fala%20direto%20com%20o%20seu%20corretor%20no%20WhatsApp.%0A3.%20*Cadastro%20%C3%81gil%3A*%20Basta%20colar%20o%20link%20do%20seu%20an%C3%BAncio%20para%20importar%20em%20segundos.%0A%0AConhe%C3%A7a%20nosso%20portal%20oficial%3A%20https%3A%2F%2Fportalesfingeimoveis.com.br%0A%0A%22N%C3%B3s%20n%C3%A3o%20somos%20uma%20imobili%C3%A1ria%20disputando%20o%20seu%20cliente.%20O%20Portal%20Esfinge%20%C3%A9%20a%20vitrine%20tecnol%C3%B3gica%20do%20Paran%C3%A1%20criada%20para%20conectar%20o%20comprador%20diretamente%20ao%20seu%20WhatsApp.%22%0A%0APodemos%20agendar%20uma%20demonstra%C3%A7%C3%A3o%20r%C3%A1pida%20sem%20compromisso%3F"
"Guaratuba PR";"Nativa Imóveis | Imobiliária em Guaratuba";"(41) 99131-7063";"https://wa.me/5541991317063?text=Ol%C3%A1%2C%20equipe%20da%20Nativa%20Im%C3%B3veis%20%7C%20Imobili%C3%A1ria%20em%20Guaratuba!%20Tudo%20bem%3F%0A%0AAcompanhamos%20o%20destaque%20de%20voc%C3%AAs%20no%20mercado%20imobili%C3%A1rio%20e%20gostar%C3%ADamos%20de%20convidar%20sua%20imobili%C3%A1ria%20para%20divulgar%20sua%20carteira%20de%20im%C3%B3veis%20no%20*Portal%20Esfinge%20Im%C3%B3veis*.%0A%0A%F0%9F%9B%A1%EF%B8%8F%20*Diferenciais%20para%20Imobili%C3%A1rias%3A*%0A1.%20*Zero%20Taxa%20de%20Corretagem%3A*%20Somos%20uma%20vitrine%20tecnol%C3%B3gica%20de%20aproxima%C3%A7%C3%A3o.%20O%20comprador%20%C3%A9%20100%25%20seu.%0A2.%20*Leads%20Diretos%3A*%20O%20cliente%20interessado%20clica%20no%20im%C3%B3vel%20e%20fala%20direto%20com%20o%20seu%20corretor%20no%20WhatsApp.%0A3.%20*Cadastro%20%C3%81gil%3A*%20Basta%20colar%20o%20link%20do%20seu%20an%C3%BAncio%20para%20importar%20em%20segundos.%0A%0AConhe%C3%A7a%20nosso%20portal%20oficial%3A%20https%3A%2F%2Fportalesfingeimoveis.com.br%0A%0A%22N%C3%B3s%20n%C3%A3o%20somos%20uma%20imobili%C3%A1ria%20disputando%20o%20seu%20cliente.%20O%20Portal%20Esfinge%20%C3%A9%20a%20vitrine%20tecnol%C3%B3gica%20do%20Paran%C3%A1%20criada%20para%20conectar%20o%20comprador%20diretamente%20ao%20seu%20WhatsApp.%22%0A%0APodemos%20agendar%20uma%20demonstra%C3%A7%C3%A3o%20r%C3%A1pida%20sem%20compromisso%3F"
"Guaratuba PR";"Apolar Imóveis Guaratuba";"(41) 3443-7000";"https://wa.me/554134437000?text=Ol%C3%A1%2C%20equipe%20da%20Apolar%20Im%C3%B3veis%20Guaratuba!%20Tudo%20bem%3F%0A%0AAcompanhamos%20o%20destaque%20de%20voc%C3%AAs%20no%20mercado%20imobili%C3%A1rio%20e%20gostar%C3%ADamos%20de%20convidar%20sua%20imobili%C3%A1ria%20para%20divulgar%20sua%20carteira%20de%20im%C3%B3veis%20no%20*Portal%20Esfinge%20Im%C3%B3veis*.%0A%0A%F0%9F%9B%A1%EF%B8%8F%20*Diferenciais%20para%20Imobili%C3%A1rias%3A*%0A1.%20*Zero%20Taxa%20de%20Corretagem%3A*%20Somos%20uma%20vitrine%20tecnol%C3%B3gica%20de%20aproxima%C3%A7%C3%A3o.%20O%20comprador%20%C3%A9%20100%25%20seu.%0A2.%20*Leads%20Diretos%3A*%20O%20cliente%20interessado%20clica%20no%20im%C3%B3vel%20e%20fala%20direto%20com%20o%20seu%20corretor%20no%20WhatsApp.%0A3.%20*Cadastro%20%C3%81gil%3A*%20Basta%20colar%20o%20link%20do%20seu%20an%C3%BAncio%20para%20importar%20em%20segundos.%0A%0AConhe%C3%A7a%20nosso%20portal%20oficial%3A%20https%3A%2F%2Fportalesfingeimoveis.com.br%0A%0A%22N%C3%B3s%20n%C3%A3o%20somos%20uma%20imobili%C3%A1ria%20disputando%20o%20seu%20cliente.%20O%20Portal%20Esfinge%20%C3%A9%20a%20vitrine%20tecnol%C3%B3gica%20do%20Paran%C3%A1%20criada%20para%20conectar%20o%20comprador%20diretamente%20ao%20seu%20WhatsApp.%22%0A%0APodemos%20agendar%20uma%20demonstra%C3%A7%C3%A3o%20r%C3%A1pida%20sem%20compromisso%3F"
"Guaratuba PR";"Imobiliária Imóveis Castro - Guaratuba";"(41) 3442-6181";"https://wa.me/554134426181?text=Ol%C3%A1%2C%20equipe%20da%20Imobili%C3%A1ria%20Im%C3%B3veis%20Castro%20-%20Guaratuba!%20Tudo%20bem%3F%0A%0AAcompanhamos%20o%20destaque%20de%20voc%C3%AAs%20no%20mercado%20imobili%C3%A1rio%20e%20gostar%C3%ADamos%20de%20convidar%20sua%20imobili%C3%A1ria%20para%20divulgar%20sua%20carteira%20de%20im%C3%B3veis%20no%20*Portal%20Esfinge%20Im%C3%B3veis*.%0A%0A%F0%9F%9B%A1%EF%B8%8F%20*Diferenciais%20para%20Imobili%C3%A1rias%3A*%0A1.%20*Zero%20Taxa%20de%20Corretagem%3A*%20Somos%20uma%20vitrine%20tecnol%C3%B3gica%20de%20aproxima%C3%A7%C3%A3o.%20O%20comprador%20%C3%A9%20100%25%20seu.%0A2.%20*Leads%20Diretos%3A*%20O%20cliente%20interessado%20clica%20no%20im%C3%B3vel%20e%20fala%20direto%20com%20o%20seu%20corretor%20no%20WhatsApp.%0A3.%20*Cadastro%20%C3%81gil%3A*%20Basta%20colar%20o%20link%20do%20seu%20an%C3%BAncio%20para%20importar%20em%20segundos.%0A%0AConhe%C3%A7a%20nosso%20portal%20oficial%3A%20https%3A%2F%2Fportalesfingeimoveis.com.br%0A%0A%22N%C3%B3s%20n%C3%A3o%20somos%20uma%20imobili%C3%A1ria%20disputando%20o%20seu%20cliente.%20O%20Portal%20Esfinge%20%C3%A9%20a%20vitrine%20tecnol%C3%B3gica%20do%20Paran%C3%A1%20criada%20para%20conectar%20o%20comprador%20diretamente%20ao%20seu%20WhatsApp.%22%0A%0APodemos%20agendar%20uma%20demonstra%C3%A7%C3%A3o%20r%C3%A1pida%20sem%20compromisso%3F"
"Guaratuba PR";"Ilha do Mel Imóveis Brejatuba - Imobiliária Guaratuba";"(41) 99922-4541";"https://wa.me/5541999224541?text=Ol%C3%A1%2C%20equipe%20da%20Ilha%20do%20Mel%20Im%C3%B3veis%20Brejatuba%20-%20Imobili%C3%A1ria%20Guaratuba!%20Tudo%20bem%3F%0A%0AAcompanhamos%20o%20destaque%20de%20voc%C3%AAs%20no%20mercado%20imobili%C3%A1rio%20e%20gostar%C3%ADamos%20de%20convidar%20sua%20imobili%C3%A1ria%20para%20divulgar%20sua%20carteira%20de%20im%C3%B3veis%20no%20*Portal%20Esfinge%20Im%C3%B3veis*.%0A%0A%F0%9F%9B%A1%EF%B8%8F%20*Diferenciais%20para%20Imobili%C3%A1rias%3A*%0A1.%20*Zero%20Taxa%20de%20Corretagem%3A*%20Somos%20uma%20vitrine%20tecnol%C3%B3gica%20de%20aproxima%C3%A7%C3%A3o.%20O%20comprador%20%C3%A9%20100%25%20seu.%0A2.%20*Leads%20Diretos%3A*%20O%20cliente%20interessado%20clica%20no%20im%C3%B3vel%20e%20fala%20direto%20com%20o%20seu%20corretor%20no%20WhatsApp.%0A3.%20*Cadastro%20%C3%81gil%3A*%20Basta%20colar%20o%20link%20do%20seu%20an%C3%BAncio%20para%20importar%20em%20segundos.%0A%0AConhe%C3%A7a%20nosso%20portal%20oficial%3A%20https%3A%2F%2Fportalesfingeimoveis.com.br%0A%0A%22N%C3%B3s%20n%C3%A3o%20somos%20uma%20imobili%C3%A1ria%20disputando%20o%20seu%20cliente.%20O%20Portal%20Esfinge%20%C3%A9%20a%20vitrine%20tecnol%C3%B3gica%20do%20Paran%C3%A1%20criada%20para%20conectar%20o%20comprador%20diretamente%20ao%20seu%20WhatsApp.%22%0A%0APodemos%20agendar%20uma%20demonstra%C3%A7%C3%A3o%20r%C3%A1pida%20sem%20compromisso%3F"
"Guaratuba PR";"MS CORRETORA DE IMÓVEIS";"(41) 3472-4629";"https://wa.me/554134724629?text=Ol%C3%A1%2C%20equipe%20da%20MS%20CORRETORA%20DE%20IM%C3%93VEIS!%20Tudo%20bem%3F%0A%0AAcompanhamos%20o%20destaque%20de%20voc%C3%AAs%20no%20mercado%20imobili%C3%A1rio%20e%20gostar%C3%ADamos%20de%20convidar%20sua%20imobili%C3%A1ria%20para%20divulgar%20sua%20carteira%20de%20im%C3%B3veis%20no%20*Portal%20Esfinge%20Im%C3%B3veis*.%0A%0A%F0%9F%9B%A1%EF%B8%8F%20*Diferenciais%20para%20Imobili%C3%A1rias%3A*%0A1.%20*Zero%20Taxa%20de%20Corretagem%3A*%20Somos%20uma%20vitrine%20tecnol%C3%B3gica%20de%20aproxima%C3%A7%C3%A3o.%20O%20comprador%20%C3%A9%20100%25%20seu.%0A2.%20*Leads%20Diretos%3A*%20O%20cliente%20interessado%20clica%20no%20im%C3%B3vel%20e%20fala%20direto%20com%20o%20seu%20corretor%20no%20WhatsApp.%0A3.%20*Cadastro%20%C3%81gil%3A*%20Basta%20colar%20o%20link%20do%20seu%20an%C3%BAncio%20para%20importar%20em%20segundos.%0A%0AConhe%C3%A7a%20nosso%20portal%20oficial%3A%20https%3A%2F%2Fportalesfingeimoveis.com.br%0A%0A%22N%C3%B3s%20n%C3%A3o%20somos%20uma%20imobili%C3%A1ria%20disputando%20o%20seu%20cliente.%20O%20Portal%20Esfinge%20%C3%A9%20a%20vitrine%20tecnol%C3%B3gica%20do%20Paran%C3%A1%20criada%20para%20conectar%20o%20comprador%20diretamente%20ao%20seu%20WhatsApp.%22%0A%0APodemos%20agendar%20uma%20demonstra%C3%A7%C3%A3o%20r%C3%A1pida%20sem%20compromisso%3F"
"Guaratuba PR";"IZI Imóveis - Imobiliária em Guaratuba";"(41) 99628-4119";"https://wa.me/5541996284119?text=Ol%C3%A1%2C%20equipe%20da%20IZI%20Im%C3%B3veis%20-%20Imobili%C3%A1ria%20em%20Guaratuba!%20Tudo%20bem%3F%0A%0AAcompanhamos%20o%20destaque%20de%20voc%C3%AAs%20no%20mercado%20imobili%C3%A1rio%20e%20gostar%C3%ADamos%20de%20convidar%20sua%20imobili%C3%A1ria%20para%20divulgar%20sua%20carteira%20de%20im%C3%B3veis%20no%20*Portal%20Esfinge%20Im%C3%B3veis*.%0A%0A%F0%9F%9B%A1%EF%B8%8F%20*Diferenciais%20para%20Imobili%C3%A1rias%3A*%0A1.%20*Zero%20Taxa%20de%20Corretagem%3A*%20Somos%20uma%20vitrine%20tecnol%C3%B3gica%20de%20aproxima%C3%A7%C3%A3o.%20O%20comprador%20%C3%A9%20100%25%20seu.%0A2.%20*Leads%20Diretos%3A*%20O%20cliente%20interessado%20clica%20no%20im%C3%B3vel%20e%20fala%20direto%20com%20o%20seu%20corretor%20no%20WhatsApp.%0A3.%20*Cadastro%20%C3%81gil%3A*%20Basta%20colar%20o%20link%20do%20seu%20an%C3%BAncio%20para%20importar%20em%20segundos.%0A%0AConhe%C3%A7a%20nosso%20portal%20oficial%3A%20https%3A%2F%2Fportalesfingeimoveis.com.br%0A%0A%22N%C3%B3s%20n%C3%A3o%20somos%20uma%20imobili%C3%A1ria%20disputando%20o%20seu%20cliente.%20O%20Portal%20Esfinge%20%C3%A9%20a%20vitrine%20tecnol%C3%B3gica%20do%20Paran%C3%A1%20criada%20para%20conectar%20o%20comprador%20diretamente%20ao%20seu%20WhatsApp.%22%0A%0APodemos%20agendar%20uma%20demonstra%C3%A7%C3%A3o%20r%C3%A1pida%20sem%20compromisso%3F"
"Guaratuba PR";"Imobiliária FBevervanso Imóveis Guaratuba";"(41) 3442-1587";"https://wa.me/554134421587?text=Ol%C3%A1%2C%20equipe%20da%20Imobili%C3%A1ria%20FBevervanso%20Im%C3%B3veis%20Guaratuba!%20Tudo%20bem%3F%0A%0AAcompanhamos%20o%20destaque%20de%20voc%C3%AAs%20no%20mercado%20imobili%C3%A1rio%20e%20gostar%C3%ADamos%20de%20convidar%20sua%20imobili%C3%A1ria%20para%20divulgar%20sua%20carteira%20de%20im%C3%B3veis%20no%20*Portal%20Esfinge%20Im%C3%B3veis*.%0A%0A%F0%9F%9B%A1%EF%B8%8F%20*Diferenciais%20para%20Imobili%C3%A1rias%3A*%0A1.%20*Zero%20Taxa%20de%20Corretagem%3A*%20Somos%20uma%20vitrine%20tecnol%C3%B3gica%20de%20aproxima%C3%A7%C3%A3o.%20O%20comprador%20%C3%A9%20100%25%20seu.%0A2.%20*Leads%20Diretos%3A*%20O%20cliente%20interessado%20clica%20no%20im%C3%B3vel%20e%20fala%20direto%20com%20o%20seu%20corretor%20no%20WhatsApp.%0A3.%20*Cadastro%20%C3%81gil%3A*%20Basta%20colar%20o%20link%20do%20seu%20an%C3%BAncio%20para%20importar%20em%20segundos.%0A%0AConhe%C3%A7a%20nosso%20portal%20oficial%3A%20https%3A%2F%2Fportalesfingeimoveis.com.br%0A%0A%22N%C3%B3s%20n%C3%A3o%20somos%20uma%20imobili%C3%A1ria%20disputando%20o%20seu%20cliente.%20O%20Portal%20Esfinge%20%C3%A9%20a%20vitrine%20tecnol%C3%B3gica%20do%20Paran%C3%A1%20criada%20para%20conectar%20o%20comprador%20diretamente%20ao%20seu%20WhatsApp.%22%0A%0APodemos%20agendar%20uma%20demonstra%C3%A7%C3%A3o%20r%C3%A1pida%20sem%20compromisso%3F"
"Guaratuba PR";"Bolão Imóveis";"(41) 99893-3323";"https://wa.me/5541998933323?text=Ol%C3%A1%2C%20equipe%20da%20Bol%C3%A3o%20Im%C3%B3veis!%20Tudo%20bem%3F%0A%0AAcompanhamos%20o%20destaque%20de%20voc%C3%AAs%20no%20mercado%20imobili%C3%A1rio%20e%20gostar%C3%ADamos%20de%20convidar%20sua%20imobili%C3%A1ria%20para%20divulgar%20sua%20carteira%20de%20im%C3%B3veis%20no%20*Portal%20Esfinge%20Im%C3%B3veis*.%0A%0A%F0%9F%9B%A1%EF%B8%8F%20*Diferenciais%20para%20Imobili%C3%A1rias%3A*%0A1.%20*Zero%20Taxa%20de%20Corretagem%3A*%20Somos%20uma%20vitrine%20tecnol%C3%B3gica%20de%20aproxima%C3%A7%C3%A3o.%20O%20comprador%20%C3%A9%20100%25%20seu.%0A2.%20*Leads%20Diretos%3A*%20O%20cliente%20interessado%20clica%20no%20im%C3%B3vel%20e%20fala%20direto%20com%20o%20seu%20corretor%20no%20WhatsApp.%0A3.%20*Cadastro%20%C3%81gil%3A*%20Basta%20colar%20o%20link%20do%20seu%20an%C3%BAncio%20para%20importar%20em%20segundos.%0A%0AConhe%C3%A7a%20nosso%20portal%20oficial%3A%20https%3A%2F%2Fportalesfingeimoveis.com.br%0A%0A%22N%C3%B3s%20n%C3%A3o%20somos%20uma%20imobili%C3%A1ria%20disputando%20o%20seu%20cliente.%20O%20Portal%20Esfinge%20%C3%A9%20a%20vitrine%20tecnol%C3%B3gica%20do%20Paran%C3%A1%20criada%20para%20conectar%20o%20comprador%20diretamente%20ao%20seu%20WhatsApp.%22%0A%0APodemos%20agendar%20uma%20demonstra%C3%A7%C3%A3o%20r%C3%A1pida%20sem%20compromisso%3F"
"Guaratuba PR";"Oceano Imóveis";"(41) 3411-8996";"https://wa.me/554134118996?text=Ol%C3%A1%2C%20equipe%20da%20Oceano%20Im%C3%B3veis!%20Tudo%20bem%3F%0A%0AAcompanhamos%20o%20destaque%20de%20voc%C3%AAs%20no%20mercado%20imobili%C3%A1rio%20e%20gostar%C3%ADamos%20de%20convidar%20sua%20imobili%C3%A1ria%20para%20divulgar%20sua%20carteira%20de%20im%C3%B3veis%20no%20*Portal%20Esfinge%20Im%C3%B3veis*.%0A%0A%F0%9F%9B%A1%EF%B8%8F%20*Diferenciais%20para%20Imobili%C3%A1rias%3A*%0A1.%20*Zero%20Taxa%20de%20Corretagem%3A*%20Somos%20uma%20vitrine%20tecnol%C3%B3gica%20de%20aproxima%C3%A7%C3%A3o.%20O%20comprador%20%C3%A9%20100%25%20seu.%0A2.%20*Leads%20Diretos%3A*%20O%20cliente%20interessado%20clica%20no%20im%C3%B3vel%20e%20fala%20direto%20com%20o%20seu%20corretor%20no%20WhatsApp.%0A3.%20*Cadastro%20%C3%81gil%3A*%20Basta%20colar%20o%20link%20do%20seu%20an%C3%BAncio%20para%20importar%20em%20segundos.%0A%0AConhe%C3%A7a%20nosso%20portal%20oficial%3A%20https%3A%2F%2Fportalesfingeimoveis.com.br%0A%0A%22N%C3%B3s%20n%C3%A3o%20somos%20uma%20imobili%C3%A1ria%20disputando%20o%20seu%20cliente.%20O%20Portal%20Esfinge%20%C3%A9%20a%20vitrine%20tecnol%C3%B3gica%20do%20Paran%C3%A1%20criada%20para%20conectar%20o%20comprador%20diretamente%20ao%20seu%20WhatsApp.%22%0A%0APodemos%20agendar%20uma%20demonstra%C3%A7%C3%A3o%20r%C3%A1pida%20sem%20compromisso%3F"
"Guaratuba PR";"Eduardo Almeida Imóveis";"(41) 99998-1982";"https://wa.me/5541999981982?text=Ol%C3%A1%2C%20equipe%20da%20Eduardo%20Almeida%20Im%C3%B3veis!%20Tudo%20bem%3F%0A%0AAcompanhamos%20o%20destaque%20de%20voc%C3%AAs%20no%20mercado%20imobili%C3%A1rio%20e%20gostar%C3%ADamos%20de%20convidar%20sua%20imobili%C3%A1ria%20para%20divulgar%20sua%20carteira%20de%20im%C3%B3veis%20no%20*Portal%20Esfinge%20Im%C3%B3veis*.%0A%0A%F0%9F%9B%A1%EF%B8%8F%20*Diferenciais%20para%20Imobili%C3%A1rias%3A*%0A1.%20*Zero%20Taxa%20de%20Corretagem%3A*%20Somos%20uma%20vitrine%20tecnol%C3%B3gica%20de%20aproxima%C3%A7%C3%A3o.%20O%20comprador%20%C3%A9%20100%25%20seu.%0A2.%20*Leads%20Diretos%3A*%20O%20cliente%20interessado%20clica%20no%20im%C3%B3vel%20e%20fala%20direto%20com%20o%20seu%20corretor%20no%20WhatsApp.%0A3.%20*Cadastro%20%C3%81gil%3A*%20Basta%20colar%20o%20link%20do%20seu%20an%C3%BAncio%20para%20importar%20em%20segundos.%0A%0AConhe%C3%A7a%20nosso%20portal%20oficial%3A%20https%3A%2F%2Fportalesfingeimoveis.com.br%0A%0A%22N%C3%B3s%20n%C3%A3o%20somos%20uma%20imobili%C3%A1ria%20disputando%20o%20seu%20cliente.%20O%20Portal%20Esfinge%20%C3%A9%20a%20vitrine%20tecnol%C3%B3gica%20do%20Paran%C3%A1%20criada%20para%20conectar%20o%20comprador%20diretamente%20ao%20seu%20WhatsApp.%22%0A%0APodemos%20agendar%20uma%20demonstra%C3%A7%C3%A3o%20r%C3%A1pida%20sem%20compromisso%3F"
"Guaratuba PR";"Adonai Imóveis Guaratuba - Imobiliária";"(41) 3411-8980";"https://wa.me/554134118980?text=Ol%C3%A1%2C%20equipe%20da%20Adonai%20Im%C3%B3veis%20Guaratuba%20-%20Imobili%C3%A1ria!%20Tudo%20bem%3F%0A%0AAcompanhamos%20o%20destaque%20de%20voc%C3%AAs%20no%20mercado%20imobili%C3%A1rio%20e%20gostar%C3%ADamos%20de%20convidar%20sua%20imobili%C3%A1ria%20para%20divulgar%20sua%20carteira%20de%20im%C3%B3veis%20no%20*Portal%20Esfinge%20Im%C3%B3veis*.%0A%0A%F0%9F%9B%A1%EF%B8%8F%20*Diferenciais%20para%20Imobili%C3%A1rias%3A*%0A1.%20*Zero%20Taxa%20de%20Corretagem%3A*%20Somos%20uma%20vitrine%20tecnol%C3%B3gica%20de%20aproxima%C3%A7%C3%A3o.%20O%20comprador%20%C3%A9%20100%25%20seu.%0A2.%20*Leads%20Diretos%3A*%20O%20cliente%20interessado%20clica%20no%20im%C3%B3vel%20e%20fala%20direto%20com%20o%20seu%20corretor%20no%20WhatsApp.%0A3.%20*Cadastro%20%C3%81gil%3A*%20Basta%20colar%20o%20link%20do%20seu%20an%C3%BAncio%20para%20importar%20em%20segundos.%0A%0AConhe%C3%A7a%20nosso%20portal%20oficial%3A%20https%3A%2F%2Fportalesfingeimoveis.com.br%0A%0A%22N%C3%B3s%20n%C3%A3o%20somos%20uma%20imobili%C3%A1ria%20disputando%20o%20seu%20cliente.%20O%20Portal%20Esfinge%20%C3%A9%20a%20vitrine%20tecnol%C3%B3gica%20do%20Paran%C3%A1%20criada%20para%20conectar%20o%20comprador%20diretamente%20ao%20seu%20WhatsApp.%22%0A%0APodemos%20agendar%20uma%20demonstra%C3%A7%C3%A3o%20r%C3%A1pida%20sem%20compromisso%3F"
"Guaratuba PR";"Adonai Imóveis Guaratuba - Imobiliária";"(41) 3411-8980";"https://wa.me/554134118980?text=Ol%C3%A1%2C%20equipe%20da%20Adonai%20Im%C3%B3veis%20Guaratuba%20-%20Imobili%C3%A1ria!%20Tudo%20bem%3F%0A%0AAcompanhamos%20o%20destaque%20de%20voc%C3%AAs%20no%20mercado%20imobili%C3%A1rio%20e%20gostar%C3%ADamos%20de%20convidar%20sua%20imobili%C3%A1ria%20para%20divulgar%20sua%20carteira%20de%20im%C3%B3veis%20no%20*Portal%20Esfinge%20Im%C3%B3veis*.%0A%0A%F0%9F%9B%A1%EF%B8%8F%20*Diferenciais%20para%20Imobili%C3%A1rias%3A*%0A1.%20*Zero%20Taxa%20de%20Corretagem%3A*%20Somos%20uma%20vitrine%20tecnol%C3%B3gica%20de%20aproxima%C3%A7%C3%A3o.%20O%20comprador%20%C3%A9%20100%25%20seu.%0A2.%20*Leads%20Diretos%3A*%20O%20cliente%20interessado%20clica%20no%20im%C3%B3vel%20e%20fala%20direto%20com%20o%20seu%20corretor%20no%20WhatsApp.%0A3.%20*Cadastro%20%C3%81gil%3A*%20Basta%20colar%20o%20link%20do%20seu%20an%C3%BAncio%20para%20importar%20em%20segundos.%0A%0AConhe%C3%A7a%20nosso%20portal%20oficial%3A%20https%3A%2F%2Fportalesfingeimoveis.com.br%0A%0A%22N%C3%B3s%20n%C3%A3o%20somos%20uma%20imobili%C3%A1ria%20disputando%20o%20seu%20cliente.%20O%20Portal%20Esfinge%20%C3%A9%20a%20vitrine%20tecnol%C3%B3gica%20do%20Paran%C3%A1%20criada%20para%20conectar%20o%20comprador%20diretamente%20ao%20seu%20WhatsApp.%22%0A%0APodemos%20agendar%20uma%20demonstra%C3%A7%C3%A3o%20r%C3%A1pida%20sem%20compromisso%3F"
"Guaratuba PR";"Laynes & Azamor Imóveis";"(41) 99667-6933";"https://wa.me/5541996676933?text=Ol%C3%A1%2C%20equipe%20da%20Laynes%20%26%20Azamor%20Im%C3%B3veis!%20Tudo%20bem%3F%0A%0AAcompanhamos%20o%20destaque%20de%20voc%C3%AAs%20no%20mercado%20imobili%C3%A1rio%20e%20gostar%C3%ADamos%20de%20convidar%20sua%20imobili%C3%A1ria%20para%20divulgar%20sua%20carteira%20de%20im%C3%B3veis%20no%20*Portal%20Esfinge%20Im%C3%B3veis*.%0A%0A%F0%9F%9B%A1%EF%B8%8F%20*Diferenciais%20para%20Imobili%C3%A1rias%3A*%0A1.%20*Zero%20Taxa%20de%20Corretagem%3A*%20Somos%20uma%20vitrine%20tecnol%C3%B3gica%20de%20aproxima%C3%A7%C3%A3o.%20O%20comprador%20%C3%A9%20100%25%20seu.%0A2.%20*Leads%20Diretos%3A*%20O%20cliente%20interessado%20clica%20no%20im%C3%B3vel%20e%20fala%20direto%20com%20o%20seu%20corretor%20no%20WhatsApp.%0A3.%20*Cadastro%20%C3%81gil%3A*%20Basta%20colar%20o%20link%20do%20seu%20an%C3%BAncio%20para%20importar%20em%20segundos.%0A%0AConhe%C3%A7a%20nosso%20portal%20oficial%3A%20https%3A%2F%2Fportalesfingeimoveis.com.br%0A%0A%22N%C3%B3s%20n%C3%A3o%20somos%20uma%20imobili%C3%A1ria%20disputando%20o%20seu%20cliente.%20O%20Portal%20Esfinge%20%C3%A9%20a%20vitrine%20tecnol%C3%B3gica%20do%20Paran%C3%A1%20criada%20para%20conectar%20o%20comprador%20diretamente%20ao%20seu%20WhatsApp.%22%0A%0APodemos%20agendar%20uma%20demonstra%C3%A7%C3%A3o%20r%C3%A1pida%20sem%20compromisso%3F"
"Guaratuba PR";"IZI Imóveis - Imobiliária em Guaratuba";"(41) 99628-4119";"https://wa.me/5541996284119?text=Ol%C3%A1%2C%20equipe%20da%20IZI%20Im%C3%B3veis%20-%20Imobili%C3%A1ria%20em%20Guaratuba!%20Tudo%20bem%3F%0A%0AAcompanhamos%20o%20destaque%20de%20voc%C3%AAs%20no%20mercado%20imobili%C3%A1rio%20e%20gostar%C3%ADamos%20de%20convidar%20sua%20imobili%C3%A1ria%20para%20divulgar%20sua%20carteira%20de%20im%C3%B3veis%20no%20*Portal%20Esfinge%20Im%C3%B3veis*.%0A%0A%F0%9F%9B%A1%EF%B8%8F%20*Diferenciais%20para%20Imobili%C3%A1rias%3A*%0A1.%20*Zero%20Taxa%20de%20Corretagem%3A*%20Somos%20uma%20vitrine%20tecnol%C3%B3gica%20de%20aproxima%C3%A7%C3%A3o.%20O%20comprador%20%C3%A9%20100%25%20seu.%0A2.%20*Leads%20Diretos%3A*%20O%20cliente%20interessado%20clica%20no%20im%C3%B3vel%20e%20fala%20direto%20com%20o%20seu%20corretor%20no%20WhatsApp.%0A3.%20*Cadastro%20%C3%81gil%3A*%20Basta%20colar%20o%20link%20do%20seu%20an%C3%BAncio%20para%20importar%20em%20segundos.%0A%0AConhe%C3%A7a%20nosso%20portal%20oficial%3A%20https%3A%2F%2Fportalesfingeimoveis.com.br%0A%0A%22N%C3%B3s%20n%C3%A3o%20somos%20uma%20imobili%C3%A1ria%20disputando%20o%20seu%20cliente.%20O%20Portal%20Esfinge%20%C3%A9%20a%20vitrine%20tecnol%C3%B3gica%20do%20Paran%C3%A1%20criada%20para%20conectar%20o%20comprador%20diretamente%20ao%20seu%20WhatsApp.%22%0A%0APodemos%20agendar%20uma%20demonstra%C3%A7%C3%A3o%20r%C3%A1pida%20sem%20compromisso%3F"
"Guaratuba PR";"Imobiliária Cleusa Ramos";"(41) 99589-5020";"https://wa.me/5541995895020?text=Ol%C3%A1%2C%20equipe%20da%20Imobili%C3%A1ria%20Cleusa%20Ramos!%20Tudo%20bem%3F%0A%0AAcompanhamos%20o%20destaque%20de%20voc%C3%AAs%20no%20mercado%20imobili%C3%A1rio%20e%20gostar%C3%ADamos%20de%20convidar%20sua%20imobili%C3%A1ria%20para%20divulgar%20sua%20carteira%20de%20im%C3%B3veis%20no%20*Portal%20Esfinge%20Im%C3%B3veis*.%0A%0A%F0%9F%9B%A1%EF%B8%8F%20*Diferenciais%20para%20Imobili%C3%A1rias%3A*%0A1.%20*Zero%20Taxa%20de%20Corretagem%3A*%20Somos%20uma%20vitrine%20tecnol%C3%B3gica%20de%20aproxima%C3%A7%C3%A3o.%20O%20comprador%20%C3%A9%20100%25%20seu.%0A2.%20*Leads%20Diretos%3A*%20O%20cliente%20interessado%20clica%20no%20im%C3%B3vel%20e%20fala%20direto%20com%20o%20seu%20corretor%20no%20WhatsApp.%0A3.%20*Cadastro%20%C3%81gil%3A*%20Basta%20colar%20o%20link%20do%20seu%20an%C3%BAncio%20para%20importar%20em%20segundos.%0A%0AConhe%C3%A7a%20nosso%20portal%20oficial%3A%20https%3A%2F%2Fportalesfingeimoveis.com.br%0A%0A%22N%C3%B3s%20n%C3%A3o%20somos%20uma%20imobili%C3%A1ria%20disputando%20o%20seu%20cliente.%20O%20Portal%20Esfinge%20%C3%A9%20a%20vitrine%20tecnol%C3%B3gica%20do%20Paran%C3%A1%20criada%20para%20conectar%20o%20comprador%20diretamente%20ao%20seu%20WhatsApp.%22%0A%0APodemos%20agendar%20uma%20demonstra%C3%A7%C3%A3o%20r%C3%A1pida%20sem%20compromisso%3F"
"Guaratuba PR";"Oceano Imóveis";"(41) 3411-8996";"https://wa.me/554134118996?text=Ol%C3%A1%2C%20equipe%20da%20Oceano%20Im%C3%B3veis!%20Tudo%20bem%3F%0A%0AAcompanhamos%20o%20destaque%20de%20voc%C3%AAs%20no%20mercado%20imobili%C3%A1rio%20e%20gostar%C3%ADamos%20de%20convidar%20sua%20imobili%C3%A1ria%20para%20divulgar%20sua%20carteira%20de%20im%C3%B3veis%20no%20*Portal%20Esfinge%20Im%C3%B3veis*.%0A%0A%F0%9F%9B%A1%EF%B8%8F%20*Diferenciais%20para%20Imobili%C3%A1rias%3A*%0A1.%20*Zero%20Taxa%20de%20Corretagem%3A*%20Somos%20uma%20vitrine%20tecnol%C3%B3gica%20de%20aproxima%C3%A7%C3%A3o.%20O%20comprador%20%C3%A9%20100%25%20seu.%0A2.%20*Leads%20Diretos%3A*%20O%20cliente%20interessado%20clica%20no%20im%C3%B3vel%20e%20fala%20direto%20com%20o%20seu%20corretor%20no%20WhatsApp.%0A3.%20*Cadastro%20%C3%81gil%3A*%20Basta%20colar%20o%20link%20do%20seu%20an%C3%BAncio%20para%20importar%20em%20segundos.%0A%0AConhe%C3%A7a%20nosso%20portal%20oficial%3A%20https%3A%2F%2Fportalesfingeimoveis.com.br%0A%0A%22N%C3%B3s%20n%C3%A3o%20somos%20uma%20imobili%C3%A1ria%20disputando%20o%20seu%20cliente.%20O%20Portal%20Esfinge%20%C3%A9%20a%20vitrine%20tecnol%C3%B3gica%20do%20Paran%C3%A1%20criada%20para%20conectar%20o%20comprador%20diretamente%20ao%20seu%20WhatsApp.%22%0A%0APodemos%20agendar%20uma%20demonstra%C3%A7%C3%A3o%20r%C3%A1pida%20sem%20compromisso%3F"
"Guaratuba PR";"Casa dos Sabiás";"(41) 98406-5622";"https://wa.me/5541984065622?text=Ol%C3%A1%2C%20equipe%20da%20Casa%20dos%20Sabi%C3%A1s!%20Tudo%20bem%3F%0A%0AAcompanhamos%20o%20destaque%20de%20voc%C3%AAs%20no%20mercado%20imobili%C3%A1rio%20e%20gostar%C3%ADamos%20de%20convidar%20sua%20imobili%C3%A1ria%20para%20divulgar%20sua%20carteira%20de%20im%C3%B3veis%20no%20*Portal%20Esfinge%20Im%C3%B3veis*.%0A%0A%F0%9F%9B%A1%EF%B8%8F%20*Diferenciais%20para%20Imobili%C3%A1rias%3A*%0A1.%20*Zero%20Taxa%20de%20Corretagem%3A*%20Somos%20uma%20vitrine%20tecnol%C3%B3gica%20de%20aproxima%C3%A7%C3%A3o.%20O%20comprador%20%C3%A9%20100%25%20seu.%0A2.%20*Leads%20Diretos%3A*%20O%20cliente%20interessado%20clica%20no%20im%C3%B3vel%20e%20fala%20direto%20com%20o%20seu%20corretor%20no%20WhatsApp.%0A3.%20*Cadastro%20%C3%81gil%3A*%20Basta%20colar%20o%20link%20do%20seu%20an%C3%BAncio%20para%20importar%20em%20segundos.%0A%0AConhe%C3%A7a%20nosso%20portal%20oficial%3A%20https%3A%2F%2Fportalesfingeimoveis.com.br%0A%0A%22N%C3%B3s%20n%C3%A3o%20somos%20uma%20imobili%C3%A1ria%20disputando%20o%20seu%20cliente.%20O%20Portal%20Esfinge%20%C3%A9%20a%20vitrine%20tecnol%C3%B3gica%20do%20Paran%C3%A1%20criada%20para%20conectar%20o%20comprador%20diretamente%20ao%20seu%20WhatsApp.%22%0A%0APodemos%20agendar%20uma%20demonstra%C3%A7%C3%A3o%20r%C3%A1pida%20sem%20compromisso%3F"
"Guaratuba PR";"IMOBILIÁRIA ÁFRICA";"(41) 3442-7001";"https://wa.me/554134427001?text=Ol%C3%A1%2C%20equipe%20da%20IMOBILI%C3%81RIA%20%C3%81FRICA!%20Tudo%20bem%3F%0A%0AAcompanhamos%20o%20destaque%20de%20voc%C3%AAs%20no%20mercado%20imobili%C3%A1rio%20e%20gostar%C3%ADamos%20de%20convidar%20sua%20imobili%C3%A1ria%20para%20divulgar%20sua%20carteira%20de%20im%C3%B3veis%20no%20*Portal%20Esfinge%20Im%C3%B3veis*.%0A%0A%F0%9F%9B%A1%EF%B8%8F%20*Diferenciais%20para%20Imobili%C3%A1rias%3A*%0A1.%20*Zero%20Taxa%20de%20Corretagem%3A*%20Somos%20uma%20vitrine%20tecnol%C3%B3gica%20de%20aproxima%C3%A7%C3%A3o.%20O%20comprador%20%C3%A9%20100%25%20seu.%0A2.%20*Leads%20Diretos%3A*%20O%20cliente%20interessado%20clica%20no%20im%C3%B3vel%20e%20fala%20direto%20com%20o%20seu%20corretor%20no%20WhatsApp.%0A3.%20*Cadastro%20%C3%81gil%3A*%20Basta%20colar%20o%20link%20do%20seu%20an%C3%BAncio%20para%20importar%20em%20segundos.%0A%0AConhe%C3%A7a%20nosso%20portal%20oficial%3A%20https%3A%2F%2Fportalesfingeimoveis.com.br%0A%0A%22N%C3%B3s%20n%C3%A3o%20somos%20uma%20imobili%C3%A1ria%20disputando%20o%20seu%20cliente.%20O%20Portal%20Esfinge%20%C3%A9%20a%20vitrine%20tecnol%C3%B3gica%20do%20Paran%C3%A1%20criada%20para%20conectar%20o%20comprador%20diretamente%20ao%20seu%20WhatsApp.%22%0A%0APodemos%20agendar%20uma%20demonstra%C3%A7%C3%A3o%20r%C3%A1pida%20sem%20compromisso%3F"
"Paranagua PR";"IMOBILIÁRIA VELEIROS";"(41) 3722-8790";"https://wa.me/554137228790?text=Ol%C3%A1%2C%20equipe%20da%20IMOBILI%C3%81RIA%20VELEIROS!%20Tudo%20bem%3F%0A%0AAcompanhamos%20o%20destaque%20de%20voc%C3%AAs%20no%20mercado%20imobili%C3%A1rio%20e%20gostar%C3%ADamos%20de%20convidar%20sua%20imobili%C3%A1ria%20para%20divulgar%20sua%20carteira%20de%20im%C3%B3veis%20no%20*Portal%20Esfinge%20Im%C3%B3veis*.%0A%0A%F0%9F%9B%A1%EF%B8%8F%20*Diferenciais%20para%20Imobili%C3%A1rias%3A*%0A1.%20*Zero%20Taxa%20de%20Corretagem%3A*%20Somos%20uma%20vitrine%20tecnol%C3%B3gica%20de%20aproxima%C3%A7%C3%A3o.%20O%20comprador%20%C3%A9%20100%25%20seu.%0A2.%20*Leads%20Diretos%3A*%20O%20cliente%20interessado%20clica%20no%20im%C3%B3vel%20e%20fala%20direto%20com%20o%20seu%20corretor%20no%20WhatsApp.%0A3.%20*Cadastro%20%C3%81gil%3A*%20Basta%20colar%20o%20link%20do%20seu%20an%C3%BAncio%20para%20importar%20em%20segundos.%0A%0AConhe%C3%A7a%20nosso%20portal%20oficial%3A%20https%3A%2F%2Fportalesfingeimoveis.com.br%0A%0A%22N%C3%B3s%20n%C3%A3o%20somos%20uma%20imobili%C3%A1ria%20disputando%20o%20seu%20cliente.%20O%20Portal%20Esfinge%20%C3%A9%20a%20vitrine%20tecnol%C3%B3gica%20do%20Paran%C3%A1%20criada%20para%20conectar%20o%20comprador%20diretamente%20ao%20seu%20WhatsApp.%22%0A%0APodemos%20agendar%20uma%20demonstra%C3%A7%C3%A3o%20r%C3%A1pida%20sem%20compromisso%3F"
"Paranagua PR";"Cazza Imóveis";"(41) 3423-2635";"https://wa.me/554134232635?text=Ol%C3%A1%2C%20equipe%20da%20Cazza%20Im%C3%B3veis!%20Tudo%20bem%3F%0A%0AAcompanhamos%20o%20destaque%20de%20voc%C3%AAs%20no%20mercado%20imobili%C3%A1rio%20e%20gostar%C3%ADamos%20de%20convidar%20sua%20imobili%C3%A1ria%20para%20divulgar%20sua%20carteira%20de%20im%C3%B3veis%20no%20*Portal%20Esfinge%20Im%C3%B3veis*.%0A%0A%F0%9F%9B%A1%EF%B8%8F%20*Diferenciais%20para%20Imobili%C3%A1rias%3A*%0A1.%20*Zero%20Taxa%20de%20Corretagem%3A*%20Somos%20uma%20vitrine%20tecnol%C3%B3gica%20de%20aproxima%C3%A7%C3%A3o.%20O%20comprador%20%C3%A9%20100%25%20seu.%0A2.%20*Leads%20Diretos%3A*%20O%20cliente%20interessado%20clica%20no%20im%C3%B3vel%20e%20fala%20direto%20com%20o%20seu%20corretor%20no%20WhatsApp.%0A3.%20*Cadastro%20%C3%81gil%3A*%20Basta%20colar%20o%20link%20do%20seu%20an%C3%BAncio%20para%20importar%20em%20segundos.%0A%0AConhe%C3%A7a%20nosso%20portal%20oficial%3A%20https%3A%2F%2Fportalesfingeimoveis.com.br%0A%0A%22N%C3%B3s%20n%C3%A3o%20somos%20uma%20imobili%C3%A1ria%20disputando%20o%20seu%20cliente.%20O%20Portal%20Esfinge%20%C3%A9%20a%20vitrine%20tecnol%C3%B3gica%20do%20Paran%C3%A1%20criada%20para%20conectar%20o%20comprador%20diretamente%20ao%20seu%20WhatsApp.%22%0A%0APodemos%20agendar%20uma%20demonstra%C3%A7%C3%A3o%20r%C3%A1pida%20sem%20compromisso%3F"
"Paranagua PR";"Ouro imoveis";"(41) 3424-1771";"https://wa.me/554134241771?text=Ol%C3%A1%2C%20equipe%20da%20Ouro%20imoveis!%20Tudo%20bem%3F%0A%0AAcompanhamos%20o%20destaque%20de%20voc%C3%AAs%20no%20mercado%20imobili%C3%A1rio%20e%20gostar%C3%ADamos%20de%20convidar%20sua%20imobili%C3%A1ria%20para%20divulgar%20sua%20carteira%20de%20im%C3%B3veis%20no%20*Portal%20Esfinge%20Im%C3%B3veis*.%0A%0A%F0%9F%9B%A1%EF%B8%8F%20*Diferenciais%20para%20Imobili%C3%A1rias%3A*%0A1.%20*Zero%20Taxa%20de%20Corretagem%3A*%20Somos%20uma%20vitrine%20tecnol%C3%B3gica%20de%20aproxima%C3%A7%C3%A3o.%20O%20comprador%20%C3%A9%20100%25%20seu.%0A2.%20*Leads%20Diretos%3A*%20O%20cliente%20interessado%20clica%20no%20im%C3%B3vel%20e%20fala%20direto%20com%20o%20seu%20corretor%20no%20WhatsApp.%0A3.%20*Cadastro%20%C3%81gil%3A*%20Basta%20colar%20o%20link%20do%20seu%20an%C3%BAncio%20para%20importar%20em%20segundos.%0A%0AConhe%C3%A7a%20nosso%20portal%20oficial%3A%20https%3A%2F%2Fportalesfingeimoveis.com.br%0A%0A%22N%C3%B3s%20n%C3%A3o%20somos%20uma%20imobili%C3%A1ria%20disputando%20o%20seu%20cliente.%20O%20Portal%20Esfinge%20%C3%A9%20a%20vitrine%20tecnol%C3%B3gica%20do%20Paran%C3%A1%20criada%20para%20conectar%20o%20comprador%20diretamente%20ao%20seu%20WhatsApp.%22%0A%0APodemos%20agendar%20uma%20demonstra%C3%A7%C3%A3o%20r%C3%A1pida%20sem%20compromisso%3F"
"Paranagua PR";"Débora Imóveis";"(41) 3422-4002";"https://wa.me/554134224002?text=Ol%C3%A1%2C%20equipe%20da%20D%C3%A9bora%20Im%C3%B3veis!%20Tudo%20bem%3F%0A%0AAcompanhamos%20o%20destaque%20de%20voc%C3%AAs%20no%20mercado%20imobili%C3%A1rio%20e%20gostar%C3%ADamos%20de%20convidar%20sua%20imobili%C3%A1ria%20para%20divulgar%20sua%20carteira%20de%20im%C3%B3veis%20no%20*Portal%20Esfinge%20Im%C3%B3veis*.%0A%0A%F0%9F%9B%A1%EF%B8%8F%20*Diferenciais%20para%20Imobili%C3%A1rias%3A*%0A1.%20*Zero%20Taxa%20de%20Corretagem%3A*%20Somos%20uma%20vitrine%20tecnol%C3%B3gica%20de%20aproxima%C3%A7%C3%A3o.%20O%20comprador%20%C3%A9%20100%25%20seu.%0A2.%20*Leads%20Diretos%3A*%20O%20cliente%20interessado%20clica%20no%20im%C3%B3vel%20e%20fala%20direto%20com%20o%20seu%20corretor%20no%20WhatsApp.%0A3.%20*Cadastro%20%C3%81gil%3A*%20Basta%20colar%20o%20link%20do%20seu%20an%C3%BAncio%20para%20importar%20em%20segundos.%0A%0AConhe%C3%A7a%20nosso%20portal%20oficial%3A%20https%3A%2F%2Fportalesfingeimoveis.com.br%0A%0A%22N%C3%B3s%20n%C3%A3o%20somos%20uma%20imobili%C3%A1ria%20disputando%20o%20seu%20cliente.%20O%20Portal%20Esfinge%20%C3%A9%20a%20vitrine%20tecnol%C3%B3gica%20do%20Paran%C3%A1%20criada%20para%20conectar%20o%20comprador%20diretamente%20ao%20seu%20WhatsApp.%22%0A%0APodemos%20agendar%20uma%20demonstra%C3%A7%C3%A3o%20r%C3%A1pida%20sem%20compromisso%3F"
"Paranagua PR";"Tereza Central de Imóveis ltda";"(41) 97400-9174";"https://wa.me/5541974009174?text=Ol%C3%A1%2C%20equipe%20da%20Tereza%20Central%20de%20Im%C3%B3veis%20ltda!%20Tudo%20bem%3F%0A%0AAcompanhamos%20o%20destaque%20de%20voc%C3%AAs%20no%20mercado%20imobili%C3%A1rio%20e%20gostar%C3%ADamos%20de%20convidar%20sua%20imobili%C3%A1ria%20para%20divulgar%20sua%20carteira%20de%20im%C3%B3veis%20no%20*Portal%20Esfinge%20Im%C3%B3veis*.%0A%0A%F0%9F%9B%A1%EF%B8%8F%20*Diferenciais%20para%20Imobili%C3%A1rias%3A*%0A1.%20*Zero%20Taxa%20de%20Corretagem%3A*%20Somos%20uma%20vitrine%20tecnol%C3%B3gica%20de%20aproxima%C3%A7%C3%A3o.%20O%20comprador%20%C3%A9%20100%25%20seu.%0A2.%20*Leads%20Diretos%3A*%20O%20cliente%20interessado%20clica%20no%20im%C3%B3vel%20e%20fala%20direto%20com%20o%20seu%20corretor%20no%20WhatsApp.%0A3.%20*Cadastro%20%C3%81gil%3A*%20Basta%20colar%20o%20link%20do%20seu%20an%C3%BAncio%20para%20importar%20em%20segundos.%0A%0AConhe%C3%A7a%20nosso%20portal%20oficial%3A%20https%3A%2F%2Fportalesfingeimoveis.com.br%0A%0A%22N%C3%B3s%20n%C3%A3o%20somos%20uma%20imobili%C3%A1ria%20disputando%20o%20seu%20cliente.%20O%20Portal%20Esfinge%20%C3%A9%20a%20vitrine%20tecnol%C3%B3gica%20do%20Paran%C3%A1%20criada%20para%20conectar%20o%20comprador%20diretamente%20ao%20seu%20WhatsApp.%22%0A%0APodemos%20agendar%20uma%20demonstra%C3%A7%C3%A3o%20r%C3%A1pida%20sem%20compromisso%3F"
"Paranagua PR";"J Cabral Corretor de Imóveis - Imobiliária em Paranaguá";"(41) 98467-6252";"https://wa.me/5541984676252?text=Ol%C3%A1%2C%20equipe%20da%20J%20Cabral%20Corretor%20de%20Im%C3%B3veis%20-%20Imobili%C3%A1ria%20em%20Paranagu%C3%A1!%20Tudo%20bem%3F%0A%0AAcompanhamos%20o%20destaque%20de%20voc%C3%AAs%20no%20mercado%20imobili%C3%A1rio%20e%20gostar%C3%ADamos%20de%20convidar%20sua%20imobili%C3%A1ria%20para%20divulgar%20sua%20carteira%20de%20im%C3%B3veis%20no%20*Portal%20Esfinge%20Im%C3%B3veis*.%0A%0A%F0%9F%9B%A1%EF%B8%8F%20*Diferenciais%20para%20Imobili%C3%A1rias%3A*%0A1.%20*Zero%20Taxa%20de%20Corretagem%3A*%20Somos%20uma%20vitrine%20tecnol%C3%B3gica%20de%20aproxima%C3%A7%C3%A3o.%20O%20comprador%20%C3%A9%20100%25%20seu.%0A2.%20*Leads%20Diretos%3A*%20O%20cliente%20interessado%20clica%20no%20im%C3%B3vel%20e%20fala%20direto%20com%20o%20seu%20corretor%20no%20WhatsApp.%0A3.%20*Cadastro%20%C3%81gil%3A*%20Basta%20colar%20o%20link%20do%20seu%20an%C3%BAncio%20para%20importar%20em%20segundos.%0A%0AConhe%C3%A7a%20nosso%20portal%20oficial%3A%20https%3A%2F%2Fportalesfingeimoveis.com.br%0A%0A%22N%C3%B3s%20n%C3%A3o%20somos%20uma%20imobili%C3%A1ria%20disputando%20o%20seu%20cliente.%20O%20Portal%20Esfinge%20%C3%A9%20a%20vitrine%20tecnol%C3%B3gica%20do%20Paran%C3%A1%20criada%20para%20conectar%20o%20comprador%20diretamente%20ao%20seu%20WhatsApp.%22%0A%0APodemos%20agendar%20uma%20demonstra%C3%A7%C3%A3o%20r%C3%A1pida%20sem%20compromisso%3F"
"Paranagua PR";"Mercado Imobiliário Paranaguá";"(41) 98531-2025";"https://wa.me/5541985312025?text=Ol%C3%A1%2C%20equipe%20da%20Mercado%20Imobili%C3%A1rio%20Paranagu%C3%A1!%20Tudo%20bem%3F%0A%0AAcompanhamos%20o%20destaque%20de%20voc%C3%AAs%20no%20mercado%20imobili%C3%A1rio%20e%20gostar%C3%ADamos%20de%20convidar%20sua%20imobili%C3%A1ria%20para%20divulgar%20sua%20carteira%20de%20im%C3%B3veis%20no%20*Portal%20Esfinge%20Im%C3%B3veis*.%0A%0A%F0%9F%9B%A1%EF%B8%8F%20*Diferenciais%20para%20Imobili%C3%A1rias%3A*%0A1.%20*Zero%20Taxa%20de%20Corretagem%3A*%20Somos%20uma%20vitrine%20tecnol%C3%B3gica%20de%20aproxima%C3%A7%C3%A3o.%20O%20comprador%20%C3%A9%20100%25%20seu.%0A2.%20*Leads%20Diretos%3A*%20O%20cliente%20interessado%20clica%20no%20im%C3%B3vel%20e%20fala%20direto%20com%20o%20seu%20corretor%20no%20WhatsApp.%0A3.%20*Cadastro%20%C3%81gil%3A*%20Basta%20colar%20o%20link%20do%20seu%20an%C3%BAncio%20para%20importar%20em%20segundos.%0A%0AConhe%C3%A7a%20nosso%20portal%20oficial%3A%20https%3A%2F%2Fportalesfingeimoveis.com.br%0A%0A%22N%C3%B3s%20n%C3%A3o%20somos%20uma%20imobili%C3%A1ria%20disputando%20o%20seu%20cliente.%20O%20Portal%20Esfinge%20%C3%A9%20a%20vitrine%20tecnol%C3%B3gica%20do%20Paran%C3%A1%20criada%20para%20conectar%20o%20comprador%20diretamente%20ao%20seu%20WhatsApp.%22%0A%0APodemos%20agendar%20uma%20demonstra%C3%A7%C3%A3o%20r%C3%A1pida%20sem%20compromisso%3F"
"Paranagua PR";"Scomasson Imóveis";"(41) 98789-8387";"https://wa.me/5541987898387?text=Ol%C3%A1%2C%20equipe%20da%20Scomasson%20Im%C3%B3veis!%20Tudo%20bem%3F%0A%0AAcompanhamos%20o%20destaque%20de%20voc%C3%AAs%20no%20mercado%20imobili%C3%A1rio%20e%20gostar%C3%ADamos%20de%20convidar%20sua%20imobili%C3%A1ria%20para%20divulgar%20sua%20carteira%20de%20im%C3%B3veis%20no%20*Portal%20Esfinge%20Im%C3%B3veis*.%0A%0A%F0%9F%9B%A1%EF%B8%8F%20*Diferenciais%20para%20Imobili%C3%A1rias%3A*%0A1.%20*Zero%20Taxa%20de%20Corretagem%3A*%20Somos%20uma%20vitrine%20tecnol%C3%B3gica%20de%20aproxima%C3%A7%C3%A3o.%20O%20comprador%20%C3%A9%20100%25%20seu.%0A2.%20*Leads%20Diretos%3A*%20O%20cliente%20interessado%20clica%20no%20im%C3%B3vel%20e%20fala%20direto%20com%20o%20seu%20corretor%20no%20WhatsApp.%0A3.%20*Cadastro%20%C3%81gil%3A*%20Basta%20colar%20o%20link%20do%20seu%20an%C3%BAncio%20para%20importar%20em%20segundos.%0A%0AConhe%C3%A7a%20nosso%20portal%20oficial%3A%20https%3A%2F%2Fportalesfingeimoveis.com.br%0A%0A%22N%C3%B3s%20n%C3%A3o%20somos%20uma%20imobili%C3%A1ria%20disputando%20o%20seu%20cliente.%20O%20Portal%20Esfinge%20%C3%A9%20a%20vitrine%20tecnol%C3%B3gica%20do%20Paran%C3%A1%20criada%20para%20conectar%20o%20comprador%20diretamente%20ao%20seu%20WhatsApp.%22%0A%0APodemos%20agendar%20uma%20demonstra%C3%A7%C3%A3o%20r%C3%A1pida%20sem%20compromisso%3F"
"Paranagua PR";"Imobiliária Berger";"(41) 3722-0160";"https://wa.me/554137220160?text=Ol%C3%A1%2C%20equipe%20da%20Imobili%C3%A1ria%20Berger!%20Tudo%20bem%3F%0A%0AAcompanhamos%20o%20destaque%20de%20voc%C3%AAs%20no%20mercado%20imobili%C3%A1rio%20e%20gostar%C3%ADamos%20de%20convidar%20sua%20imobili%C3%A1ria%20para%20divulgar%20sua%20carteira%20de%20im%C3%B3veis%20no%20*Portal%20Esfinge%20Im%C3%B3veis*.%0A%0A%F0%9F%9B%A1%EF%B8%8F%20*Diferenciais%20para%20Imobili%C3%A1rias%3A*%0A1.%20*Zero%20Taxa%20de%20Corretagem%3A*%20Somos%20uma%20vitrine%20tecnol%C3%B3gica%20de%20aproxima%C3%A7%C3%A3o.%20O%20comprador%20%C3%A9%20100%25%20seu.%0A2.%20*Leads%20Diretos%3A*%20O%20cliente%20interessado%20clica%20no%20im%C3%B3vel%20e%20fala%20direto%20com%20o%20seu%20corretor%20no%20WhatsApp.%0A3.%20*Cadastro%20%C3%81gil%3A*%20Basta%20colar%20o%20link%20do%20seu%20an%C3%BAncio%20para%20importar%20em%20segundos.%0A%0AConhe%C3%A7a%20nosso%20portal%20oficial%3A%20https%3A%2F%2Fportalesfingeimoveis.com.br%0A%0A%22N%C3%B3s%20n%C3%A3o%20somos%20uma%20imobili%C3%A1ria%20disputando%20o%20seu%20cliente.%20O%20Portal%20Esfinge%20%C3%A9%20a%20vitrine%20tecnol%C3%B3gica%20do%20Paran%C3%A1%20criada%20para%20conectar%20o%20comprador%20diretamente%20ao%20seu%20WhatsApp.%22%0A%0APodemos%20agendar%20uma%20demonstra%C3%A7%C3%A3o%20r%C3%A1pida%20sem%20compromisso%3F"
"Paranagua PR";"Adriana Lobo Imóveis";"(41) 3422-2747";"https://wa.me/554134222747?text=Ol%C3%A1%2C%20equipe%20da%20Adriana%20Lobo%20Im%C3%B3veis!%20Tudo%20bem%3F%0A%0AAcompanhamos%20o%20destaque%20de%20voc%C3%AAs%20no%20mercado%20imobili%C3%A1rio%20e%20gostar%C3%ADamos%20de%20convidar%20sua%20imobili%C3%A1ria%20para%20divulgar%20sua%20carteira%20de%20im%C3%B3veis%20no%20*Portal%20Esfinge%20Im%C3%B3veis*.%0A%0A%F0%9F%9B%A1%EF%B8%8F%20*Diferenciais%20para%20Imobili%C3%A1rias%3A*%0A1.%20*Zero%20Taxa%20de%20Corretagem%3A*%20Somos%20uma%20vitrine%20tecnol%C3%B3gica%20de%20aproxima%C3%A7%C3%A3o.%20O%20comprador%20%C3%A9%20100%25%20seu.%0A2.%20*Leads%20Diretos%3A*%20O%20cliente%20interessado%20clica%20no%20im%C3%B3vel%20e%20fala%20direto%20com%20o%20seu%20corretor%20no%20WhatsApp.%0A3.%20*Cadastro%20%C3%81gil%3A*%20Basta%20colar%20o%20link%20do%20seu%20an%C3%BAncio%20para%20importar%20em%20segundos.%0A%0AConhe%C3%A7a%20nosso%20portal%20oficial%3A%20https%3A%2F%2Fportalesfingeimoveis.com.br%0A%0A%22N%C3%B3s%20n%C3%A3o%20somos%20uma%20imobili%C3%A1ria%20disputando%20o%20seu%20cliente.%20O%20Portal%20Esfinge%20%C3%A9%20a%20vitrine%20tecnol%C3%B3gica%20do%20Paran%C3%A1%20criada%20para%20conectar%20o%20comprador%20diretamente%20ao%20seu%20WhatsApp.%22%0A%0APodemos%20agendar%20uma%20demonstra%C3%A7%C3%A3o%20r%C3%A1pida%20sem%20compromisso%3F"
"Paranagua PR";"Jonas Félix Imóveis";"(41) 3422-3889";"https://wa.me/554134223889?text=Ol%C3%A1%2C%20equipe%20da%20Jonas%20F%C3%A9lix%20Im%C3%B3veis!%20Tudo%20bem%3F%0A%0AAcompanhamos%20o%20destaque%20de%20voc%C3%AAs%20no%20mercado%20imobili%C3%A1rio%20e%20gostar%C3%ADamos%20de%20convidar%20sua%20imobili%C3%A1ria%20para%20divulgar%20sua%20carteira%20de%20im%C3%B3veis%20no%20*Portal%20Esfinge%20Im%C3%B3veis*.%0A%0A%F0%9F%9B%A1%EF%B8%8F%20*Diferenciais%20para%20Imobili%C3%A1rias%3A*%0A1.%20*Zero%20Taxa%20de%20Corretagem%3A*%20Somos%20uma%20vitrine%20tecnol%C3%B3gica%20de%20aproxima%C3%A7%C3%A3o.%20O%20comprador%20%C3%A9%20100%25%20seu.%0A2.%20*Leads%20Diretos%3A*%20O%20cliente%20interessado%20clica%20no%20im%C3%B3vel%20e%20fala%20direto%20com%20o%20seu%20corretor%20no%20WhatsApp.%0A3.%20*Cadastro%20%C3%81gil%3A*%20Basta%20colar%20o%20link%20do%20seu%20an%C3%BAncio%20para%20importar%20em%20segundos.%0A%0AConhe%C3%A7a%20nosso%20portal%20oficial%3A%20https%3A%2F%2Fportalesfingeimoveis.com.br%0A%0A%22N%C3%B3s%20n%C3%A3o%20somos%20uma%20imobili%C3%A1ria%20disputando%20o%20seu%20cliente.%20O%20Portal%20Esfinge%20%C3%A9%20a%20vitrine%20tecnol%C3%B3gica%20do%20Paran%C3%A1%20criada%20para%20conectar%20o%20comprador%20diretamente%20ao%20seu%20WhatsApp.%22%0A%0APodemos%20agendar%20uma%20demonstra%C3%A7%C3%A3o%20r%C3%A1pida%20sem%20compromisso%3F"
"Paranagua PR";"WORLD IMÓVEIS";"(41) 98501-1505";"https://wa.me/5541985011505?text=Ol%C3%A1%2C%20equipe%20da%20WORLD%20IM%C3%93VEIS!%20Tudo%20bem%3F%0A%0AAcompanhamos%20o%20destaque%20de%20voc%C3%AAs%20no%20mercado%20imobili%C3%A1rio%20e%20gostar%C3%ADamos%20de%20convidar%20sua%20imobili%C3%A1ria%20para%20divulgar%20sua%20carteira%20de%20im%C3%B3veis%20no%20*Portal%20Esfinge%20Im%C3%B3veis*.%0A%0A%F0%9F%9B%A1%EF%B8%8F%20*Diferenciais%20para%20Imobili%C3%A1rias%3A*%0A1.%20*Zero%20Taxa%20de%20Corretagem%3A*%20Somos%20uma%20vitrine%20tecnol%C3%B3gica%20de%20aproxima%C3%A7%C3%A3o.%20O%20comprador%20%C3%A9%20100%25%20seu.%0A2.%20*Leads%20Diretos%3A*%20O%20cliente%20interessado%20clica%20no%20im%C3%B3vel%20e%20fala%20direto%20com%20o%20seu%20corretor%20no%20WhatsApp.%0A3.%20*Cadastro%20%C3%81gil%3A*%20Basta%20colar%20o%20link%20do%20seu%20an%C3%BAncio%20para%20importar%20em%20segundos.%0A%0AConhe%C3%A7a%20nosso%20portal%20oficial%3A%20https%3A%2F%2Fportalesfingeimoveis.com.br%0A%0A%22N%C3%B3s%20n%C3%A3o%20somos%20uma%20imobili%C3%A1ria%20disputando%20o%20seu%20cliente.%20O%20Portal%20Esfinge%20%C3%A9%20a%20vitrine%20tecnol%C3%B3gica%20do%20Paran%C3%A1%20criada%20para%20conectar%20o%20comprador%20diretamente%20ao%20seu%20WhatsApp.%22%0A%0APodemos%20agendar%20uma%20demonstra%C3%A7%C3%A3o%20r%C3%A1pida%20sem%20compromisso%3F"
"Paranagua PR";"Imobiliária J Mendes Imóveis";"(41) 3721-5572";"https://wa.me/554137215572?text=Ol%C3%A1%2C%20equipe%20da%20Imobili%C3%A1ria%20J%20Mendes%20Im%C3%B3veis!%20Tudo%20bem%3F%0A%0AAcompanhamos%20o%20destaque%20de%20voc%C3%AAs%20no%20mercado%20imobili%C3%A1rio%20e%20gostar%C3%ADamos%20de%20convidar%20sua%20imobili%C3%A1ria%20para%20divulgar%20sua%20carteira%20de%20im%C3%B3veis%20no%20*Portal%20Esfinge%20Im%C3%B3veis*.%0A%0A%F0%9F%9B%A1%EF%B8%8F%20*Diferenciais%20para%20Imobili%C3%A1rias%3A*%0A1.%20*Zero%20Taxa%20de%20Corretagem%3A*%20Somos%20uma%20vitrine%20tecnol%C3%B3gica%20de%20aproxima%C3%A7%C3%A3o.%20O%20comprador%20%C3%A9%20100%25%20seu.%0A2.%20*Leads%20Diretos%3A*%20O%20cliente%20interessado%20clica%20no%20im%C3%B3vel%20e%20fala%20direto%20com%20o%20seu%20corretor%20no%20WhatsApp.%0A3.%20*Cadastro%20%C3%81gil%3A*%20Basta%20colar%20o%20link%20do%20seu%20an%C3%BAncio%20para%20importar%20em%20segundos.%0A%0AConhe%C3%A7a%20nosso%20portal%20oficial%3A%20https%3A%2F%2Fportalesfingeimoveis.com.br%0A%0A%22N%C3%B3s%20n%C3%A3o%20somos%20uma%20imobili%C3%A1ria%20disputando%20o%20seu%20cliente.%20O%20Portal%20Esfinge%20%C3%A9%20a%20vitrine%20tecnol%C3%B3gica%20do%20Paran%C3%A1%20criada%20para%20conectar%20o%20comprador%20diretamente%20ao%20seu%20WhatsApp.%22%0A%0APodemos%20agendar%20uma%20demonstra%C3%A7%C3%A3o%20r%C3%A1pida%20sem%20compromisso%3F"
"Paranagua PR";"América Imóveis";"(41) 3424-1946";"https://wa.me/554134241946?text=Ol%C3%A1%2C%20equipe%20da%20Am%C3%A9rica%20Im%C3%B3veis!%20Tudo%20bem%3F%0A%0AAcompanhamos%20o%20destaque%20de%20voc%C3%AAs%20no%20mercado%20imobili%C3%A1rio%20e%20gostar%C3%ADamos%20de%20convidar%20sua%20imobili%C3%A1ria%20para%20divulgar%20sua%20carteira%20de%20im%C3%B3veis%20no%20*Portal%20Esfinge%20Im%C3%B3veis*.%0A%0A%F0%9F%9B%A1%EF%B8%8F%20*Diferenciais%20para%20Imobili%C3%A1rias%3A*%0A1.%20*Zero%20Taxa%20de%20Corretagem%3A*%20Somos%20uma%20vitrine%20tecnol%C3%B3gica%20de%20aproxima%C3%A7%C3%A3o.%20O%20comprador%20%C3%A9%20100%25%20seu.%0A2.%20*Leads%20Diretos%3A*%20O%20cliente%20interessado%20clica%20no%20im%C3%B3vel%20e%20fala%20direto%20com%20o%20seu%20corretor%20no%20WhatsApp.%0A3.%20*Cadastro%20%C3%81gil%3A*%20Basta%20colar%20o%20link%20do%20seu%20an%C3%BAncio%20para%20importar%20em%20segundos.%0A%0AConhe%C3%A7a%20nosso%20portal%20oficial%3A%20https%3A%2F%2Fportalesfingeimoveis.com.br%0A%0A%22N%C3%B3s%20n%C3%A3o%20somos%20uma%20imobili%C3%A1ria%20disputando%20o%20seu%20cliente.%20O%20Portal%20Esfinge%20%C3%A9%20a%20vitrine%20tecnol%C3%B3gica%20do%20Paran%C3%A1%20criada%20para%20conectar%20o%20comprador%20diretamente%20ao%20seu%20WhatsApp.%22%0A%0APodemos%20agendar%20uma%20demonstra%C3%A7%C3%A3o%20r%C3%A1pida%20sem%20compromisso%3F"
"Paranagua PR";"Thaiz Naiad - Corretora de Imóveis";"(41) 2152-1614";"https://wa.me/554121521614?text=Ol%C3%A1%2C%20equipe%20da%20Thaiz%20Naiad%20-%20Corretora%20de%20Im%C3%B3veis!%20Tudo%20bem%3F%0A%0AAcompanhamos%20o%20destaque%20de%20voc%C3%AAs%20no%20mercado%20imobili%C3%A1rio%20e%20gostar%C3%ADamos%20de%20convidar%20sua%20imobili%C3%A1ria%20para%20divulgar%20sua%20carteira%20de%20im%C3%B3veis%20no%20*Portal%20Esfinge%20Im%C3%B3veis*.%0A%0A%F0%9F%9B%A1%EF%B8%8F%20*Diferenciais%20para%20Imobili%C3%A1rias%3A*%0A1.%20*Zero%20Taxa%20de%20Corretagem%3A*%20Somos%20uma%20vitrine%20tecnol%C3%B3gica%20de%20aproxima%C3%A7%C3%A3o.%20O%20comprador%20%C3%A9%20100%25%20seu.%0A2.%20*Leads%20Diretos%3A*%20O%20cliente%20interessado%20clica%20no%20im%C3%B3vel%20e%20fala%20direto%20com%20o%20seu%20corretor%20no%20WhatsApp.%0A3.%20*Cadastro%20%C3%81gil%3A*%20Basta%20colar%20o%20link%20do%20seu%20an%C3%BAncio%20para%20importar%20em%20segundos.%0A%0AConhe%C3%A7a%20nosso%20portal%20oficial%3A%20https%3A%2F%2Fportalesfingeimoveis.com.br%0A%0A%22N%C3%B3s%20n%C3%A3o%20somos%20uma%20imobili%C3%A1ria%20disputando%20o%20seu%20cliente.%20O%20Portal%20Esfinge%20%C3%A9%20a%20vitrine%20tecnol%C3%B3gica%20do%20Paran%C3%A1%20criada%20para%20conectar%20o%20comprador%20diretamente%20ao%20seu%20WhatsApp.%22%0A%0APodemos%20agendar%20uma%20demonstra%C3%A7%C3%A3o%20r%C3%A1pida%20sem%20compromisso%3F"
"Paranagua PR";"Sandro Corretor - Venda e aluguel de Imóveis em Paranaguá";"(41) 99545-1696";"https://wa.me/5541995451696?text=Ol%C3%A1%2C%20equipe%20da%20Sandro%20Corretor%20-%20Venda%20e%20aluguel%20de%20Im%C3%B3veis%20em%20Paranagu%C3%A1!%20Tudo%20bem%3F%0A%0AAcompanhamos%20o%20destaque%20de%20voc%C3%AAs%20no%20mercado%20imobili%C3%A1rio%20e%20gostar%C3%ADamos%20de%20convidar%20sua%20imobili%C3%A1ria%20para%20divulgar%20sua%20carteira%20de%20im%C3%B3veis%20no%20*Portal%20Esfinge%20Im%C3%B3veis*.%0A%0A%F0%9F%9B%A1%EF%B8%8F%20*Diferenciais%20para%20Imobili%C3%A1rias%3A*%0A1.%20*Zero%20Taxa%20de%20Corretagem%3A*%20Somos%20uma%20vitrine%20tecnol%C3%B3gica%20de%20aproxima%C3%A7%C3%A3o.%20O%20comprador%20%C3%A9%20100%25%20seu.%0A2.%20*Leads%20Diretos%3A*%20O%20cliente%20interessado%20clica%20no%20im%C3%B3vel%20e%20fala%20direto%20com%20o%20seu%20corretor%20no%20WhatsApp.%0A3.%20*Cadastro%20%C3%81gil%3A*%20Basta%20colar%20o%20link%20do%20seu%20an%C3%BAncio%20para%20importar%20em%20segundos.%0A%0AConhe%C3%A7a%20nosso%20portal%20oficial%3A%20https%3A%2F%2Fportalesfingeimoveis.com.br%0A%0A%22N%C3%B3s%20n%C3%A3o%20somos%20uma%20imobili%C3%A1ria%20disputando%20o%20seu%20cliente.%20O%20Portal%20Esfinge%20%C3%A9%20a%20vitrine%20tecnol%C3%B3gica%20do%20Paran%C3%A1%20criada%20para%20conectar%20o%20comprador%20diretamente%20ao%20seu%20WhatsApp.%22%0A%0APodemos%20agendar%20uma%20demonstra%C3%A7%C3%A3o%20r%C3%A1pida%20sem%20compromisso%3F"
"Paranagua PR";"Ilha do Mel Imóveis Praia de Leste - Imobiliária Pontal do Paraná";"(41) 99659-3861";"https://wa.me/5541996593861?text=Ol%C3%A1%2C%20equipe%20da%20Ilha%20do%20Mel%20Im%C3%B3veis%20Praia%20de%20Leste%20-%20Imobili%C3%A1ria%20Pontal%20do%20Paran%C3%A1!%20Tudo%20bem%3F%0A%0AAcompanhamos%20o%20destaque%20de%20voc%C3%AAs%20no%20mercado%20imobili%C3%A1rio%20e%20gostar%C3%ADamos%20de%20convidar%20sua%20imobili%C3%A1ria%20para%20divulgar%20sua%20carteira%20de%20im%C3%B3veis%20no%20*Portal%20Esfinge%20Im%C3%B3veis*.%0A%0A%F0%9F%9B%A1%EF%B8%8F%20*Diferenciais%20para%20Imobili%C3%A1rias%3A*%0A1.%20*Zero%20Taxa%20de%20Corretagem%3A*%20Somos%20uma%20vitrine%20tecnol%C3%B3gica%20de%20aproxima%C3%A7%C3%A3o.%20O%20comprador%20%C3%A9%20100%25%20seu.%0A2.%20*Leads%20Diretos%3A*%20O%20cliente%20interessado%20clica%20no%20im%C3%B3vel%20e%20fala%20direto%20com%20o%20seu%20corretor%20no%20WhatsApp.%0A3.%20*Cadastro%20%C3%81gil%3A*%20Basta%20colar%20o%20link%20do%20seu%20an%C3%BAncio%20para%20importar%20em%20segundos.%0A%0AConhe%C3%A7a%20nosso%20portal%20oficial%3A%20https%3A%2F%2Fportalesfingeimoveis.com.br%0A%0A%22N%C3%B3s%20n%C3%A3o%20somos%20uma%20imobili%C3%A1ria%20disputando%20o%20seu%20cliente.%20O%20Portal%20Esfinge%20%C3%A9%20a%20vitrine%20tecnol%C3%B3gica%20do%20Paran%C3%A1%20criada%20para%20conectar%20o%20comprador%20diretamente%20ao%20seu%20WhatsApp.%22%0A%0APodemos%20agendar%20uma%20demonstra%C3%A7%C3%A3o%20r%C3%A1pida%20sem%20compromisso%3F"
"Paranagua PR";"Imobiliária Litoral do Paraná";"(41) 99241-3731";"https://wa.me/5541992413731?text=Ol%C3%A1%2C%20equipe%20da%20Imobili%C3%A1ria%20Litoral%20do%20Paran%C3%A1!%20Tudo%20bem%3F%0A%0AAcompanhamos%20o%20destaque%20de%20voc%C3%AAs%20no%20mercado%20imobili%C3%A1rio%20e%20gostar%C3%ADamos%20de%20convidar%20sua%20imobili%C3%A1ria%20para%20divulgar%20sua%20carteira%20de%20im%C3%B3veis%20no%20*Portal%20Esfinge%20Im%C3%B3veis*.%0A%0A%F0%9F%9B%A1%EF%B8%8F%20*Diferenciais%20para%20Imobili%C3%A1rias%3A*%0A1.%20*Zero%20Taxa%20de%20Corretagem%3A*%20Somos%20uma%20vitrine%20tecnol%C3%B3gica%20de%20aproxima%C3%A7%C3%A3o.%20O%20comprador%20%C3%A9%20100%25%20seu.%0A2.%20*Leads%20Diretos%3A*%20O%20cliente%20interessado%20clica%20no%20im%C3%B3vel%20e%20fala%20direto%20com%20o%20seu%20corretor%20no%20WhatsApp.%0A3.%20*Cadastro%20%C3%81gil%3A*%20Basta%20colar%20o%20link%20do%20seu%20an%C3%BAncio%20para%20importar%20em%20segundos.%0A%0AConhe%C3%A7a%20nosso%20portal%20oficial%3A%20https%3A%2F%2Fportalesfingeimoveis.com.br%0A%0A%22N%C3%B3s%20n%C3%A3o%20somos%20uma%20imobili%C3%A1ria%20disputando%20o%20seu%20cliente.%20O%20Portal%20Esfinge%20%C3%A9%20a%20vitrine%20tecnol%C3%B3gica%20do%20Paran%C3%A1%20criada%20para%20conectar%20o%20comprador%20diretamente%20ao%20seu%20WhatsApp.%22%0A%0APodemos%20agendar%20uma%20demonstra%C3%A7%C3%A3o%20r%C3%A1pida%20sem%20compromisso%3F"
"Paranagua PR";"Imobiliária Canfield";"(41) 3423-2525";"https://wa.me/554134232525?text=Ol%C3%A1%2C%20equipe%20da%20Imobili%C3%A1ria%20Canfield!%20Tudo%20bem%3F%0A%0AAcompanhamos%20o%20destaque%20de%20voc%C3%AAs%20no%20mercado%20imobili%C3%A1rio%20e%20gostar%C3%ADamos%20de%20convidar%20sua%20imobili%C3%A1ria%20para%20divulgar%20sua%20carteira%20de%20im%C3%B3veis%20no%20*Portal%20Esfinge%20Im%C3%B3veis*.%0A%0A%F0%9F%9B%A1%EF%B8%8F%20*Diferenciais%20para%20Imobili%C3%A1rias%3A*%0A1.%20*Zero%20Taxa%20de%20Corretagem%3A*%20Somos%20uma%20vitrine%20tecnol%C3%B3gica%20de%20aproxima%C3%A7%C3%A3o.%20O%20comprador%20%C3%A9%20100%25%20seu.%0A2.%20*Leads%20Diretos%3A*%20O%20cliente%20interessado%20clica%20no%20im%C3%B3vel%20e%20fala%20direto%20com%20o%20seu%20corretor%20no%20WhatsApp.%0A3.%20*Cadastro%20%C3%81gil%3A*%20Basta%20colar%20o%20link%20do%20seu%20an%C3%BAncio%20para%20importar%20em%20segundos.%0A%0AConhe%C3%A7a%20nosso%20portal%20oficial%3A%20https%3A%2F%2Fportalesfingeimoveis.com.br%0A%0A%22N%C3%B3s%20n%C3%A3o%20somos%20uma%20imobili%C3%A1ria%20disputando%20o%20seu%20cliente.%20O%20Portal%20Esfinge%20%C3%A9%20a%20vitrine%20tecnol%C3%B3gica%20do%20Paran%C3%A1%20criada%20para%20conectar%20o%20comprador%20diretamente%20ao%20seu%20WhatsApp.%22%0A%0APodemos%20agendar%20uma%20demonstra%C3%A7%C3%A3o%20r%C3%A1pida%20sem%20compromisso%3F"
"Paranagua PR";"Imobiliária Ozires Soares";"(41) 3423-3344";"https://wa.me/554134233344?text=Ol%C3%A1%2C%20equipe%20da%20Imobili%C3%A1ria%20Ozires%20Soares!%20Tudo%20bem%3F%0A%0AAcompanhamos%20o%20destaque%20de%20voc%C3%AAs%20no%20mercado%20imobili%C3%A1rio%20e%20gostar%C3%ADamos%20de%20convidar%20sua%20imobili%C3%A1ria%20para%20divulgar%20sua%20carteira%20de%20im%C3%B3veis%20no%20*Portal%20Esfinge%20Im%C3%B3veis*.%0A%0A%F0%9F%9B%A1%EF%B8%8F%20*Diferenciais%20para%20Imobili%C3%A1rias%3A*%0A1.%20*Zero%20Taxa%20de%20Corretagem%3A*%20Somos%20uma%20vitrine%20tecnol%C3%B3gica%20de%20aproxima%C3%A7%C3%A3o.%20O%20comprador%20%C3%A9%20100%25%20seu.%0A2.%20*Leads%20Diretos%3A*%20O%20cliente%20interessado%20clica%20no%20im%C3%B3vel%20e%20fala%20direto%20com%20o%20seu%20corretor%20no%20WhatsApp.%0A3.%20*Cadastro%20%C3%81gil%3A*%20Basta%20colar%20o%20link%20do%20seu%20an%C3%BAncio%20para%20importar%20em%20segundos.%0A%0AConhe%C3%A7a%20nosso%20portal%20oficial%3A%20https%3A%2F%2Fportalesfingeimoveis.com.br%0A%0A%22N%C3%B3s%20n%C3%A3o%20somos%20uma%20imobili%C3%A1ria%20disputando%20o%20seu%20cliente.%20O%20Portal%20Esfinge%20%C3%A9%20a%20vitrine%20tecnol%C3%B3gica%20do%20Paran%C3%A1%20criada%20para%20conectar%20o%20comprador%20diretamente%20ao%20seu%20WhatsApp.%22%0A%0APodemos%20agendar%20uma%20demonstra%C3%A7%C3%A3o%20r%C3%A1pida%20sem%20compromisso%3F"
"Paranagua PR";"WORLD IMÓVEIS";"(41) 98501-1505";"https://wa.me/5541985011505?text=Ol%C3%A1%2C%20equipe%20da%20WORLD%20IM%C3%93VEIS!%20Tudo%20bem%3F%0A%0AAcompanhamos%20o%20destaque%20de%20voc%C3%AAs%20no%20mercado%20imobili%C3%A1rio%20e%20gostar%C3%ADamos%20de%20convidar%20sua%20imobili%C3%A1ria%20para%20divulgar%20sua%20carteira%20de%20im%C3%B3veis%20no%20*Portal%20Esfinge%20Im%C3%B3veis*.%0A%0A%F0%9F%9B%A1%EF%B8%8F%20*Diferenciais%20para%20Imobili%C3%A1rias%3A*%0A1.%20*Zero%20Taxa%20de%20Corretagem%3A*%20Somos%20uma%20vitrine%20tecnol%C3%B3gica%20de%20aproxima%C3%A7%C3%A3o.%20O%20comprador%20%C3%A9%20100%25%20seu.%0A2.%20*Leads%20Diretos%3A*%20O%20cliente%20interessado%20clica%20no%20im%C3%B3vel%20e%20fala%20direto%20com%20o%20seu%20corretor%20no%20WhatsApp.%0A3.%20*Cadastro%20%C3%81gil%3A*%20Basta%20colar%20o%20link%20do%20seu%20an%C3%BAncio%20para%20importar%20em%20segundos.%0A%0AConhe%C3%A7a%20nosso%20portal%20oficial%3A%20https%3A%2F%2Fportalesfingeimoveis.com.br%0A%0A%22N%C3%B3s%20n%C3%A3o%20somos%20uma%20imobili%C3%A1ria%20disputando%20o%20seu%20cliente.%20O%20Portal%20Esfinge%20%C3%A9%20a%20vitrine%20tecnol%C3%B3gica%20do%20Paran%C3%A1%20criada%20para%20conectar%20o%20comprador%20diretamente%20ao%20seu%20WhatsApp.%22%0A%0APodemos%20agendar%20uma%20demonstra%C3%A7%C3%A3o%20r%C3%A1pida%20sem%20compromisso%3F"
"Paranagua PR";"América Imóveis";"(41) 3424-1946";"https://wa.me/554134241946?text=Ol%C3%A1%2C%20equipe%20da%20Am%C3%A9rica%20Im%C3%B3veis!%20Tudo%20bem%3F%0A%0AAcompanhamos%20o%20destaque%20de%20voc%C3%AAs%20no%20mercado%20imobili%C3%A1rio%20e%20gostar%C3%ADamos%20de%20convidar%20sua%20imobili%C3%A1ria%20para%20divulgar%20sua%20carteira%20de%20im%C3%B3veis%20no%20*Portal%20Esfinge%20Im%C3%B3veis*.%0A%0A%F0%9F%9B%A1%EF%B8%8F%20*Diferenciais%20para%20Imobili%C3%A1rias%3A*%0A1.%20*Zero%20Taxa%20de%20Corretagem%3A*%20Somos%20uma%20vitrine%20tecnol%C3%B3gica%20de%20aproxima%C3%A7%C3%A3o.%20O%20comprador%20%C3%A9%20100%25%20seu.%0A2.%20*Leads%20Diretos%3A*%20O%20cliente%20interessado%20clica%20no%20im%C3%B3vel%20e%20fala%20direto%20com%20o%20seu%20corretor%20no%20WhatsApp.%0A3.%20*Cadastro%20%C3%81gil%3A*%20Basta%20colar%20o%20link%20do%20seu%20an%C3%BAncio%20para%20importar%20em%20segundos.%0A%0AConhe%C3%A7a%20nosso%20portal%20oficial%3A%20https%3A%2F%2Fportalesfingeimoveis.com.br%0A%0A%22N%C3%B3s%20n%C3%A3o%20somos%20uma%20imobili%C3%A1ria%20disputando%20o%20seu%20cliente.%20O%20Portal%20Esfinge%20%C3%A9%20a%20vitrine%20tecnol%C3%B3gica%20do%20Paran%C3%A1%20criada%20para%20conectar%20o%20comprador%20diretamente%20ao%20seu%20WhatsApp.%22%0A%0APodemos%20agendar%20uma%20demonstra%C3%A7%C3%A3o%20r%C3%A1pida%20sem%20compromisso%3F"
"Paranagua PR";"Thaiz Naiad - Corretora de Imóveis";"(41) 2152-1614";"https://wa.me/554121521614?text=Ol%C3%A1%2C%20equipe%20da%20Thaiz%20Naiad%20-%20Corretora%20de%20Im%C3%B3veis!%20Tudo%20bem%3F%0A%0AAcompanhamos%20o%20destaque%20de%20voc%C3%AAs%20no%20mercado%20imobili%C3%A1rio%20e%20gostar%C3%ADamos%20de%20convidar%20sua%20imobili%C3%A1ria%20para%20divulgar%20sua%20carteira%20de%20im%C3%B3veis%20no%20*Portal%20Esfinge%20Im%C3%B3veis*.%0A%0A%F0%9F%9B%A1%EF%B8%8F%20*Diferenciais%20para%20Imobili%C3%A1rias%3A*%0A1.%20*Zero%20Taxa%20de%20Corretagem%3A*%20Somos%20uma%20vitrine%20tecnol%C3%B3gica%20de%20aproxima%C3%A7%C3%A3o.%20O%20comprador%20%C3%A9%20100%25%20seu.%0A2.%20*Leads%20Diretos%3A*%20O%20cliente%20interessado%20clica%20no%20im%C3%B3vel%20e%20fala%20direto%20com%20o%20seu%20corretor%20no%20WhatsApp.%0A3.%20*Cadastro%20%C3%81gil%3A*%20Basta%20colar%20o%20link%20do%20seu%20an%C3%BAncio%20para%20importar%20em%20segundos.%0A%0AConhe%C3%A7a%20nosso%20portal%20oficial%3A%20https%3A%2F%2Fportalesfingeimoveis.com.br%0A%0A%22N%C3%B3s%20n%C3%A3o%20somos%20uma%20imobili%C3%A1ria%20disputando%20o%20seu%20cliente.%20O%20Portal%20Esfinge%20%C3%A9%20a%20vitrine%20tecnol%C3%B3gica%20do%20Paran%C3%A1%20criada%20para%20conectar%20o%20comprador%20diretamente%20ao%20seu%20WhatsApp.%22%0A%0APodemos%20agendar%20uma%20demonstra%C3%A7%C3%A3o%20r%C3%A1pida%20sem%20compromisso%3F"
"Paranagua PR";"Conjunto Residencial Saveiros";"Ver no Google Maps";"Telefone móvel não identificado"
"Paranagua PR";"Imobiliária Litoral do Paraná";"(41) 99241-3731";"https://wa.me/5541992413731?text=Ol%C3%A1%2C%20equipe%20da%20Imobili%C3%A1ria%20Litoral%20do%20Paran%C3%A1!%20Tudo%20bem%3F%0A%0AAcompanhamos%20o%20destaque%20de%20voc%C3%AAs%20no%20mercado%20imobili%C3%A1rio%20e%20gostar%C3%ADamos%20de%20convidar%20sua%20imobili%C3%A1ria%20para%20divulgar%20sua%20carteira%20de%20im%C3%B3veis%20no%20*Portal%20Esfinge%20Im%C3%B3veis*.%0A%0A%F0%9F%9B%A1%EF%B8%8F%20*Diferenciais%20para%20Imobili%C3%A1rias%3A*%0A1.%20*Zero%20Taxa%20de%20Corretagem%3A*%20Somos%20uma%20vitrine%20tecnol%C3%B3gica%20de%20aproxima%C3%A7%C3%A3o.%20O%20comprador%20%C3%A9%20100%25%20seu.%0A2.%20*Leads%20Diretos%3A*%20O%20cliente%20interessado%20clica%20no%20im%C3%B3vel%20e%20fala%20direto%20com%20o%20seu%20corretor%20no%20WhatsApp.%0A3.%20*Cadastro%20%C3%81gil%3A*%20Basta%20colar%20o%20link%20do%20seu%20an%C3%BAncio%20para%20importar%20em%20segundos.%0A%0AConhe%C3%A7a%20nosso%20portal%20oficial%3A%20https%3A%2F%2Fportalesfingeimoveis.com.br%0A%0A%22N%C3%B3s%20n%C3%A3o%20somos%20uma%20imobili%C3%A1ria%20disputando%20o%20seu%20cliente.%20O%20Portal%20Esfinge%20%C3%A9%20a%20vitrine%20tecnol%C3%B3gica%20do%20Paran%C3%A1%20criada%20para%20conectar%20o%20comprador%20diretamente%20ao%20seu%20WhatsApp.%22%0A%0APodemos%20agendar%20uma%20demonstra%C3%A7%C3%A3o%20r%C3%A1pida%20sem%20compromisso%3F"
"Paranagua PR";"Sua Praia Imoveis";"(41) 99116-2339";"https://wa.me/5541991162339?text=Ol%C3%A1%2C%20equipe%20da%20Sua%20Praia%20Imoveis!%20Tudo%20bem%3F%0A%0AAcompanhamos%20o%20destaque%20de%20voc%C3%AAs%20no%20mercado%20imobili%C3%A1rio%20e%20gostar%C3%ADamos%20de%20convidar%20sua%20imobili%C3%A1ria%20para%20divulgar%20sua%20carteira%20de%20im%C3%B3veis%20no%20*Portal%20Esfinge%20Im%C3%B3veis*.%0A%0A%F0%9F%9B%A1%EF%B8%8F%20*Diferenciais%20para%20Imobili%C3%A1rias%3A*%0A1.%20*Zero%20Taxa%20de%20Corretagem%3A*%20Somos%20uma%20vitrine%20tecnol%C3%B3gica%20de%20aproxima%C3%A7%C3%A3o.%20O%20comprador%20%C3%A9%20100%25%20seu.%0A2.%20*Leads%20Diretos%3A*%20O%20cliente%20interessado%20clica%20no%20im%C3%B3vel%20e%20fala%20direto%20com%20o%20seu%20corretor%20no%20WhatsApp.%0A3.%20*Cadastro%20%C3%81gil%3A*%20Basta%20colar%20o%20link%20do%20seu%20an%C3%BAncio%20para%20importar%20em%20segundos.%0A%0AConhe%C3%A7a%20nosso%20portal%20oficial%3A%20https%3A%2F%2Fportalesfingeimoveis.com.br%0A%0A%22N%C3%B3s%20n%C3%A3o%20somos%20uma%20imobili%C3%A1ria%20disputando%20o%20seu%20cliente.%20O%20Portal%20Esfinge%20%C3%A9%20a%20vitrine%20tecnol%C3%B3gica%20do%20Paran%C3%A1%20criada%20para%20conectar%20o%20comprador%20diretamente%20ao%20seu%20WhatsApp.%22%0A%0APodemos%20agendar%20uma%20demonstra%C3%A7%C3%A3o%20r%C3%A1pida%20sem%20compromisso%3F"
"Paranagua PR";"Imobiliária Roberto Carlos Imóveis";"(41) 98479-8962";"https://wa.me/5541984798962?text=Ol%C3%A1%2C%20equipe%20da%20Imobili%C3%A1ria%20Roberto%20Carlos%20Im%C3%B3veis!%20Tudo%20bem%3F%0A%0AAcompanhamos%20o%20destaque%20de%20voc%C3%AAs%20no%20mercado%20imobili%C3%A1rio%20e%20gostar%C3%ADamos%20de%20convidar%20sua%20imobili%C3%A1ria%20para%20divulgar%20sua%20carteira%20de%20im%C3%B3veis%20no%20*Portal%20Esfinge%20Im%C3%B3veis*.%0A%0A%F0%9F%9B%A1%EF%B8%8F%20*Diferenciais%20para%20Imobili%C3%A1rias%3A*%0A1.%20*Zero%20Taxa%20de%20Corretagem%3A*%20Somos%20uma%20vitrine%20tecnol%C3%B3gica%20de%20aproxima%C3%A7%C3%A3o.%20O%20comprador%20%C3%A9%20100%25%20seu.%0A2.%20*Leads%20Diretos%3A*%20O%20cliente%20interessado%20clica%20no%20im%C3%B3vel%20e%20fala%20direto%20com%20o%20seu%20corretor%20no%20WhatsApp.%0A3.%20*Cadastro%20%C3%81gil%3A*%20Basta%20colar%20o%20link%20do%20seu%20an%C3%BAncio%20para%20importar%20em%20segundos.%0A%0AConhe%C3%A7a%20nosso%20portal%20oficial%3A%20https%3A%2F%2Fportalesfingeimoveis.com.br%0A%0A%22N%C3%B3s%20n%C3%A3o%20somos%20uma%20imobili%C3%A1ria%20disputando%20o%20seu%20cliente.%20O%20Portal%20Esfinge%20%C3%A9%20a%20vitrine%20tecnol%C3%B3gica%20do%20Paran%C3%A1%20criada%20para%20conectar%20o%20comprador%20diretamente%20ao%20seu%20WhatsApp.%22%0A%0APodemos%20agendar%20uma%20demonstra%C3%A7%C3%A3o%20r%C3%A1pida%20sem%20compromisso%3F"
"Paranagua PR";"Imobiliária Ozires Soares";"(41) 3423-3344";"https://wa.me/554134233344?text=Ol%C3%A1%2C%20equipe%20da%20Imobili%C3%A1ria%20Ozires%20Soares!%20Tudo%20bem%3F%0A%0AAcompanhamos%20o%20destaque%20de%20voc%C3%AAs%20no%20mercado%20imobili%C3%A1rio%20e%20gostar%C3%ADamos%20de%20convidar%20sua%20imobili%C3%A1ria%20para%20divulgar%20sua%20carteira%20de%20im%C3%B3veis%20no%20*Portal%20Esfinge%20Im%C3%B3veis*.%0A%0A%F0%9F%9B%A1%EF%B8%8F%20*Diferenciais%20para%20Imobili%C3%A1rias%3A*%0A1.%20*Zero%20Taxa%20de%20Corretagem%3A*%20Somos%20uma%20vitrine%20tecnol%C3%B3gica%20de%20aproxima%C3%A7%C3%A3o.%20O%20comprador%20%C3%A9%20100%25%20seu.%0A2.%20*Leads%20Diretos%3A*%20O%20cliente%20interessado%20clica%20no%20im%C3%B3vel%20e%20fala%20direto%20com%20o%20seu%20corretor%20no%20WhatsApp.%0A3.%20*Cadastro%20%C3%81gil%3A*%20Basta%20colar%20o%20link%20do%20seu%20an%C3%BAncio%20para%20importar%20em%20segundos.%0A%0AConhe%C3%A7a%20nosso%20portal%20oficial%3A%20https%3A%2F%2Fportalesfingeimoveis.com.br%0A%0A%22N%C3%B3s%20n%C3%A3o%20somos%20uma%20imobili%C3%A1ria%20disputando%20o%20seu%20cliente.%20O%20Portal%20Esfinge%20%C3%A9%20a%20vitrine%20tecnol%C3%B3gica%20do%20Paran%C3%A1%20criada%20para%20conectar%20o%20comprador%20diretamente%20ao%20seu%20WhatsApp.%22%0A%0APodemos%20agendar%20uma%20demonstra%C3%A7%C3%A3o%20r%C3%A1pida%20sem%20compromisso%3F"
"Paranagua PR";"Imobiliária Canfield";"(41) 3423-2525";"https://wa.me/554134232525?text=Ol%C3%A1%2C%20equipe%20da%20Imobili%C3%A1ria%20Canfield!%20Tudo%20bem%3F%0A%0AAcompanhamos%20o%20destaque%20de%20voc%C3%AAs%20no%20mercado%20imobili%C3%A1rio%20e%20gostar%C3%ADamos%20de%20convidar%20sua%20imobili%C3%A1ria%20para%20divulgar%20sua%20carteira%20de%20im%C3%B3veis%20no%20*Portal%20Esfinge%20Im%C3%B3veis*.%0A%0A%F0%9F%9B%A1%EF%B8%8F%20*Diferenciais%20para%20Imobili%C3%A1rias%3A*%0A1.%20*Zero%20Taxa%20de%20Corretagem%3A*%20Somos%20uma%20vitrine%20tecnol%C3%B3gica%20de%20aproxima%C3%A7%C3%A3o.%20O%20comprador%20%C3%A9%20100%25%20seu.%0A2.%20*Leads%20Diretos%3A*%20O%20cliente%20interessado%20clica%20no%20im%C3%B3vel%20e%20fala%20direto%20com%20o%20seu%20corretor%20no%20WhatsApp.%0A3.%20*Cadastro%20%C3%81gil%3A*%20Basta%20colar%20o%20link%20do%20seu%20an%C3%BAncio%20para%20importar%20em%20segundos.%0A%0AConhe%C3%A7a%20nosso%20portal%20oficial%3A%20https%3A%2F%2Fportalesfingeimoveis.com.br%0A%0A%22N%C3%B3s%20n%C3%A3o%20somos%20uma%20imobili%C3%A1ria%20disputando%20o%20seu%20cliente.%20O%20Portal%20Esfinge%20%C3%A9%20a%20vitrine%20tecnol%C3%B3gica%20do%20Paran%C3%A1%20criada%20para%20conectar%20o%20comprador%20diretamente%20ao%20seu%20WhatsApp.%22%0A%0APodemos%20agendar%20uma%20demonstra%C3%A7%C3%A3o%20r%C3%A1pida%20sem%20compromisso%3F"
"Paranagua PR";"Serviço de Registro de Imóveis de Paranaguá";"(41) 2152-1812";"https://wa.me/554121521812?text=Ol%C3%A1%2C%20equipe%20da%20Servi%C3%A7o%20de%20Registro%20de%20Im%C3%B3veis%20de%20Paranagu%C3%A1!%20Tudo%20bem%3F%0A%0AAcompanhamos%20o%20destaque%20de%20voc%C3%AAs%20no%20mercado%20imobili%C3%A1rio%20e%20gostar%C3%ADamos%20de%20convidar%20sua%20imobili%C3%A1ria%20para%20divulgar%20sua%20carteira%20de%20im%C3%B3veis%20no%20*Portal%20Esfinge%20Im%C3%B3veis*.%0A%0A%F0%9F%9B%A1%EF%B8%8F%20*Diferenciais%20para%20Imobili%C3%A1rias%3A*%0A1.%20*Zero%20Taxa%20de%20Corretagem%3A*%20Somos%20uma%20vitrine%20tecnol%C3%B3gica%20de%20aproxima%C3%A7%C3%A3o.%20O%20comprador%20%C3%A9%20100%25%20seu.%0A2.%20*Leads%20Diretos%3A*%20O%20cliente%20interessado%20clica%20no%20im%C3%B3vel%20e%20fala%20direto%20com%20o%20seu%20corretor%20no%20WhatsApp.%0A3.%20*Cadastro%20%C3%81gil%3A*%20Basta%20colar%20o%20link%20do%20seu%20an%C3%BAncio%20para%20importar%20em%20segundos.%0A%0AConhe%C3%A7a%20nosso%20portal%20oficial%3A%20https%3A%2F%2Fportalesfingeimoveis.com.br%0A%0A%22N%C3%B3s%20n%C3%A3o%20somos%20uma%20imobili%C3%A1ria%20disputando%20o%20seu%20cliente.%20O%20Portal%20Esfinge%20%C3%A9%20a%20vitrine%20tecnol%C3%B3gica%20do%20Paran%C3%A1%20criada%20para%20conectar%20o%20comprador%20diretamente%20ao%20seu%20WhatsApp.%22%0A%0APodemos%20agendar%20uma%20demonstra%C3%A7%C3%A3o%20r%C3%A1pida%20sem%20compromisso%3F"
"Paranagua PR";"Sandro Corretor - Venda e aluguel de Imóveis em Paranaguá";"(41) 99545-1696";"https://wa.me/5541995451696?text=Ol%C3%A1%2C%20equipe%20da%20Sandro%20Corretor%20-%20Venda%20e%20aluguel%20de%20Im%C3%B3veis%20em%20Paranagu%C3%A1!%20Tudo%20bem%3F%0A%0AAcompanhamos%20o%20destaque%20de%20voc%C3%AAs%20no%20mercado%20imobili%C3%A1rio%20e%20gostar%C3%ADamos%20de%20convidar%20sua%20imobili%C3%A1ria%20para%20divulgar%20sua%20carteira%20de%20im%C3%B3veis%20no%20*Portal%20Esfinge%20Im%C3%B3veis*.%0A%0A%F0%9F%9B%A1%EF%B8%8F%20*Diferenciais%20para%20Imobili%C3%A1rias%3A*%0A1.%20*Zero%20Taxa%20de%20Corretagem%3A*%20Somos%20uma%20vitrine%20tecnol%C3%B3gica%20de%20aproxima%C3%A7%C3%A3o.%20O%20comprador%20%C3%A9%20100%25%20seu.%0A2.%20*Leads%20Diretos%3A*%20O%20cliente%20interessado%20clica%20no%20im%C3%B3vel%20e%20fala%20direto%20com%20o%20seu%20corretor%20no%20WhatsApp.%0A3.%20*Cadastro%20%C3%81gil%3A*%20Basta%20colar%20o%20link%20do%20seu%20an%C3%BAncio%20para%20importar%20em%20segundos.%0A%0AConhe%C3%A7a%20nosso%20portal%20oficial%3A%20https%3A%2F%2Fportalesfingeimoveis.com.br%0A%0A%22N%C3%B3s%20n%C3%A3o%20somos%20uma%20imobili%C3%A1ria%20disputando%20o%20seu%20cliente.%20O%20Portal%20Esfinge%20%C3%A9%20a%20vitrine%20tecnol%C3%B3gica%20do%20Paran%C3%A1%20criada%20para%20conectar%20o%20comprador%20diretamente%20ao%20seu%20WhatsApp.%22%0A%0APodemos%20agendar%20uma%20demonstra%C3%A7%C3%A3o%20r%C3%A1pida%20sem%20compromisso%3F"
"Paranagua PR";"ARMY IMÓVEIS";"(41) 98752-8181";"https://wa.me/5541987528181?text=Ol%C3%A1%2C%20equipe%20da%20ARMY%20IM%C3%93VEIS!%20Tudo%20bem%3F%0A%0AAcompanhamos%20o%20destaque%20de%20voc%C3%AAs%20no%20mercado%20imobili%C3%A1rio%20e%20gostar%C3%ADamos%20de%20convidar%20sua%20imobili%C3%A1ria%20para%20divulgar%20sua%20carteira%20de%20im%C3%B3veis%20no%20*Portal%20Esfinge%20Im%C3%B3veis*.%0A%0A%F0%9F%9B%A1%EF%B8%8F%20*Diferenciais%20para%20Imobili%C3%A1rias%3A*%0A1.%20*Zero%20Taxa%20de%20Corretagem%3A*%20Somos%20uma%20vitrine%20tecnol%C3%B3gica%20de%20aproxima%C3%A7%C3%A3o.%20O%20comprador%20%C3%A9%20100%25%20seu.%0A2.%20*Leads%20Diretos%3A*%20O%20cliente%20interessado%20clica%20no%20im%C3%B3vel%20e%20fala%20direto%20com%20o%20seu%20corretor%20no%20WhatsApp.%0A3.%20*Cadastro%20%C3%81gil%3A*%20Basta%20colar%20o%20link%20do%20seu%20an%C3%BAncio%20para%20importar%20em%20segundos.%0A%0AConhe%C3%A7a%20nosso%20portal%20oficial%3A%20https%3A%2F%2Fportalesfingeimoveis.com.br%0A%0A%22N%C3%B3s%20n%C3%A3o%20somos%20uma%20imobili%C3%A1ria%20disputando%20o%20seu%20cliente.%20O%20Portal%20Esfinge%20%C3%A9%20a%20vitrine%20tecnol%C3%B3gica%20do%20Paran%C3%A1%20criada%20para%20conectar%20o%20comprador%20diretamente%20ao%20seu%20WhatsApp.%22%0A%0APodemos%20agendar%20uma%20demonstra%C3%A7%C3%A3o%20r%C3%A1pida%20sem%20compromisso%3F"
"Paranagua PR";"Karin Velozo - Corretora de Imóveis";"(41) 98521-1402";"https://wa.me/5541985211402?text=Ol%C3%A1%2C%20equipe%20da%20Karin%20Velozo%20-%20Corretora%20de%20Im%C3%B3veis!%20Tudo%20bem%3F%0A%0AAcompanhamos%20o%20destaque%20de%20voc%C3%AAs%20no%20mercado%20imobili%C3%A1rio%20e%20gostar%C3%ADamos%20de%20convidar%20sua%20imobili%C3%A1ria%20para%20divulgar%20sua%20carteira%20de%20im%C3%B3veis%20no%20*Portal%20Esfinge%20Im%C3%B3veis*.%0A%0A%F0%9F%9B%A1%EF%B8%8F%20*Diferenciais%20para%20Imobili%C3%A1rias%3A*%0A1.%20*Zero%20Taxa%20de%20Corretagem%3A*%20Somos%20uma%20vitrine%20tecnol%C3%B3gica%20de%20aproxima%C3%A7%C3%A3o.%20O%20comprador%20%C3%A9%20100%25%20seu.%0A2.%20*Leads%20Diretos%3A*%20O%20cliente%20interessado%20clica%20no%20im%C3%B3vel%20e%20fala%20direto%20com%20o%20seu%20corretor%20no%20WhatsApp.%0A3.%20*Cadastro%20%C3%81gil%3A*%20Basta%20colar%20o%20link%20do%20seu%20an%C3%BAncio%20para%20importar%20em%20segundos.%0A%0AConhe%C3%A7a%20nosso%20portal%20oficial%3A%20https%3A%2F%2Fportalesfingeimoveis.com.br%0A%0A%22N%C3%B3s%20n%C3%A3o%20somos%20uma%20imobili%C3%A1ria%20disputando%20o%20seu%20cliente.%20O%20Portal%20Esfinge%20%C3%A9%20a%20vitrine%20tecnol%C3%B3gica%20do%20Paran%C3%A1%20criada%20para%20conectar%20o%20comprador%20diretamente%20ao%20seu%20WhatsApp.%22%0A%0APodemos%20agendar%20uma%20demonstra%C3%A7%C3%A3o%20r%C3%A1pida%20sem%20compromisso%3F"
"Paranagua PR";"AMAURI DOMINGUES IMÓVEIS";"(41) 3422-3144";"https://wa.me/554134223144?text=Ol%C3%A1%2C%20equipe%20da%20AMAURI%20DOMINGUES%20IM%C3%93VEIS!%20Tudo%20bem%3F%0A%0AAcompanhamos%20o%20destaque%20de%20voc%C3%AAs%20no%20mercado%20imobili%C3%A1rio%20e%20gostar%C3%ADamos%20de%20convidar%20sua%20imobili%C3%A1ria%20para%20divulgar%20sua%20carteira%20de%20im%C3%B3veis%20no%20*Portal%20Esfinge%20Im%C3%B3veis*.%0A%0A%F0%9F%9B%A1%EF%B8%8F%20*Diferenciais%20para%20Imobili%C3%A1rias%3A*%0A1.%20*Zero%20Taxa%20de%20Corretagem%3A*%20Somos%20uma%20vitrine%20tecnol%C3%B3gica%20de%20aproxima%C3%A7%C3%A3o.%20O%20comprador%20%C3%A9%20100%25%20seu.%0A2.%20*Leads%20Diretos%3A*%20O%20cliente%20interessado%20clica%20no%20im%C3%B3vel%20e%20fala%20direto%20com%20o%20seu%20corretor%20no%20WhatsApp.%0A3.%20*Cadastro%20%C3%81gil%3A*%20Basta%20colar%20o%20link%20do%20seu%20an%C3%BAncio%20para%20importar%20em%20segundos.%0A%0AConhe%C3%A7a%20nosso%20portal%20oficial%3A%20https%3A%2F%2Fportalesfingeimoveis.com.br%0A%0A%22N%C3%B3s%20n%C3%A3o%20somos%20uma%20imobili%C3%A1ria%20disputando%20o%20seu%20cliente.%20O%20Portal%20Esfinge%20%C3%A9%20a%20vitrine%20tecnol%C3%B3gica%20do%20Paran%C3%A1%20criada%20para%20conectar%20o%20comprador%20diretamente%20ao%20seu%20WhatsApp.%22%0A%0APodemos%20agendar%20uma%20demonstra%C3%A7%C3%A3o%20r%C3%A1pida%20sem%20compromisso%3F"
"Maringa PR";"Lélo Imóveis";"(44) 3225-5858";"https://wa.me/554432255858?text=Ol%C3%A1%2C%20equipe%20da%20L%C3%A9lo%20Im%C3%B3veis!%20Tudo%20bem%3F%0A%0AAcompanhamos%20o%20destaque%20de%20voc%C3%AAs%20no%20mercado%20imobili%C3%A1rio%20e%20gostar%C3%ADamos%20de%20convidar%20sua%20imobili%C3%A1ria%20para%20divulgar%20sua%20carteira%20de%20im%C3%B3veis%20no%20*Portal%20Esfinge%20Im%C3%B3veis*.%0A%0A%F0%9F%9B%A1%EF%B8%8F%20*Diferenciais%20para%20Imobili%C3%A1rias%3A*%0A1.%20*Zero%20Taxa%20de%20Corretagem%3A*%20Somos%20uma%20vitrine%20tecnol%C3%B3gica%20de%20aproxima%C3%A7%C3%A3o.%20O%20comprador%20%C3%A9%20100%25%20seu.%0A2.%20*Leads%20Diretos%3A*%20O%20cliente%20interessado%20clica%20no%20im%C3%B3vel%20e%20fala%20direto%20com%20o%20seu%20corretor%20no%20WhatsApp.%0A3.%20*Cadastro%20%C3%81gil%3A*%20Basta%20colar%20o%20link%20do%20seu%20an%C3%BAncio%20para%20importar%20em%20segundos.%0A%0AConhe%C3%A7a%20nosso%20portal%20oficial%3A%20https%3A%2F%2Fportalesfingeimoveis.com.br%0A%0A%22N%C3%B3s%20n%C3%A3o%20somos%20uma%20imobili%C3%A1ria%20disputando%20o%20seu%20cliente.%20O%20Portal%20Esfinge%20%C3%A9%20a%20vitrine%20tecnol%C3%B3gica%20do%20Paran%C3%A1%20criada%20para%20conectar%20o%20comprador%20diretamente%20ao%20seu%20WhatsApp.%22%0A%0APodemos%20agendar%20uma%20demonstra%C3%A7%C3%A3o%20r%C3%A1pida%20sem%20compromisso%3F"
"Maringa PR";"Opção Imóveis - Imobiliária - Central de Locação";"(44) 3032-1300";"https://wa.me/554430321300?text=Ol%C3%A1%2C%20equipe%20da%20Op%C3%A7%C3%A3o%20Im%C3%B3veis%20-%20Imobili%C3%A1ria%20-%20Central%20de%20Loca%C3%A7%C3%A3o!%20Tudo%20bem%3F%0A%0AAcompanhamos%20o%20destaque%20de%20voc%C3%AAs%20no%20mercado%20imobili%C3%A1rio%20e%20gostar%C3%ADamos%20de%20convidar%20sua%20imobili%C3%A1ria%20para%20divulgar%20sua%20carteira%20de%20im%C3%B3veis%20no%20*Portal%20Esfinge%20Im%C3%B3veis*.%0A%0A%F0%9F%9B%A1%EF%B8%8F%20*Diferenciais%20para%20Imobili%C3%A1rias%3A*%0A1.%20*Zero%20Taxa%20de%20Corretagem%3A*%20Somos%20uma%20vitrine%20tecnol%C3%B3gica%20de%20aproxima%C3%A7%C3%A3o.%20O%20comprador%20%C3%A9%20100%25%20seu.%0A2.%20*Leads%20Diretos%3A*%20O%20cliente%20interessado%20clica%20no%20im%C3%B3vel%20e%20fala%20direto%20com%20o%20seu%20corretor%20no%20WhatsApp.%0A3.%20*Cadastro%20%C3%81gil%3A*%20Basta%20colar%20o%20link%20do%20seu%20an%C3%BAncio%20para%20importar%20em%20segundos.%0A%0AConhe%C3%A7a%20nosso%20portal%20oficial%3A%20https%3A%2F%2Fportalesfingeimoveis.com.br%0A%0A%22N%C3%B3s%20n%C3%A3o%20somos%20uma%20imobili%C3%A1ria%20disputando%20o%20seu%20cliente.%20O%20Portal%20Esfinge%20%C3%A9%20a%20vitrine%20tecnol%C3%B3gica%20do%20Paran%C3%A1%20criada%20para%20conectar%20o%20comprador%20diretamente%20ao%20seu%20WhatsApp.%22%0A%0APodemos%20agendar%20uma%20demonstra%C3%A7%C3%A3o%20r%C3%A1pida%20sem%20compromisso%3F"
"Maringa PR";"Ideal Imóveis Maringá";"(44) 3031-2500";"https://wa.me/554430312500?text=Ol%C3%A1%2C%20equipe%20da%20Ideal%20Im%C3%B3veis%20Maring%C3%A1!%20Tudo%20bem%3F%0A%0AAcompanhamos%20o%20destaque%20de%20voc%C3%AAs%20no%20mercado%20imobili%C3%A1rio%20e%20gostar%C3%ADamos%20de%20convidar%20sua%20imobili%C3%A1ria%20para%20divulgar%20sua%20carteira%20de%20im%C3%B3veis%20no%20*Portal%20Esfinge%20Im%C3%B3veis*.%0A%0A%F0%9F%9B%A1%EF%B8%8F%20*Diferenciais%20para%20Imobili%C3%A1rias%3A*%0A1.%20*Zero%20Taxa%20de%20Corretagem%3A*%20Somos%20uma%20vitrine%20tecnol%C3%B3gica%20de%20aproxima%C3%A7%C3%A3o.%20O%20comprador%20%C3%A9%20100%25%20seu.%0A2.%20*Leads%20Diretos%3A*%20O%20cliente%20interessado%20clica%20no%20im%C3%B3vel%20e%20fala%20direto%20com%20o%20seu%20corretor%20no%20WhatsApp.%0A3.%20*Cadastro%20%C3%81gil%3A*%20Basta%20colar%20o%20link%20do%20seu%20an%C3%BAncio%20para%20importar%20em%20segundos.%0A%0AConhe%C3%A7a%20nosso%20portal%20oficial%3A%20https%3A%2F%2Fportalesfingeimoveis.com.br%0A%0A%22N%C3%B3s%20n%C3%A3o%20somos%20uma%20imobili%C3%A1ria%20disputando%20o%20seu%20cliente.%20O%20Portal%20Esfinge%20%C3%A9%20a%20vitrine%20tecnol%C3%B3gica%20do%20Paran%C3%A1%20criada%20para%20conectar%20o%20comprador%20diretamente%20ao%20seu%20WhatsApp.%22%0A%0APodemos%20agendar%20uma%20demonstra%C3%A7%C3%A3o%20r%C3%A1pida%20sem%20compromisso%3F"
"Maringa PR";"Imobiliária Silvio Iwata";"(44) 3112-1563";"https://wa.me/554431121563?text=Ol%C3%A1%2C%20equipe%20da%20Imobili%C3%A1ria%20Silvio%20Iwata!%20Tudo%20bem%3F%0A%0AAcompanhamos%20o%20destaque%20de%20voc%C3%AAs%20no%20mercado%20imobili%C3%A1rio%20e%20gostar%C3%ADamos%20de%20convidar%20sua%20imobili%C3%A1ria%20para%20divulgar%20sua%20carteira%20de%20im%C3%B3veis%20no%20*Portal%20Esfinge%20Im%C3%B3veis*.%0A%0A%F0%9F%9B%A1%EF%B8%8F%20*Diferenciais%20para%20Imobili%C3%A1rias%3A*%0A1.%20*Zero%20Taxa%20de%20Corretagem%3A*%20Somos%20uma%20vitrine%20tecnol%C3%B3gica%20de%20aproxima%C3%A7%C3%A3o.%20O%20comprador%20%C3%A9%20100%25%20seu.%0A2.%20*Leads%20Diretos%3A*%20O%20cliente%20interessado%20clica%20no%20im%C3%B3vel%20e%20fala%20direto%20com%20o%20seu%20corretor%20no%20WhatsApp.%0A3.%20*Cadastro%20%C3%81gil%3A*%20Basta%20colar%20o%20link%20do%20seu%20an%C3%BAncio%20para%20importar%20em%20segundos.%0A%0AConhe%C3%A7a%20nosso%20portal%20oficial%3A%20https%3A%2F%2Fportalesfingeimoveis.com.br%0A%0A%22N%C3%B3s%20n%C3%A3o%20somos%20uma%20imobili%C3%A1ria%20disputando%20o%20seu%20cliente.%20O%20Portal%20Esfinge%20%C3%A9%20a%20vitrine%20tecnol%C3%B3gica%20do%20Paran%C3%A1%20criada%20para%20conectar%20o%20comprador%20diretamente%20ao%20seu%20WhatsApp.%22%0A%0APodemos%20agendar%20uma%20demonstra%C3%A7%C3%A3o%20r%C3%A1pida%20sem%20compromisso%3F"
"Maringa PR";"Massaru Imóveis - Imobiliária Maringá";"(44) 3026-4441";"https://wa.me/554430264441?text=Ol%C3%A1%2C%20equipe%20da%20Massaru%20Im%C3%B3veis%20-%20Imobili%C3%A1ria%20Maring%C3%A1!%20Tudo%20bem%3F%0A%0AAcompanhamos%20o%20destaque%20de%20voc%C3%AAs%20no%20mercado%20imobili%C3%A1rio%20e%20gostar%C3%ADamos%20de%20convidar%20sua%20imobili%C3%A1ria%20para%20divulgar%20sua%20carteira%20de%20im%C3%B3veis%20no%20*Portal%20Esfinge%20Im%C3%B3veis*.%0A%0A%F0%9F%9B%A1%EF%B8%8F%20*Diferenciais%20para%20Imobili%C3%A1rias%3A*%0A1.%20*Zero%20Taxa%20de%20Corretagem%3A*%20Somos%20uma%20vitrine%20tecnol%C3%B3gica%20de%20aproxima%C3%A7%C3%A3o.%20O%20comprador%20%C3%A9%20100%25%20seu.%0A2.%20*Leads%20Diretos%3A*%20O%20cliente%20interessado%20clica%20no%20im%C3%B3vel%20e%20fala%20direto%20com%20o%20seu%20corretor%20no%20WhatsApp.%0A3.%20*Cadastro%20%C3%81gil%3A*%20Basta%20colar%20o%20link%20do%20seu%20an%C3%BAncio%20para%20importar%20em%20segundos.%0A%0AConhe%C3%A7a%20nosso%20portal%20oficial%3A%20https%3A%2F%2Fportalesfingeimoveis.com.br%0A%0A%22N%C3%B3s%20n%C3%A3o%20somos%20uma%20imobili%C3%A1ria%20disputando%20o%20seu%20cliente.%20O%20Portal%20Esfinge%20%C3%A9%20a%20vitrine%20tecnol%C3%B3gica%20do%20Paran%C3%A1%20criada%20para%20conectar%20o%20comprador%20diretamente%20ao%20seu%20WhatsApp.%22%0A%0APodemos%20agendar%20uma%20demonstra%C3%A7%C3%A3o%20r%C3%A1pida%20sem%20compromisso%3F"
"Maringa PR";"Casa Pedro Granado Imóveis";"(44) 3222-8866";"https://wa.me/554432228866?text=Ol%C3%A1%2C%20equipe%20da%20Casa%20Pedro%20Granado%20Im%C3%B3veis!%20Tudo%20bem%3F%0A%0AAcompanhamos%20o%20destaque%20de%20voc%C3%AAs%20no%20mercado%20imobili%C3%A1rio%20e%20gostar%C3%ADamos%20de%20convidar%20sua%20imobili%C3%A1ria%20para%20divulgar%20sua%20carteira%20de%20im%C3%B3veis%20no%20*Portal%20Esfinge%20Im%C3%B3veis*.%0A%0A%F0%9F%9B%A1%EF%B8%8F%20*Diferenciais%20para%20Imobili%C3%A1rias%3A*%0A1.%20*Zero%20Taxa%20de%20Corretagem%3A*%20Somos%20uma%20vitrine%20tecnol%C3%B3gica%20de%20aproxima%C3%A7%C3%A3o.%20O%20comprador%20%C3%A9%20100%25%20seu.%0A2.%20*Leads%20Diretos%3A*%20O%20cliente%20interessado%20clica%20no%20im%C3%B3vel%20e%20fala%20direto%20com%20o%20seu%20corretor%20no%20WhatsApp.%0A3.%20*Cadastro%20%C3%81gil%3A*%20Basta%20colar%20o%20link%20do%20seu%20an%C3%BAncio%20para%20importar%20em%20segundos.%0A%0AConhe%C3%A7a%20nosso%20portal%20oficial%3A%20https%3A%2F%2Fportalesfingeimoveis.com.br%0A%0A%22N%C3%B3s%20n%C3%A3o%20somos%20uma%20imobili%C3%A1ria%20disputando%20o%20seu%20cliente.%20O%20Portal%20Esfinge%20%C3%A9%20a%20vitrine%20tecnol%C3%B3gica%20do%20Paran%C3%A1%20criada%20para%20conectar%20o%20comprador%20diretamente%20ao%20seu%20WhatsApp.%22%0A%0APodemos%20agendar%20uma%20demonstra%C3%A7%C3%A3o%20r%C3%A1pida%20sem%20compromisso%3F"
"Maringa PR";"Maringá Imóveis";"(44) 3020-0717";"https://wa.me/554430200717?text=Ol%C3%A1%2C%20equipe%20da%20Maring%C3%A1%20Im%C3%B3veis!%20Tudo%20bem%3F%0A%0AAcompanhamos%20o%20destaque%20de%20voc%C3%AAs%20no%20mercado%20imobili%C3%A1rio%20e%20gostar%C3%ADamos%20de%20convidar%20sua%20imobili%C3%A1ria%20para%20divulgar%20sua%20carteira%20de%20im%C3%B3veis%20no%20*Portal%20Esfinge%20Im%C3%B3veis*.%0A%0A%F0%9F%9B%A1%EF%B8%8F%20*Diferenciais%20para%20Imobili%C3%A1rias%3A*%0A1.%20*Zero%20Taxa%20de%20Corretagem%3A*%20Somos%20uma%20vitrine%20tecnol%C3%B3gica%20de%20aproxima%C3%A7%C3%A3o.%20O%20comprador%20%C3%A9%20100%25%20seu.%0A2.%20*Leads%20Diretos%3A*%20O%20cliente%20interessado%20clica%20no%20im%C3%B3vel%20e%20fala%20direto%20com%20o%20seu%20corretor%20no%20WhatsApp.%0A3.%20*Cadastro%20%C3%81gil%3A*%20Basta%20colar%20o%20link%20do%20seu%20an%C3%BAncio%20para%20importar%20em%20segundos.%0A%0AConhe%C3%A7a%20nosso%20portal%20oficial%3A%20https%3A%2F%2Fportalesfingeimoveis.com.br%0A%0A%22N%C3%B3s%20n%C3%A3o%20somos%20uma%20imobili%C3%A1ria%20disputando%20o%20seu%20cliente.%20O%20Portal%20Esfinge%20%C3%A9%20a%20vitrine%20tecnol%C3%B3gica%20do%20Paran%C3%A1%20criada%20para%20conectar%20o%20comprador%20diretamente%20ao%20seu%20WhatsApp.%22%0A%0APodemos%20agendar%20uma%20demonstra%C3%A7%C3%A3o%20r%C3%A1pida%20sem%20compromisso%3F"
"Maringa PR";"Opção Imóveis - Imobiliária - Central de Negócios";"(44) 3033-1300";"https://wa.me/554430331300?text=Ol%C3%A1%2C%20equipe%20da%20Op%C3%A7%C3%A3o%20Im%C3%B3veis%20-%20Imobili%C3%A1ria%20-%20Central%20de%20Neg%C3%B3cios!%20Tudo%20bem%3F%0A%0AAcompanhamos%20o%20destaque%20de%20voc%C3%AAs%20no%20mercado%20imobili%C3%A1rio%20e%20gostar%C3%ADamos%20de%20convidar%20sua%20imobili%C3%A1ria%20para%20divulgar%20sua%20carteira%20de%20im%C3%B3veis%20no%20*Portal%20Esfinge%20Im%C3%B3veis*.%0A%0A%F0%9F%9B%A1%EF%B8%8F%20*Diferenciais%20para%20Imobili%C3%A1rias%3A*%0A1.%20*Zero%20Taxa%20de%20Corretagem%3A*%20Somos%20uma%20vitrine%20tecnol%C3%B3gica%20de%20aproxima%C3%A7%C3%A3o.%20O%20comprador%20%C3%A9%20100%25%20seu.%0A2.%20*Leads%20Diretos%3A*%20O%20cliente%20interessado%20clica%20no%20im%C3%B3vel%20e%20fala%20direto%20com%20o%20seu%20corretor%20no%20WhatsApp.%0A3.%20*Cadastro%20%C3%81gil%3A*%20Basta%20colar%20o%20link%20do%20seu%20an%C3%BAncio%20para%20importar%20em%20segundos.%0A%0AConhe%C3%A7a%20nosso%20portal%20oficial%3A%20https%3A%2F%2Fportalesfingeimoveis.com.br%0A%0A%22N%C3%B3s%20n%C3%A3o%20somos%20uma%20imobili%C3%A1ria%20disputando%20o%20seu%20cliente.%20O%20Portal%20Esfinge%20%C3%A9%20a%20vitrine%20tecnol%C3%B3gica%20do%20Paran%C3%A1%20criada%20para%20conectar%20o%20comprador%20diretamente%20ao%20seu%20WhatsApp.%22%0A%0APodemos%20agendar%20uma%20demonstra%C3%A7%C3%A3o%20r%C3%A1pida%20sem%20compromisso%3F"
"Maringa PR";"Guerra Imóveis - Imobiliária em Maringá - CRECI 4186-J";"(44) 3028-6098";"https://wa.me/554430286098?text=Ol%C3%A1%2C%20equipe%20da%20Guerra%20Im%C3%B3veis%20-%20Imobili%C3%A1ria%20em%20Maring%C3%A1%20-%20CRECI%204186-J!%20Tudo%20bem%3F%0A%0AAcompanhamos%20o%20destaque%20de%20voc%C3%AAs%20no%20mercado%20imobili%C3%A1rio%20e%20gostar%C3%ADamos%20de%20convidar%20sua%20imobili%C3%A1ria%20para%20divulgar%20sua%20carteira%20de%20im%C3%B3veis%20no%20*Portal%20Esfinge%20Im%C3%B3veis*.%0A%0A%F0%9F%9B%A1%EF%B8%8F%20*Diferenciais%20para%20Imobili%C3%A1rias%3A*%0A1.%20*Zero%20Taxa%20de%20Corretagem%3A*%20Somos%20uma%20vitrine%20tecnol%C3%B3gica%20de%20aproxima%C3%A7%C3%A3o.%20O%20comprador%20%C3%A9%20100%25%20seu.%0A2.%20*Leads%20Diretos%3A*%20O%20cliente%20interessado%20clica%20no%20im%C3%B3vel%20e%20fala%20direto%20com%20o%20seu%20corretor%20no%20WhatsApp.%0A3.%20*Cadastro%20%C3%81gil%3A*%20Basta%20colar%20o%20link%20do%20seu%20an%C3%BAncio%20para%20importar%20em%20segundos.%0A%0AConhe%C3%A7a%20nosso%20portal%20oficial%3A%20https%3A%2F%2Fportalesfingeimoveis.com.br%0A%0A%22N%C3%B3s%20n%C3%A3o%20somos%20uma%20imobili%C3%A1ria%20disputando%20o%20seu%20cliente.%20O%20Portal%20Esfinge%20%C3%A9%20a%20vitrine%20tecnol%C3%B3gica%20do%20Paran%C3%A1%20criada%20para%20conectar%20o%20comprador%20diretamente%20ao%20seu%20WhatsApp.%22%0A%0APodemos%20agendar%20uma%20demonstra%C3%A7%C3%A3o%20r%C3%A1pida%20sem%20compromisso%3F"
"Maringa PR";"Viana Imóveis - A sua Imobiliária em Maringá";"(44) 3029-8585";"https://wa.me/554430298585?text=Ol%C3%A1%2C%20equipe%20da%20Viana%20Im%C3%B3veis%20-%20A%20sua%20Imobili%C3%A1ria%20em%20Maring%C3%A1!%20Tudo%20bem%3F%0A%0AAcompanhamos%20o%20destaque%20de%20voc%C3%AAs%20no%20mercado%20imobili%C3%A1rio%20e%20gostar%C3%ADamos%20de%20convidar%20sua%20imobili%C3%A1ria%20para%20divulgar%20sua%20carteira%20de%20im%C3%B3veis%20no%20*Portal%20Esfinge%20Im%C3%B3veis*.%0A%0A%F0%9F%9B%A1%EF%B8%8F%20*Diferenciais%20para%20Imobili%C3%A1rias%3A*%0A1.%20*Zero%20Taxa%20de%20Corretagem%3A*%20Somos%20uma%20vitrine%20tecnol%C3%B3gica%20de%20aproxima%C3%A7%C3%A3o.%20O%20comprador%20%C3%A9%20100%25%20seu.%0A2.%20*Leads%20Diretos%3A*%20O%20cliente%20interessado%20clica%20no%20im%C3%B3vel%20e%20fala%20direto%20com%20o%20seu%20corretor%20no%20WhatsApp.%0A3.%20*Cadastro%20%C3%81gil%3A*%20Basta%20colar%20o%20link%20do%20seu%20an%C3%BAncio%20para%20importar%20em%20segundos.%0A%0AConhe%C3%A7a%20nosso%20portal%20oficial%3A%20https%3A%2F%2Fportalesfingeimoveis.com.br%0A%0A%22N%C3%B3s%20n%C3%A3o%20somos%20uma%20imobili%C3%A1ria%20disputando%20o%20seu%20cliente.%20O%20Portal%20Esfinge%20%C3%A9%20a%20vitrine%20tecnol%C3%B3gica%20do%20Paran%C3%A1%20criada%20para%20conectar%20o%20comprador%20diretamente%20ao%20seu%20WhatsApp.%22%0A%0APodemos%20agendar%20uma%20demonstra%C3%A7%C3%A3o%20r%C3%A1pida%20sem%20compromisso%3F"
"Maringa PR";"Imobiliária Winner";"Ver no Google Maps";"Telefone móvel não identificado"
"Maringa PR";"Bellakaza - Imobiliária em Maringá";"(44) 3032-3100";"https://wa.me/554430323100?text=Ol%C3%A1%2C%20equipe%20da%20Bellakaza%20-%20Imobili%C3%A1ria%20em%20Maring%C3%A1!%20Tudo%20bem%3F%0A%0AAcompanhamos%20o%20destaque%20de%20voc%C3%AAs%20no%20mercado%20imobili%C3%A1rio%20e%20gostar%C3%ADamos%20de%20convidar%20sua%20imobili%C3%A1ria%20para%20divulgar%20sua%20carteira%20de%20im%C3%B3veis%20no%20*Portal%20Esfinge%20Im%C3%B3veis*.%0A%0A%F0%9F%9B%A1%EF%B8%8F%20*Diferenciais%20para%20Imobili%C3%A1rias%3A*%0A1.%20*Zero%20Taxa%20de%20Corretagem%3A*%20Somos%20uma%20vitrine%20tecnol%C3%B3gica%20de%20aproxima%C3%A7%C3%A3o.%20O%20comprador%20%C3%A9%20100%25%20seu.%0A2.%20*Leads%20Diretos%3A*%20O%20cliente%20interessado%20clica%20no%20im%C3%B3vel%20e%20fala%20direto%20com%20o%20seu%20corretor%20no%20WhatsApp.%0A3.%20*Cadastro%20%C3%81gil%3A*%20Basta%20colar%20o%20link%20do%20seu%20an%C3%BAncio%20para%20importar%20em%20segundos.%0A%0AConhe%C3%A7a%20nosso%20portal%20oficial%3A%20https%3A%2F%2Fportalesfingeimoveis.com.br%0A%0A%22N%C3%B3s%20n%C3%A3o%20somos%20uma%20imobili%C3%A1ria%20disputando%20o%20seu%20cliente.%20O%20Portal%20Esfinge%20%C3%A9%20a%20vitrine%20tecnol%C3%B3gica%20do%20Paran%C3%A1%20criada%20para%20conectar%20o%20comprador%20diretamente%20ao%20seu%20WhatsApp.%22%0A%0APodemos%20agendar%20uma%20demonstra%C3%A7%C3%A3o%20r%C3%A1pida%20sem%20compromisso%3F"
"Maringa PR";"Imobiliária Abrão";"(44) 3029-0013";"https://wa.me/554430290013?text=Ol%C3%A1%2C%20equipe%20da%20Imobili%C3%A1ria%20Abr%C3%A3o!%20Tudo%20bem%3F%0A%0AAcompanhamos%20o%20destaque%20de%20voc%C3%AAs%20no%20mercado%20imobili%C3%A1rio%20e%20gostar%C3%ADamos%20de%20convidar%20sua%20imobili%C3%A1ria%20para%20divulgar%20sua%20carteira%20de%20im%C3%B3veis%20no%20*Portal%20Esfinge%20Im%C3%B3veis*.%0A%0A%F0%9F%9B%A1%EF%B8%8F%20*Diferenciais%20para%20Imobili%C3%A1rias%3A*%0A1.%20*Zero%20Taxa%20de%20Corretagem%3A*%20Somos%20uma%20vitrine%20tecnol%C3%B3gica%20de%20aproxima%C3%A7%C3%A3o.%20O%20comprador%20%C3%A9%20100%25%20seu.%0A2.%20*Leads%20Diretos%3A*%20O%20cliente%20interessado%20clica%20no%20im%C3%B3vel%20e%20fala%20direto%20com%20o%20seu%20corretor%20no%20WhatsApp.%0A3.%20*Cadastro%20%C3%81gil%3A*%20Basta%20colar%20o%20link%20do%20seu%20an%C3%BAncio%20para%20importar%20em%20segundos.%0A%0AConhe%C3%A7a%20nosso%20portal%20oficial%3A%20https%3A%2F%2Fportalesfingeimoveis.com.br%0A%0A%22N%C3%B3s%20n%C3%A3o%20somos%20uma%20imobili%C3%A1ria%20disputando%20o%20seu%20cliente.%20O%20Portal%20Esfinge%20%C3%A9%20a%20vitrine%20tecnol%C3%B3gica%20do%20Paran%C3%A1%20criada%20para%20conectar%20o%20comprador%20diretamente%20ao%20seu%20WhatsApp.%22%0A%0APodemos%20agendar%20uma%20demonstra%C3%A7%C3%A3o%20r%C3%A1pida%20sem%20compromisso%3F"
"Maringa PR";"Shimizu Imóveis";"(44) 3293-0481";"https://wa.me/554432930481?text=Ol%C3%A1%2C%20equipe%20da%20Shimizu%20Im%C3%B3veis!%20Tudo%20bem%3F%0A%0AAcompanhamos%20o%20destaque%20de%20voc%C3%AAs%20no%20mercado%20imobili%C3%A1rio%20e%20gostar%C3%ADamos%20de%20convidar%20sua%20imobili%C3%A1ria%20para%20divulgar%20sua%20carteira%20de%20im%C3%B3veis%20no%20*Portal%20Esfinge%20Im%C3%B3veis*.%0A%0A%F0%9F%9B%A1%EF%B8%8F%20*Diferenciais%20para%20Imobili%C3%A1rias%3A*%0A1.%20*Zero%20Taxa%20de%20Corretagem%3A*%20Somos%20uma%20vitrine%20tecnol%C3%B3gica%20de%20aproxima%C3%A7%C3%A3o.%20O%20comprador%20%C3%A9%20100%25%20seu.%0A2.%20*Leads%20Diretos%3A*%20O%20cliente%20interessado%20clica%20no%20im%C3%B3vel%20e%20fala%20direto%20com%20o%20seu%20corretor%20no%20WhatsApp.%0A3.%20*Cadastro%20%C3%81gil%3A*%20Basta%20colar%20o%20link%20do%20seu%20an%C3%BAncio%20para%20importar%20em%20segundos.%0A%0AConhe%C3%A7a%20nosso%20portal%20oficial%3A%20https%3A%2F%2Fportalesfingeimoveis.com.br%0A%0A%22N%C3%B3s%20n%C3%A3o%20somos%20uma%20imobili%C3%A1ria%20disputando%20o%20seu%20cliente.%20O%20Portal%20Esfinge%20%C3%A9%20a%20vitrine%20tecnol%C3%B3gica%20do%20Paran%C3%A1%20criada%20para%20conectar%20o%20comprador%20diretamente%20ao%20seu%20WhatsApp.%22%0A%0APodemos%20agendar%20uma%20demonstra%C3%A7%C3%A3o%20r%C3%A1pida%20sem%20compromisso%3F"
"Maringa PR";"Granado Imóveis - João Granado";"(44) 4009-1999";"https://wa.me/554440091999?text=Ol%C3%A1%2C%20equipe%20da%20Granado%20Im%C3%B3veis%20-%20Jo%C3%A3o%20Granado!%20Tudo%20bem%3F%0A%0AAcompanhamos%20o%20destaque%20de%20voc%C3%AAs%20no%20mercado%20imobili%C3%A1rio%20e%20gostar%C3%ADamos%20de%20convidar%20sua%20imobili%C3%A1ria%20para%20divulgar%20sua%20carteira%20de%20im%C3%B3veis%20no%20*Portal%20Esfinge%20Im%C3%B3veis*.%0A%0A%F0%9F%9B%A1%EF%B8%8F%20*Diferenciais%20para%20Imobili%C3%A1rias%3A*%0A1.%20*Zero%20Taxa%20de%20Corretagem%3A*%20Somos%20uma%20vitrine%20tecnol%C3%B3gica%20de%20aproxima%C3%A7%C3%A3o.%20O%20comprador%20%C3%A9%20100%25%20seu.%0A2.%20*Leads%20Diretos%3A*%20O%20cliente%20interessado%20clica%20no%20im%C3%B3vel%20e%20fala%20direto%20com%20o%20seu%20corretor%20no%20WhatsApp.%0A3.%20*Cadastro%20%C3%81gil%3A*%20Basta%20colar%20o%20link%20do%20seu%20an%C3%BAncio%20para%20importar%20em%20segundos.%0A%0AConhe%C3%A7a%20nosso%20portal%20oficial%3A%20https%3A%2F%2Fportalesfingeimoveis.com.br%0A%0A%22N%C3%B3s%20n%C3%A3o%20somos%20uma%20imobili%C3%A1ria%20disputando%20o%20seu%20cliente.%20O%20Portal%20Esfinge%20%C3%A9%20a%20vitrine%20tecnol%C3%B3gica%20do%20Paran%C3%A1%20criada%20para%20conectar%20o%20comprador%20diretamente%20ao%20seu%20WhatsApp.%22%0A%0APodemos%20agendar%20uma%20demonstra%C3%A7%C3%A3o%20r%C3%A1pida%20sem%20compromisso%3F"
"Maringa PR";"Imobiliária Zanoni";"(44) 3025-2696";"https://wa.me/554430252696?text=Ol%C3%A1%2C%20equipe%20da%20Imobili%C3%A1ria%20Zanoni!%20Tudo%20bem%3F%0A%0AAcompanhamos%20o%20destaque%20de%20voc%C3%AAs%20no%20mercado%20imobili%C3%A1rio%20e%20gostar%C3%ADamos%20de%20convidar%20sua%20imobili%C3%A1ria%20para%20divulgar%20sua%20carteira%20de%20im%C3%B3veis%20no%20*Portal%20Esfinge%20Im%C3%B3veis*.%0A%0A%F0%9F%9B%A1%EF%B8%8F%20*Diferenciais%20para%20Imobili%C3%A1rias%3A*%0A1.%20*Zero%20Taxa%20de%20Corretagem%3A*%20Somos%20uma%20vitrine%20tecnol%C3%B3gica%20de%20aproxima%C3%A7%C3%A3o.%20O%20comprador%20%C3%A9%20100%25%20seu.%0A2.%20*Leads%20Diretos%3A*%20O%20cliente%20interessado%20clica%20no%20im%C3%B3vel%20e%20fala%20direto%20com%20o%20seu%20corretor%20no%20WhatsApp.%0A3.%20*Cadastro%20%C3%81gil%3A*%20Basta%20colar%20o%20link%20do%20seu%20an%C3%BAncio%20para%20importar%20em%20segundos.%0A%0AConhe%C3%A7a%20nosso%20portal%20oficial%3A%20https%3A%2F%2Fportalesfingeimoveis.com.br%0A%0A%22N%C3%B3s%20n%C3%A3o%20somos%20uma%20imobili%C3%A1ria%20disputando%20o%20seu%20cliente.%20O%20Portal%20Esfinge%20%C3%A9%20a%20vitrine%20tecnol%C3%B3gica%20do%20Paran%C3%A1%20criada%20para%20conectar%20o%20comprador%20diretamente%20ao%20seu%20WhatsApp.%22%0A%0APodemos%20agendar%20uma%20demonstra%C3%A7%C3%A3o%20r%C3%A1pida%20sem%20compromisso%3F"
"Maringa PR";"Imobiliária Santa Catarina";"(44) 3226-4434";"https://wa.me/554432264434?text=Ol%C3%A1%2C%20equipe%20da%20Imobili%C3%A1ria%20Santa%20Catarina!%20Tudo%20bem%3F%0A%0AAcompanhamos%20o%20destaque%20de%20voc%C3%AAs%20no%20mercado%20imobili%C3%A1rio%20e%20gostar%C3%ADamos%20de%20convidar%20sua%20imobili%C3%A1ria%20para%20divulgar%20sua%20carteira%20de%20im%C3%B3veis%20no%20*Portal%20Esfinge%20Im%C3%B3veis*.%0A%0A%F0%9F%9B%A1%EF%B8%8F%20*Diferenciais%20para%20Imobili%C3%A1rias%3A*%0A1.%20*Zero%20Taxa%20de%20Corretagem%3A*%20Somos%20uma%20vitrine%20tecnol%C3%B3gica%20de%20aproxima%C3%A7%C3%A3o.%20O%20comprador%20%C3%A9%20100%25%20seu.%0A2.%20*Leads%20Diretos%3A*%20O%20cliente%20interessado%20clica%20no%20im%C3%B3vel%20e%20fala%20direto%20com%20o%20seu%20corretor%20no%20WhatsApp.%0A3.%20*Cadastro%20%C3%81gil%3A*%20Basta%20colar%20o%20link%20do%20seu%20an%C3%BAncio%20para%20importar%20em%20segundos.%0A%0AConhe%C3%A7a%20nosso%20portal%20oficial%3A%20https%3A%2F%2Fportalesfingeimoveis.com.br%0A%0A%22N%C3%B3s%20n%C3%A3o%20somos%20uma%20imobili%C3%A1ria%20disputando%20o%20seu%20cliente.%20O%20Portal%20Esfinge%20%C3%A9%20a%20vitrine%20tecnol%C3%B3gica%20do%20Paran%C3%A1%20criada%20para%20conectar%20o%20comprador%20diretamente%20ao%20seu%20WhatsApp.%22%0A%0APodemos%20agendar%20uma%20demonstra%C3%A7%C3%A3o%20r%C3%A1pida%20sem%20compromisso%3F"
"Maringa PR";"Prado Imóveis - Imobiliária";"(44) 3222-2002";"https://wa.me/554432222002?text=Ol%C3%A1%2C%20equipe%20da%20Prado%20Im%C3%B3veis%20-%20Imobili%C3%A1ria!%20Tudo%20bem%3F%0A%0AAcompanhamos%20o%20destaque%20de%20voc%C3%AAs%20no%20mercado%20imobili%C3%A1rio%20e%20gostar%C3%ADamos%20de%20convidar%20sua%20imobili%C3%A1ria%20para%20divulgar%20sua%20carteira%20de%20im%C3%B3veis%20no%20*Portal%20Esfinge%20Im%C3%B3veis*.%0A%0A%F0%9F%9B%A1%EF%B8%8F%20*Diferenciais%20para%20Imobili%C3%A1rias%3A*%0A1.%20*Zero%20Taxa%20de%20Corretagem%3A*%20Somos%20uma%20vitrine%20tecnol%C3%B3gica%20de%20aproxima%C3%A7%C3%A3o.%20O%20comprador%20%C3%A9%20100%25%20seu.%0A2.%20*Leads%20Diretos%3A*%20O%20cliente%20interessado%20clica%20no%20im%C3%B3vel%20e%20fala%20direto%20com%20o%20seu%20corretor%20no%20WhatsApp.%0A3.%20*Cadastro%20%C3%81gil%3A*%20Basta%20colar%20o%20link%20do%20seu%20an%C3%BAncio%20para%20importar%20em%20segundos.%0A%0AConhe%C3%A7a%20nosso%20portal%20oficial%3A%20https%3A%2F%2Fportalesfingeimoveis.com.br%0A%0A%22N%C3%B3s%20n%C3%A3o%20somos%20uma%20imobili%C3%A1ria%20disputando%20o%20seu%20cliente.%20O%20Portal%20Esfinge%20%C3%A9%20a%20vitrine%20tecnol%C3%B3gica%20do%20Paran%C3%A1%20criada%20para%20conectar%20o%20comprador%20diretamente%20ao%20seu%20WhatsApp.%22%0A%0APodemos%20agendar%20uma%20demonstra%C3%A7%C3%A3o%20r%C3%A1pida%20sem%20compromisso%3F"
"Maringa PR";"Dubai Imóveis Maringá";"(44) 3354-6400";"https://wa.me/554433546400?text=Ol%C3%A1%2C%20equipe%20da%20Dubai%20Im%C3%B3veis%20Maring%C3%A1!%20Tudo%20bem%3F%0A%0AAcompanhamos%20o%20destaque%20de%20voc%C3%AAs%20no%20mercado%20imobili%C3%A1rio%20e%20gostar%C3%ADamos%20de%20convidar%20sua%20imobili%C3%A1ria%20para%20divulgar%20sua%20carteira%20de%20im%C3%B3veis%20no%20*Portal%20Esfinge%20Im%C3%B3veis*.%0A%0A%F0%9F%9B%A1%EF%B8%8F%20*Diferenciais%20para%20Imobili%C3%A1rias%3A*%0A1.%20*Zero%20Taxa%20de%20Corretagem%3A*%20Somos%20uma%20vitrine%20tecnol%C3%B3gica%20de%20aproxima%C3%A7%C3%A3o.%20O%20comprador%20%C3%A9%20100%25%20seu.%0A2.%20*Leads%20Diretos%3A*%20O%20cliente%20interessado%20clica%20no%20im%C3%B3vel%20e%20fala%20direto%20com%20o%20seu%20corretor%20no%20WhatsApp.%0A3.%20*Cadastro%20%C3%81gil%3A*%20Basta%20colar%20o%20link%20do%20seu%20an%C3%BAncio%20para%20importar%20em%20segundos.%0A%0AConhe%C3%A7a%20nosso%20portal%20oficial%3A%20https%3A%2F%2Fportalesfingeimoveis.com.br%0A%0A%22N%C3%B3s%20n%C3%A3o%20somos%20uma%20imobili%C3%A1ria%20disputando%20o%20seu%20cliente.%20O%20Portal%20Esfinge%20%C3%A9%20a%20vitrine%20tecnol%C3%B3gica%20do%20Paran%C3%A1%20criada%20para%20conectar%20o%20comprador%20diretamente%20ao%20seu%20WhatsApp.%22%0A%0APodemos%20agendar%20uma%20demonstra%C3%A7%C3%A3o%20r%C3%A1pida%20sem%20compromisso%3F"
"Maringa PR";"Jhony Cresio Imóveis";"(44) 99919-8381";"https://wa.me/5544999198381?text=Ol%C3%A1%2C%20equipe%20da%20Jhony%20Cresio%20Im%C3%B3veis!%20Tudo%20bem%3F%0A%0AAcompanhamos%20o%20destaque%20de%20voc%C3%AAs%20no%20mercado%20imobili%C3%A1rio%20e%20gostar%C3%ADamos%20de%20convidar%20sua%20imobili%C3%A1ria%20para%20divulgar%20sua%20carteira%20de%20im%C3%B3veis%20no%20*Portal%20Esfinge%20Im%C3%B3veis*.%0A%0A%F0%9F%9B%A1%EF%B8%8F%20*Diferenciais%20para%20Imobili%C3%A1rias%3A*%0A1.%20*Zero%20Taxa%20de%20Corretagem%3A*%20Somos%20uma%20vitrine%20tecnol%C3%B3gica%20de%20aproxima%C3%A7%C3%A3o.%20O%20comprador%20%C3%A9%20100%25%20seu.%0A2.%20*Leads%20Diretos%3A*%20O%20cliente%20interessado%20clica%20no%20im%C3%B3vel%20e%20fala%20direto%20com%20o%20seu%20corretor%20no%20WhatsApp.%0A3.%20*Cadastro%20%C3%81gil%3A*%20Basta%20colar%20o%20link%20do%20seu%20an%C3%BAncio%20para%20importar%20em%20segundos.%0A%0AConhe%C3%A7a%20nosso%20portal%20oficial%3A%20https%3A%2F%2Fportalesfingeimoveis.com.br%0A%0A%22N%C3%B3s%20n%C3%A3o%20somos%20uma%20imobili%C3%A1ria%20disputando%20o%20seu%20cliente.%20O%20Portal%20Esfinge%20%C3%A9%20a%20vitrine%20tecnol%C3%B3gica%20do%20Paran%C3%A1%20criada%20para%20conectar%20o%20comprador%20diretamente%20ao%20seu%20WhatsApp.%22%0A%0APodemos%20agendar%20uma%20demonstra%C3%A7%C3%A3o%20r%C3%A1pida%20sem%20compromisso%3F"
"Maringa PR";"Shalom Negocios Imobiliários";"(44) 99808-9928";"https://wa.me/5544998089928?text=Ol%C3%A1%2C%20equipe%20da%20Shalom%20Negocios%20Imobili%C3%A1rios!%20Tudo%20bem%3F%0A%0AAcompanhamos%20o%20destaque%20de%20voc%C3%AAs%20no%20mercado%20imobili%C3%A1rio%20e%20gostar%C3%ADamos%20de%20convidar%20sua%20imobili%C3%A1ria%20para%20divulgar%20sua%20carteira%20de%20im%C3%B3veis%20no%20*Portal%20Esfinge%20Im%C3%B3veis*.%0A%0A%F0%9F%9B%A1%EF%B8%8F%20*Diferenciais%20para%20Imobili%C3%A1rias%3A*%0A1.%20*Zero%20Taxa%20de%20Corretagem%3A*%20Somos%20uma%20vitrine%20tecnol%C3%B3gica%20de%20aproxima%C3%A7%C3%A3o.%20O%20comprador%20%C3%A9%20100%25%20seu.%0A2.%20*Leads%20Diretos%3A*%20O%20cliente%20interessado%20clica%20no%20im%C3%B3vel%20e%20fala%20direto%20com%20o%20seu%20corretor%20no%20WhatsApp.%0A3.%20*Cadastro%20%C3%81gil%3A*%20Basta%20colar%20o%20link%20do%20seu%20an%C3%BAncio%20para%20importar%20em%20segundos.%0A%0AConhe%C3%A7a%20nosso%20portal%20oficial%3A%20https%3A%2F%2Fportalesfingeimoveis.com.br%0A%0A%22N%C3%B3s%20n%C3%A3o%20somos%20uma%20imobili%C3%A1ria%20disputando%20o%20seu%20cliente.%20O%20Portal%20Esfinge%20%C3%A9%20a%20vitrine%20tecnol%C3%B3gica%20do%20Paran%C3%A1%20criada%20para%20conectar%20o%20comprador%20diretamente%20ao%20seu%20WhatsApp.%22%0A%0APodemos%20agendar%20uma%20demonstra%C3%A7%C3%A3o%20r%C3%A1pida%20sem%20compromisso%3F"
"Maringa PR";"Shalom Negocios Imobiliários";"(44) 99808-9928";"https://wa.me/5544998089928?text=Ol%C3%A1%2C%20equipe%20da%20Shalom%20Negocios%20Imobili%C3%A1rios!%20Tudo%20bem%3F%0A%0AAcompanhamos%20o%20destaque%20de%20voc%C3%AAs%20no%20mercado%20imobili%C3%A1rio%20e%20gostar%C3%ADamos%20de%20convidar%20sua%20imobili%C3%A1ria%20para%20divulgar%20sua%20carteira%20de%20im%C3%B3veis%20no%20*Portal%20Esfinge%20Im%C3%B3veis*.%0A%0A%F0%9F%9B%A1%EF%B8%8F%20*Diferenciais%20para%20Imobili%C3%A1rias%3A*%0A1.%20*Zero%20Taxa%20de%20Corretagem%3A*%20Somos%20uma%20vitrine%20tecnol%C3%B3gica%20de%20aproxima%C3%A7%C3%A3o.%20O%20comprador%20%C3%A9%20100%25%20seu.%0A2.%20*Leads%20Diretos%3A*%20O%20cliente%20interessado%20clica%20no%20im%C3%B3vel%20e%20fala%20direto%20com%20o%20seu%20corretor%20no%20WhatsApp.%0A3.%20*Cadastro%20%C3%81gil%3A*%20Basta%20colar%20o%20link%20do%20seu%20an%C3%BAncio%20para%20importar%20em%20segundos.%0A%0AConhe%C3%A7a%20nosso%20portal%20oficial%3A%20https%3A%2F%2Fportalesfingeimoveis.com.br%0A%0A%22N%C3%B3s%20n%C3%A3o%20somos%20uma%20imobili%C3%A1ria%20disputando%20o%20seu%20cliente.%20O%20Portal%20Esfinge%20%C3%A9%20a%20vitrine%20tecnol%C3%B3gica%20do%20Paran%C3%A1%20criada%20para%20conectar%20o%20comprador%20diretamente%20ao%20seu%20WhatsApp.%22%0A%0APodemos%20agendar%20uma%20demonstra%C3%A7%C3%A3o%20r%C3%A1pida%20sem%20compromisso%3F"
"Maringa PR";"Alte Imobiliária";"(44) 3031-7071";"https://wa.me/554430317071?text=Ol%C3%A1%2C%20equipe%20da%20Alte%20Imobili%C3%A1ria!%20Tudo%20bem%3F%0A%0AAcompanhamos%20o%20destaque%20de%20voc%C3%AAs%20no%20mercado%20imobili%C3%A1rio%20e%20gostar%C3%ADamos%20de%20convidar%20sua%20imobili%C3%A1ria%20para%20divulgar%20sua%20carteira%20de%20im%C3%B3veis%20no%20*Portal%20Esfinge%20Im%C3%B3veis*.%0A%0A%F0%9F%9B%A1%EF%B8%8F%20*Diferenciais%20para%20Imobili%C3%A1rias%3A*%0A1.%20*Zero%20Taxa%20de%20Corretagem%3A*%20Somos%20uma%20vitrine%20tecnol%C3%B3gica%20de%20aproxima%C3%A7%C3%A3o.%20O%20comprador%20%C3%A9%20100%25%20seu.%0A2.%20*Leads%20Diretos%3A*%20O%20cliente%20interessado%20clica%20no%20im%C3%B3vel%20e%20fala%20direto%20com%20o%20seu%20corretor%20no%20WhatsApp.%0A3.%20*Cadastro%20%C3%81gil%3A*%20Basta%20colar%20o%20link%20do%20seu%20an%C3%BAncio%20para%20importar%20em%20segundos.%0A%0AConhe%C3%A7a%20nosso%20portal%20oficial%3A%20https%3A%2F%2Fportalesfingeimoveis.com.br%0A%0A%22N%C3%B3s%20n%C3%A3o%20somos%20uma%20imobili%C3%A1ria%20disputando%20o%20seu%20cliente.%20O%20Portal%20Esfinge%20%C3%A9%20a%20vitrine%20tecnol%C3%B3gica%20do%20Paran%C3%A1%20criada%20para%20conectar%20o%20comprador%20diretamente%20ao%20seu%20WhatsApp.%22%0A%0APodemos%20agendar%20uma%20demonstra%C3%A7%C3%A3o%20r%C3%A1pida%20sem%20compromisso%3F"
"Maringa PR";"Medeiros Imobiliária";"(44) 98801-4835";"https://wa.me/5544988014835?text=Ol%C3%A1%2C%20equipe%20da%20Medeiros%20Imobili%C3%A1ria!%20Tudo%20bem%3F%0A%0AAcompanhamos%20o%20destaque%20de%20voc%C3%AAs%20no%20mercado%20imobili%C3%A1rio%20e%20gostar%C3%ADamos%20de%20convidar%20sua%20imobili%C3%A1ria%20para%20divulgar%20sua%20carteira%20de%20im%C3%B3veis%20no%20*Portal%20Esfinge%20Im%C3%B3veis*.%0A%0A%F0%9F%9B%A1%EF%B8%8F%20*Diferenciais%20para%20Imobili%C3%A1rias%3A*%0A1.%20*Zero%20Taxa%20de%20Corretagem%3A*%20Somos%20uma%20vitrine%20tecnol%C3%B3gica%20de%20aproxima%C3%A7%C3%A3o.%20O%20comprador%20%C3%A9%20100%25%20seu.%0A2.%20*Leads%20Diretos%3A*%20O%20cliente%20interessado%20clica%20no%20im%C3%B3vel%20e%20fala%20direto%20com%20o%20seu%20corretor%20no%20WhatsApp.%0A3.%20*Cadastro%20%C3%81gil%3A*%20Basta%20colar%20o%20link%20do%20seu%20an%C3%BAncio%20para%20importar%20em%20segundos.%0A%0AConhe%C3%A7a%20nosso%20portal%20oficial%3A%20https%3A%2F%2Fportalesfingeimoveis.com.br%0A%0A%22N%C3%B3s%20n%C3%A3o%20somos%20uma%20imobili%C3%A1ria%20disputando%20o%20seu%20cliente.%20O%20Portal%20Esfinge%20%C3%A9%20a%20vitrine%20tecnol%C3%B3gica%20do%20Paran%C3%A1%20criada%20para%20conectar%20o%20comprador%20diretamente%20ao%20seu%20WhatsApp.%22%0A%0APodemos%20agendar%20uma%20demonstra%C3%A7%C3%A3o%20r%C3%A1pida%20sem%20compromisso%3F"
"Maringa PR";"Soma Soluções Imobiliárias";"(44) 3031-0516";"https://wa.me/554430310516?text=Ol%C3%A1%2C%20equipe%20da%20Soma%20Solu%C3%A7%C3%B5es%20Imobili%C3%A1rias!%20Tudo%20bem%3F%0A%0AAcompanhamos%20o%20destaque%20de%20voc%C3%AAs%20no%20mercado%20imobili%C3%A1rio%20e%20gostar%C3%ADamos%20de%20convidar%20sua%20imobili%C3%A1ria%20para%20divulgar%20sua%20carteira%20de%20im%C3%B3veis%20no%20*Portal%20Esfinge%20Im%C3%B3veis*.%0A%0A%F0%9F%9B%A1%EF%B8%8F%20*Diferenciais%20para%20Imobili%C3%A1rias%3A*%0A1.%20*Zero%20Taxa%20de%20Corretagem%3A*%20Somos%20uma%20vitrine%20tecnol%C3%B3gica%20de%20aproxima%C3%A7%C3%A3o.%20O%20comprador%20%C3%A9%20100%25%20seu.%0A2.%20*Leads%20Diretos%3A*%20O%20cliente%20interessado%20clica%20no%20im%C3%B3vel%20e%20fala%20direto%20com%20o%20seu%20corretor%20no%20WhatsApp.%0A3.%20*Cadastro%20%C3%81gil%3A*%20Basta%20colar%20o%20link%20do%20seu%20an%C3%BAncio%20para%20importar%20em%20segundos.%0A%0AConhe%C3%A7a%20nosso%20portal%20oficial%3A%20https%3A%2F%2Fportalesfingeimoveis.com.br%0A%0A%22N%C3%B3s%20n%C3%A3o%20somos%20uma%20imobili%C3%A1ria%20disputando%20o%20seu%20cliente.%20O%20Portal%20Esfinge%20%C3%A9%20a%20vitrine%20tecnol%C3%B3gica%20do%20Paran%C3%A1%20criada%20para%20conectar%20o%20comprador%20diretamente%20ao%20seu%20WhatsApp.%22%0A%0APodemos%20agendar%20uma%20demonstra%C3%A7%C3%A3o%20r%C3%A1pida%20sem%20compromisso%3F"
"Maringa PR";"Imobiliária Morada do Sol";"(44) 3226-5351";"https://wa.me/554432265351?text=Ol%C3%A1%2C%20equipe%20da%20Imobili%C3%A1ria%20Morada%20do%20Sol!%20Tudo%20bem%3F%0A%0AAcompanhamos%20o%20destaque%20de%20voc%C3%AAs%20no%20mercado%20imobili%C3%A1rio%20e%20gostar%C3%ADamos%20de%20convidar%20sua%20imobili%C3%A1ria%20para%20divulgar%20sua%20carteira%20de%20im%C3%B3veis%20no%20*Portal%20Esfinge%20Im%C3%B3veis*.%0A%0A%F0%9F%9B%A1%EF%B8%8F%20*Diferenciais%20para%20Imobili%C3%A1rias%3A*%0A1.%20*Zero%20Taxa%20de%20Corretagem%3A*%20Somos%20uma%20vitrine%20tecnol%C3%B3gica%20de%20aproxima%C3%A7%C3%A3o.%20O%20comprador%20%C3%A9%20100%25%20seu.%0A2.%20*Leads%20Diretos%3A*%20O%20cliente%20interessado%20clica%20no%20im%C3%B3vel%20e%20fala%20direto%20com%20o%20seu%20corretor%20no%20WhatsApp.%0A3.%20*Cadastro%20%C3%81gil%3A*%20Basta%20colar%20o%20link%20do%20seu%20an%C3%BAncio%20para%20importar%20em%20segundos.%0A%0AConhe%C3%A7a%20nosso%20portal%20oficial%3A%20https%3A%2F%2Fportalesfingeimoveis.com.br%0A%0A%22N%C3%B3s%20n%C3%A3o%20somos%20uma%20imobili%C3%A1ria%20disputando%20o%20seu%20cliente.%20O%20Portal%20Esfinge%20%C3%A9%20a%20vitrine%20tecnol%C3%B3gica%20do%20Paran%C3%A1%20criada%20para%20conectar%20o%20comprador%20diretamente%20ao%20seu%20WhatsApp.%22%0A%0APodemos%20agendar%20uma%20demonstra%C3%A7%C3%A3o%20r%C3%A1pida%20sem%20compromisso%3F"
"Maringa PR";"Imobiliária Casa Nova";"(44) 3222-1170";"https://wa.me/554432221170?text=Ol%C3%A1%2C%20equipe%20da%20Imobili%C3%A1ria%20Casa%20Nova!%20Tudo%20bem%3F%0A%0AAcompanhamos%20o%20destaque%20de%20voc%C3%AAs%20no%20mercado%20imobili%C3%A1rio%20e%20gostar%C3%ADamos%20de%20convidar%20sua%20imobili%C3%A1ria%20para%20divulgar%20sua%20carteira%20de%20im%C3%B3veis%20no%20*Portal%20Esfinge%20Im%C3%B3veis*.%0A%0A%F0%9F%9B%A1%EF%B8%8F%20*Diferenciais%20para%20Imobili%C3%A1rias%3A*%0A1.%20*Zero%20Taxa%20de%20Corretagem%3A*%20Somos%20uma%20vitrine%20tecnol%C3%B3gica%20de%20aproxima%C3%A7%C3%A3o.%20O%20comprador%20%C3%A9%20100%25%20seu.%0A2.%20*Leads%20Diretos%3A*%20O%20cliente%20interessado%20clica%20no%20im%C3%B3vel%20e%20fala%20direto%20com%20o%20seu%20corretor%20no%20WhatsApp.%0A3.%20*Cadastro%20%C3%81gil%3A*%20Basta%20colar%20o%20link%20do%20seu%20an%C3%BAncio%20para%20importar%20em%20segundos.%0A%0AConhe%C3%A7a%20nosso%20portal%20oficial%3A%20https%3A%2F%2Fportalesfingeimoveis.com.br%0A%0A%22N%C3%B3s%20n%C3%A3o%20somos%20uma%20imobili%C3%A1ria%20disputando%20o%20seu%20cliente.%20O%20Portal%20Esfinge%20%C3%A9%20a%20vitrine%20tecnol%C3%B3gica%20do%20Paran%C3%A1%20criada%20para%20conectar%20o%20comprador%20diretamente%20ao%20seu%20WhatsApp.%22%0A%0APodemos%20agendar%20uma%20demonstra%C3%A7%C3%A3o%20r%C3%A1pida%20sem%20compromisso%3F"
"Maringa PR";"Imobiliária Herval";"(44) 3226-2626";"https://wa.me/554432262626?text=Ol%C3%A1%2C%20equipe%20da%20Imobili%C3%A1ria%20Herval!%20Tudo%20bem%3F%0A%0AAcompanhamos%20o%20destaque%20de%20voc%C3%AAs%20no%20mercado%20imobili%C3%A1rio%20e%20gostar%C3%ADamos%20de%20convidar%20sua%20imobili%C3%A1ria%20para%20divulgar%20sua%20carteira%20de%20im%C3%B3veis%20no%20*Portal%20Esfinge%20Im%C3%B3veis*.%0A%0A%F0%9F%9B%A1%EF%B8%8F%20*Diferenciais%20para%20Imobili%C3%A1rias%3A*%0A1.%20*Zero%20Taxa%20de%20Corretagem%3A*%20Somos%20uma%20vitrine%20tecnol%C3%B3gica%20de%20aproxima%C3%A7%C3%A3o.%20O%20comprador%20%C3%A9%20100%25%20seu.%0A2.%20*Leads%20Diretos%3A*%20O%20cliente%20interessado%20clica%20no%20im%C3%B3vel%20e%20fala%20direto%20com%20o%20seu%20corretor%20no%20WhatsApp.%0A3.%20*Cadastro%20%C3%81gil%3A*%20Basta%20colar%20o%20link%20do%20seu%20an%C3%BAncio%20para%20importar%20em%20segundos.%0A%0AConhe%C3%A7a%20nosso%20portal%20oficial%3A%20https%3A%2F%2Fportalesfingeimoveis.com.br%0A%0A%22N%C3%B3s%20n%C3%A3o%20somos%20uma%20imobili%C3%A1ria%20disputando%20o%20seu%20cliente.%20O%20Portal%20Esfinge%20%C3%A9%20a%20vitrine%20tecnol%C3%B3gica%20do%20Paran%C3%A1%20criada%20para%20conectar%20o%20comprador%20diretamente%20ao%20seu%20WhatsApp.%22%0A%0APodemos%20agendar%20uma%20demonstra%C3%A7%C3%A3o%20r%C3%A1pida%20sem%20compromisso%3F"
"Maringa PR";"Imobiliária Antenor Imóveis";"(44) 3262-0055";"https://wa.me/554432620055?text=Ol%C3%A1%2C%20equipe%20da%20Imobili%C3%A1ria%20Antenor%20Im%C3%B3veis!%20Tudo%20bem%3F%0A%0AAcompanhamos%20o%20destaque%20de%20voc%C3%AAs%20no%20mercado%20imobili%C3%A1rio%20e%20gostar%C3%ADamos%20de%20convidar%20sua%20imobili%C3%A1ria%20para%20divulgar%20sua%20carteira%20de%20im%C3%B3veis%20no%20*Portal%20Esfinge%20Im%C3%B3veis*.%0A%0A%F0%9F%9B%A1%EF%B8%8F%20*Diferenciais%20para%20Imobili%C3%A1rias%3A*%0A1.%20*Zero%20Taxa%20de%20Corretagem%3A*%20Somos%20uma%20vitrine%20tecnol%C3%B3gica%20de%20aproxima%C3%A7%C3%A3o.%20O%20comprador%20%C3%A9%20100%25%20seu.%0A2.%20*Leads%20Diretos%3A*%20O%20cliente%20interessado%20clica%20no%20im%C3%B3vel%20e%20fala%20direto%20com%20o%20seu%20corretor%20no%20WhatsApp.%0A3.%20*Cadastro%20%C3%81gil%3A*%20Basta%20colar%20o%20link%20do%20seu%20an%C3%BAncio%20para%20importar%20em%20segundos.%0A%0AConhe%C3%A7a%20nosso%20portal%20oficial%3A%20https%3A%2F%2Fportalesfingeimoveis.com.br%0A%0A%22N%C3%B3s%20n%C3%A3o%20somos%20uma%20imobili%C3%A1ria%20disputando%20o%20seu%20cliente.%20O%20Portal%20Esfinge%20%C3%A9%20a%20vitrine%20tecnol%C3%B3gica%20do%20Paran%C3%A1%20criada%20para%20conectar%20o%20comprador%20diretamente%20ao%20seu%20WhatsApp.%22%0A%0APodemos%20agendar%20uma%20demonstra%C3%A7%C3%A3o%20r%C3%A1pida%20sem%20compromisso%3F"
"Maringa PR";"Imobiliária Sandri";"(44) 3224-5632";"https://wa.me/554432245632?text=Ol%C3%A1%2C%20equipe%20da%20Imobili%C3%A1ria%20Sandri!%20Tudo%20bem%3F%0A%0AAcompanhamos%20o%20destaque%20de%20voc%C3%AAs%20no%20mercado%20imobili%C3%A1rio%20e%20gostar%C3%ADamos%20de%20convidar%20sua%20imobili%C3%A1ria%20para%20divulgar%20sua%20carteira%20de%20im%C3%B3veis%20no%20*Portal%20Esfinge%20Im%C3%B3veis*.%0A%0A%F0%9F%9B%A1%EF%B8%8F%20*Diferenciais%20para%20Imobili%C3%A1rias%3A*%0A1.%20*Zero%20Taxa%20de%20Corretagem%3A*%20Somos%20uma%20vitrine%20tecnol%C3%B3gica%20de%20aproxima%C3%A7%C3%A3o.%20O%20comprador%20%C3%A9%20100%25%20seu.%0A2.%20*Leads%20Diretos%3A*%20O%20cliente%20interessado%20clica%20no%20im%C3%B3vel%20e%20fala%20direto%20com%20o%20seu%20corretor%20no%20WhatsApp.%0A3.%20*Cadastro%20%C3%81gil%3A*%20Basta%20colar%20o%20link%20do%20seu%20an%C3%BAncio%20para%20importar%20em%20segundos.%0A%0AConhe%C3%A7a%20nosso%20portal%20oficial%3A%20https%3A%2F%2Fportalesfingeimoveis.com.br%0A%0A%22N%C3%B3s%20n%C3%A3o%20somos%20uma%20imobili%C3%A1ria%20disputando%20o%20seu%20cliente.%20O%20Portal%20Esfinge%20%C3%A9%20a%20vitrine%20tecnol%C3%B3gica%20do%20Paran%C3%A1%20criada%20para%20conectar%20o%20comprador%20diretamente%20ao%20seu%20WhatsApp.%22%0A%0APodemos%20agendar%20uma%20demonstra%C3%A7%C3%A3o%20r%C3%A1pida%20sem%20compromisso%3F"
"Maringa PR";"Imobiliária Nacional Ltda";"(44) 3023-6060";"https://wa.me/554430236060?text=Ol%C3%A1%2C%20equipe%20da%20Imobili%C3%A1ria%20Nacional%20Ltda!%20Tudo%20bem%3F%0A%0AAcompanhamos%20o%20destaque%20de%20voc%C3%AAs%20no%20mercado%20imobili%C3%A1rio%20e%20gostar%C3%ADamos%20de%20convidar%20sua%20imobili%C3%A1ria%20para%20divulgar%20sua%20carteira%20de%20im%C3%B3veis%20no%20*Portal%20Esfinge%20Im%C3%B3veis*.%0A%0A%F0%9F%9B%A1%EF%B8%8F%20*Diferenciais%20para%20Imobili%C3%A1rias%3A*%0A1.%20*Zero%20Taxa%20de%20Corretagem%3A*%20Somos%20uma%20vitrine%20tecnol%C3%B3gica%20de%20aproxima%C3%A7%C3%A3o.%20O%20comprador%20%C3%A9%20100%25%20seu.%0A2.%20*Leads%20Diretos%3A*%20O%20cliente%20interessado%20clica%20no%20im%C3%B3vel%20e%20fala%20direto%20com%20o%20seu%20corretor%20no%20WhatsApp.%0A3.%20*Cadastro%20%C3%81gil%3A*%20Basta%20colar%20o%20link%20do%20seu%20an%C3%BAncio%20para%20importar%20em%20segundos.%0A%0AConhe%C3%A7a%20nosso%20portal%20oficial%3A%20https%3A%2F%2Fportalesfingeimoveis.com.br%0A%0A%22N%C3%B3s%20n%C3%A3o%20somos%20uma%20imobili%C3%A1ria%20disputando%20o%20seu%20cliente.%20O%20Portal%20Esfinge%20%C3%A9%20a%20vitrine%20tecnol%C3%B3gica%20do%20Paran%C3%A1%20criada%20para%20conectar%20o%20comprador%20diretamente%20ao%20seu%20WhatsApp.%22%0A%0APodemos%20agendar%20uma%20demonstra%C3%A7%C3%A3o%20r%C3%A1pida%20sem%20compromisso%3F"
"Maringa PR";"Prado Imóveis - Imobiliária";"(44) 3222-2002";"https://wa.me/554432222002?text=Ol%C3%A1%2C%20equipe%20da%20Prado%20Im%C3%B3veis%20-%20Imobili%C3%A1ria!%20Tudo%20bem%3F%0A%0AAcompanhamos%20o%20destaque%20de%20voc%C3%AAs%20no%20mercado%20imobili%C3%A1rio%20e%20gostar%C3%ADamos%20de%20convidar%20sua%20imobili%C3%A1ria%20para%20divulgar%20sua%20carteira%20de%20im%C3%B3veis%20no%20*Portal%20Esfinge%20Im%C3%B3veis*.%0A%0A%F0%9F%9B%A1%EF%B8%8F%20*Diferenciais%20para%20Imobili%C3%A1rias%3A*%0A1.%20*Zero%20Taxa%20de%20Corretagem%3A*%20Somos%20uma%20vitrine%20tecnol%C3%B3gica%20de%20aproxima%C3%A7%C3%A3o.%20O%20comprador%20%C3%A9%20100%25%20seu.%0A2.%20*Leads%20Diretos%3A*%20O%20cliente%20interessado%20clica%20no%20im%C3%B3vel%20e%20fala%20direto%20com%20o%20seu%20corretor%20no%20WhatsApp.%0A3.%20*Cadastro%20%C3%81gil%3A*%20Basta%20colar%20o%20link%20do%20seu%20an%C3%BAncio%20para%20importar%20em%20segundos.%0A%0AConhe%C3%A7a%20nosso%20portal%20oficial%3A%20https%3A%2F%2Fportalesfingeimoveis.com.br%0A%0A%22N%C3%B3s%20n%C3%A3o%20somos%20uma%20imobili%C3%A1ria%20disputando%20o%20seu%20cliente.%20O%20Portal%20Esfinge%20%C3%A9%20a%20vitrine%20tecnol%C3%B3gica%20do%20Paran%C3%A1%20criada%20para%20conectar%20o%20comprador%20diretamente%20ao%20seu%20WhatsApp.%22%0A%0APodemos%20agendar%20uma%20demonstra%C3%A7%C3%A3o%20r%C3%A1pida%20sem%20compromisso%3F"
"Maringa PR";"Pedro Granado Imóveis - Loja Conceito";"(44) 3028-8866";"https://wa.me/554430288866?text=Ol%C3%A1%2C%20equipe%20da%20Pedro%20Granado%20Im%C3%B3veis%20-%20Loja%20Conceito!%20Tudo%20bem%3F%0A%0AAcompanhamos%20o%20destaque%20de%20voc%C3%AAs%20no%20mercado%20imobili%C3%A1rio%20e%20gostar%C3%ADamos%20de%20convidar%20sua%20imobili%C3%A1ria%20para%20divulgar%20sua%20carteira%20de%20im%C3%B3veis%20no%20*Portal%20Esfinge%20Im%C3%B3veis*.%0A%0A%F0%9F%9B%A1%EF%B8%8F%20*Diferenciais%20para%20Imobili%C3%A1rias%3A*%0A1.%20*Zero%20Taxa%20de%20Corretagem%3A*%20Somos%20uma%20vitrine%20tecnol%C3%B3gica%20de%20aproxima%C3%A7%C3%A3o.%20O%20comprador%20%C3%A9%20100%25%20seu.%0A2.%20*Leads%20Diretos%3A*%20O%20cliente%20interessado%20clica%20no%20im%C3%B3vel%20e%20fala%20direto%20com%20o%20seu%20corretor%20no%20WhatsApp.%0A3.%20*Cadastro%20%C3%81gil%3A*%20Basta%20colar%20o%20link%20do%20seu%20an%C3%BAncio%20para%20importar%20em%20segundos.%0A%0AConhe%C3%A7a%20nosso%20portal%20oficial%3A%20https%3A%2F%2Fportalesfingeimoveis.com.br%0A%0A%22N%C3%B3s%20n%C3%A3o%20somos%20uma%20imobili%C3%A1ria%20disputando%20o%20seu%20cliente.%20O%20Portal%20Esfinge%20%C3%A9%20a%20vitrine%20tecnol%C3%B3gica%20do%20Paran%C3%A1%20criada%20para%20conectar%20o%20comprador%20diretamente%20ao%20seu%20WhatsApp.%22%0A%0APodemos%20agendar%20uma%20demonstra%C3%A7%C3%A3o%20r%C3%A1pida%20sem%20compromisso%3F"
"Maringa PR";"Imobiliária Donizeti";"(44) 3025-6909";"https://wa.me/554430256909?text=Ol%C3%A1%2C%20equipe%20da%20Imobili%C3%A1ria%20Donizeti!%20Tudo%20bem%3F%0A%0AAcompanhamos%20o%20destaque%20de%20voc%C3%AAs%20no%20mercado%20imobili%C3%A1rio%20e%20gostar%C3%ADamos%20de%20convidar%20sua%20imobili%C3%A1ria%20para%20divulgar%20sua%20carteira%20de%20im%C3%B3veis%20no%20*Portal%20Esfinge%20Im%C3%B3veis*.%0A%0A%F0%9F%9B%A1%EF%B8%8F%20*Diferenciais%20para%20Imobili%C3%A1rias%3A*%0A1.%20*Zero%20Taxa%20de%20Corretagem%3A*%20Somos%20uma%20vitrine%20tecnol%C3%B3gica%20de%20aproxima%C3%A7%C3%A3o.%20O%20comprador%20%C3%A9%20100%25%20seu.%0A2.%20*Leads%20Diretos%3A*%20O%20cliente%20interessado%20clica%20no%20im%C3%B3vel%20e%20fala%20direto%20com%20o%20seu%20corretor%20no%20WhatsApp.%0A3.%20*Cadastro%20%C3%81gil%3A*%20Basta%20colar%20o%20link%20do%20seu%20an%C3%BAncio%20para%20importar%20em%20segundos.%0A%0AConhe%C3%A7a%20nosso%20portal%20oficial%3A%20https%3A%2F%2Fportalesfingeimoveis.com.br%0A%0A%22N%C3%B3s%20n%C3%A3o%20somos%20uma%20imobili%C3%A1ria%20disputando%20o%20seu%20cliente.%20O%20Portal%20Esfinge%20%C3%A9%20a%20vitrine%20tecnol%C3%B3gica%20do%20Paran%C3%A1%20criada%20para%20conectar%20o%20comprador%20diretamente%20ao%20seu%20WhatsApp.%22%0A%0APodemos%20agendar%20uma%20demonstra%C3%A7%C3%A3o%20r%C3%A1pida%20sem%20compromisso%3F"
"Maringa PR";"Cattedrale Imóveis";"(44) 99167-0130";"https://wa.me/5544991670130?text=Ol%C3%A1%2C%20equipe%20da%20Cattedrale%20Im%C3%B3veis!%20Tudo%20bem%3F%0A%0AAcompanhamos%20o%20destaque%20de%20voc%C3%AAs%20no%20mercado%20imobili%C3%A1rio%20e%20gostar%C3%ADamos%20de%20convidar%20sua%20imobili%C3%A1ria%20para%20divulgar%20sua%20carteira%20de%20im%C3%B3veis%20no%20*Portal%20Esfinge%20Im%C3%B3veis*.%0A%0A%F0%9F%9B%A1%EF%B8%8F%20*Diferenciais%20para%20Imobili%C3%A1rias%3A*%0A1.%20*Zero%20Taxa%20de%20Corretagem%3A*%20Somos%20uma%20vitrine%20tecnol%C3%B3gica%20de%20aproxima%C3%A7%C3%A3o.%20O%20comprador%20%C3%A9%20100%25%20seu.%0A2.%20*Leads%20Diretos%3A*%20O%20cliente%20interessado%20clica%20no%20im%C3%B3vel%20e%20fala%20direto%20com%20o%20seu%20corretor%20no%20WhatsApp.%0A3.%20*Cadastro%20%C3%81gil%3A*%20Basta%20colar%20o%20link%20do%20seu%20an%C3%BAncio%20para%20importar%20em%20segundos.%0A%0AConhe%C3%A7a%20nosso%20portal%20oficial%3A%20https%3A%2F%2Fportalesfingeimoveis.com.br%0A%0A%22N%C3%B3s%20n%C3%A3o%20somos%20uma%20imobili%C3%A1ria%20disputando%20o%20seu%20cliente.%20O%20Portal%20Esfinge%20%C3%A9%20a%20vitrine%20tecnol%C3%B3gica%20do%20Paran%C3%A1%20criada%20para%20conectar%20o%20comprador%20diretamente%20ao%20seu%20WhatsApp.%22%0A%0APodemos%20agendar%20uma%20demonstra%C3%A7%C3%A3o%20r%C3%A1pida%20sem%20compromisso%3F"